mjd,date,flag,ut1_minus_utc_s,ut1_minus_utc_error_s
41684,1973-01-02,I,0.8084178,0.0002710
41685,1973-01-03,I,0.8056163,0.0002710
41686,1973-01-04,I,0.8027895,0.0002710
41687,1973-01-05,I,0.7998729,0.0002710
41688,1973-01-06,I,0.7968144,0.0002710
41689,1973-01-07,I,0.7935822,0.0002710
41690,1973-01-08,I,0.7901710,0.0002710
41691,1973-01-09,I,0.7866053,0.0002710
41692,1973-01-10,I,0.7829389,0.0002710
41693,1973-01-11,I,0.7792487,0.0003439
41694,1973-01-12,I,0.7756218,0.0003895
41695,1973-01-13,I,0.7721359,0.0003986
41696,1973-01-14,I,0.7688378,0.0003986
41697,1973-01-15,I,0.7657235,0.0003986
41698,1973-01-16,I,0.7627325,0.0003986
41699,1973-01-17,I,0.7597608,0.0004261
41700,1973-01-18,I,0.7566931,0.0004579
41701,1973-01-19,I,0.7534441,0.0004814
41702,1973-01-20,I,0.7499880,0.0004814
41703,1973-01-21,I,0.7463651,0.0004814
41704,1973-01-22,I,0.7426621,0.0004814
41705,1973-01-23,I,0.7389789,0.0002710
41706,1973-01-24,I,0.7353998,0.0002710
41707,1973-01-25,I,0.7319778,0.0002710
41708,1973-01-26,I,0.7287348,0.0002710
41709,1973-01-27,I,0.7256670,0.0002710
41710,1973-01-28,I,0.7227502,0.0002710
41711,1973-01-29,I,0.7199427,0.0002710
41712,1973-01-30,I,0.7171871,0.0002710
41713,1973-01-31,I,0.7144166,0.0002710
41714,1973-02-01,I,0.7115628,0.0002710
41715,1973-02-02,I,0.7085656,0.0002710
41716,1973-02-03,I,0.7053831,0.0002710
41717,1973-02-04,I,0.7020005,0.0002710
41718,1973-02-05,I,0.6984370,0.0002710
41719,1973-02-06,I,0.6947473,0.0002710
41720,1973-02-07,I,0.6910149,0.0002710
41721,1973-02-08,I,0.6873348,0.0002710
41722,1973-02-09,I,0.6837911,0.0002710
41723,1973-02-10,I,0.6804349,0.0002710
41724,1973-02-11,I,0.6772686,0.0002710
41725,1973-02-12,I,0.6742427,0.0002710
41726,1973-02-13,I,0.6712667,0.0003693
41727,1973-02-14,I,0.6682328,0.0003693
41728,1973-02-15,I,0.6650466,0.0003693
41729,1973-02-16,I,0.6616571,0.0003693
41730,1973-02-17,I,0.6580719,0.0003693
41731,1973-02-18,I,0.6543535,0.0003693
41732,1973-02-19,I,0.6505970,0.0002710
41733,1973-02-20,I,0.6468995,0.0002710
41734,1973-02-21,I,0.6433358,0.0002710
41735,1973-02-22,I,0.6399465,0.0002710
41736,1973-02-23,I,0.6367394,0.0002710
41737,1973-02-24,I,0.6336961,0.0002710
41738,1973-02-25,I,0.6307782,0.0002710
41739,1973-02-26,I,0.6279321,0.0002710
41740,1973-02-27,I,0.6250933,0.0002710
41741,1973-02-28,I,0.6221928,0.0002710
41742,1973-03-01,I,0.6191649,0.0002710
41743,1973-03-02,I,0.6159565,0.0002710
41744,1973-03-03,I,0.6125364,0.0002710
41745,1973-03-04,I,0.6089055,0.0002710
41746,1973-03-05,I,0.6051039,0.0002710
41747,1973-03-06,I,0.6012100,0.0002710
41748,1973-03-07,I,0.5973269,0.0002710
41749,1973-03-08,I,0.5935565,0.0002710
41750,1973-03-09,I,0.5899692,0.0002710
41751,1973-03-10,I,0.5865821,0.0002710
41752,1973-03-11,I,0.5833541,0.0002710
41753,1973-03-12,I,0.5801992,0.0009126
41754,1973-03-13,I,0.5770120,0.0009126
41755,1973-03-14,I,0.5736970,0.0009126
41756,1973-03-15,I,0.5701931,0.0009126
41757,1973-03-16,I,0.5664886,0.0009126
41758,1973-03-17,I,0.5626220,0.0009126
41759,1973-03-18,I,0.5586697,0.0002710
41760,1973-03-19,I,0.5547245,0.0002710
41761,1973-03-20,I,0.5508716,0.0002710
41762,1973-03-21,I,0.5471712,0.0002710
41763,1973-03-22,I,0.5436500,0.0002710
41764,1973-03-23,I,0.5403039,0.0002710
41765,1973-03-24,I,0.5371033,0.0002710
41766,1973-03-25,I,0.5340013,0.0002710
41767,1973-03-26,I,0.5309397,0.0009499
41768,1973-03-27,I,0.5278547,0.0009499
41769,1973-03-28,I,0.5246836,0.0009499
41770,1973-03-29,I,0.5213715,0.0009499
41771,1973-03-30,I,0.5178783,0.0009499
41772,1973-03-31,I,0.5141868,0.0009499
41773,1973-04-01,I,0.5103137,0.0002710
41774,1973-04-02,I,0.5063163,0.0002710
41775,1973-04-03,I,0.5022885,0.0002710
41776,1973-04-04,I,0.4983412,0.0002710
41777,1973-04-05,I,0.4945702,0.0002710
41778,1973-04-06,I,0.4910225,0.0002710
41779,1973-04-07,I,0.4876799,0.0002710
41780,1973-04-08,I,0.4844647,0.0000063
41781,1973-04-09,I,0.4812696,0.0000370
41782,1973-04-10,I,0.4779933,0.0000370
41783,1973-04-11,I,0.4745689,0.0000370
41784,1973-04-12,I,0.4709778,0.0000370
41785,1973-04-13,I,0.4672468,0.0000370
41786,1973-04-14,I,0.4634359,0.0000519
41787,1973-04-15,I,0.4596221,0.0002710
41788,1973-04-16,I,0.4558821,0.0002710
41789,1973-04-17,I,0.4522776,0.0002710
41790,1973-04-18,I,0.4488449,0.0003700
41791,1973-04-19,I,0.4455907,0.0003700
41792,1973-04-20,I,0.4424939,0.0002801
41793,1973-04-21,I,0.4395122,0.0004449
41794,1973-04-22,I,0.4365897,0.0004801
41795,1973-04-23,I,0.4336648,0.0004298
41796,1973-04-24,I,0.4306768,0.0004434
41797,1973-04-25,I,0.4275726,0.0004434
41798,1973-04-26,I,0.4243110,0.0005055
41799,1973-04-27,I,0.4208678,0.0004060
41800,1973-04-28,I,0.4172431,0.0000402
41801,1973-04-29,I,0.4134697,0.0002710
41802,1973-04-30,I,0.4096171,0.0002710
41803,1973-05-01,I,0.4057844,0.0002710
41804,1973-05-02,I,0.4020762,0.0002710
41805,1973-05-03,I,0.3985685,0.0002710
41806,1973-05-04,I,0.3952777,0.0002710
41807,1973-05-05,I,0.3921511,0.0002710
41808,1973-05-06,I,0.3890860,0.0002710
41809,1973-05-07,I,0.3859701,0.0002710
41810,1973-05-08,I,0.3827218,0.0002710
41811,1973-05-09,I,0.3793140,0.0000870
41812,1973-05-10,I,0.3757735,0.0000870
41813,1973-05-11,I,0.3721634,0.0000870
41814,1973-05-12,I,0.3685599,0.0000870
41815,1973-05-13,I,0.3650348,0.0000870
41816,1973-05-14,I,0.3616450,0.0000870
41817,1973-05-15,I,0.3584266,0.0002710
41818,1973-05-16,I,0.3553922,0.0002395
41819,1973-05-17,I,0.3525297,0.0002395
41820,1973-05-18,I,0.3498042,0.0002395
41821,1973-05-19,I,0.3471638,0.0002395
41822,1973-05-20,I,0.3445481,0.0002395
41823,1973-05-21,I,0.3418967,0.0002395
41824,1973-05-22,I,0.3391570,0.0002710
41825,1973-05-23,I,0.3362893,0.0002710
41826,1973-05-24,I,0.3332699,0.0002710
41827,1973-05-25,I,0.3300944,0.0002710
41828,1973-05-26,I,0.3267817,0.0002710
41829,1973-05-27,I,0.3233789,0.0002710
41830,1973-05-28,I,0.3199611,0.0002710
41831,1973-05-29,I,0.3166201,0.0002710
41832,1973-05-30,I,0.3134398,0.0002710
41833,1973-05-31,I,0.3104640,0.0002710
41834,1973-06-01,I,0.3076727,0.0002710
41835,1973-06-02,I,0.3049837,0.0002710
41836,1973-06-03,I,0.3022809,0.0002710
41837,1973-06-04,I,0.2994605,0.0002710
41838,1973-06-05,I,0.2964705,0.0002710
41839,1973-06-06,I,0.2933252,0.0002710
41840,1973-06-07,I,0.2900913,0.0004509
41841,1973-06-08,I,0.2868582,0.0004509
41842,1973-06-09,I,0.2837086,0.0004509
41843,1973-06-10,I,0.2807024,0.0004509
41844,1973-06-11,I,0.2778733,0.0004509
41845,1973-06-12,I,0.2752317,0.0004509
41846,1973-06-13,I,0.2727668,0.0002710
41847,1973-06-14,I,0.2704483,0.0002710
41848,1973-06-15,I,0.2682287,0.0005702
41849,1973-06-16,I,0.2660491,0.0005702
41850,1973-06-17,I,0.2638477,0.0005702
41851,1973-06-18,I,0.2615698,0.0005702
41852,1973-06-19,I,0.2591741,0.0005702
41853,1973-06-20,I,0.2566369,0.0005702
41854,1973-06-21,I,0.2539551,0.0002710
41855,1973-06-22,I,0.2511461,0.0002710
41856,1973-06-23,I,0.2482491,0.0002321
41857,1973-06-24,I,0.2453232,0.0003459
41858,1973-06-25,I,0.2424429,0.0003459
41859,1973-06-26,I,0.2396828,0.0003459
41860,1973-06-27,I,0.2370944,0.0003459
41861,1973-06-28,I,0.2346823,0.0003459
41862,1973-06-29,I,0.2323922,0.0004307
41863,1973-06-30,I,0.2301216,0.0002710
41864,1973-07-01,I,0.2277557,0.0002710
41865,1973-07-02,I,0.2252119,0.0002710
41866,1973-07-03,I,0.2224729,0.0002710
41867,1973-07-04,I,0.2195902,0.0002710
41868,1973-07-05,I,0.2166607,0.0002710
41869,1973-07-06,I,0.2137885,0.0002710
41870,1973-07-07,I,0.2110549,0.0002710
41871,1973-07-08,I,0.2085047,0.0002710
41872,1973-07-09,I,0.2061493,0.0002710
41873,1973-07-10,I,0.2039750,0.0002710
41874,1973-07-11,I,0.2019501,0.0002710
41875,1973-07-12,I,0.2000285,0.0002710
41876,1973-07-13,I,0.1981521,0.0002710
41877,1973-07-14,I,0.1962575,0.0002710
41878,1973-07-15,I,0.1942844,0.0002710
41879,1973-07-16,I,0.1921851,0.0002710
41880,1973-07-17,I,0.1899311,0.0002710
41881,1973-07-18,I,0.1875170,0.0002710
41882,1973-07-19,I,0.1849610,0.0002710
41883,1973-07-20,I,0.1823037,0.0002710
41884,1973-07-21,I,0.1796035,0.0002710
41885,1973-07-22,I,0.1769293,0.0002710
41886,1973-07-23,I,0.1743483,0.0002710
41887,1973-07-24,I,0.1719096,0.0002710
41888,1973-07-25,I,0.1696270,0.0002710
41889,1973-07-26,I,0.1674656,0.0002710
41890,1973-07-27,I,0.1653434,0.0002710
41891,1973-07-28,I,0.1631514,0.0002710
41892,1973-07-29,I,0.1607898,0.0002710
41893,1973-07-30,I,0.1582066,0.0002710
41894,1973-07-31,I,0.1554181,0.0002710
41895,1973-08-01,I,0.1525044,0.0002710
41896,1973-08-02,I,0.1495778,0.0002710
41897,1973-08-03,I,0.1467448,0.0002710
41898,1973-08-04,I,0.1440777,0.0002710
41899,1973-08-05,I,0.1416050,0.0002710
41900,1973-08-06,I,0.1393192,0.0002710
41901,1973-08-07,I,0.1371881,0.0002710
41902,1973-08-08,I,0.1351648,0.0002710
41903,1973-08-09,I,0.1331923,0.0002710
41904,1973-08-10,I,0.1312073,0.0002710
41905,1973-08-11,I,0.1291470,0.0000927
41906,1973-08-12,I,0.1269571,0.0002206
41907,1973-08-13,I,0.1246002,0.0002206
41908,1973-08-14,I,0.1220622,0.0002482
41909,1973-08-15,I,0.1193548,0.0002482
41910,1973-08-16,I,0.1165163,0.0002183
41911,1973-08-17,I,0.1136071,0.0002464
41912,1973-08-18,I,0.1107006,0.0002161
41913,1973-08-19,I,0.1078680,0.0002161
41914,1973-08-20,I,0.1051613,0.0010326
41915,1973-08-21,I,0.1025971,0.0009113
41916,1973-08-22,I,0.1001482,0.0011148
41917,1973-08-23,I,0.0977447,0.0011148
41918,1973-08-24,I,0.0952896,0.0011148
41919,1973-08-25,I,0.0926851,0.0011148
41920,1973-08-26,I,0.0898626,0.0005990
41921,1973-08-27,I,0.0868080,0.0002710
41922,1973-08-28,I,0.0835702,0.0002710
41923,1973-08-29,I,0.0802474,0.0002710
41924,1973-08-30,I,0.0769554,0.0002710
41925,1973-08-31,I,0.0737935,0.0002710
41926,1973-09-01,I,0.0708212,0.0002710
41927,1973-09-02,I,0.0680534,0.0006676
41928,1973-09-03,I,0.0654699,0.0006676
41929,1973-09-04,I,0.0630280,0.0005035
41930,1973-09-05,I,0.0606731,0.0005035
41931,1973-09-06,I,0.0583445,0.0008448
41932,1973-09-07,I,0.0559804,0.0007750
41933,1973-09-08,I,0.0535242,0.0008076
41934,1973-09-09,I,0.0509322,0.0008076
41935,1973-09-10,I,0.0481788,0.0009735
41936,1973-09-11,I,0.0452619,0.0009735
41937,1973-09-12,I,0.0422068,0.0005113
41938,1973-09-13,I,0.0390659,0.0002710
41939,1973-09-14,I,0.0359132,0.0004237
41940,1973-09-15,I,0.0328289,0.0006062
41941,1973-09-16,I,0.0298786,0.0006062
41942,1973-09-17,I,0.0270925,0.0006062
41943,1973-09-18,I,0.0244530,0.0006062
41944,1973-09-19,I,0.0218975,0.0006062
41945,1973-09-20,I,0.0193345,0.0007452
41946,1973-09-21,I,0.0166675,0.0002710
41947,1973-09-22,I,0.0138216,0.0002710
41948,1973-09-23,I,0.0107642,0.0002710
41949,1973-09-24,I,0.0075152,0.0002710
41950,1973-09-25,I,0.0041426,0.0002710
41951,1973-09-26,I,0.0007438,0.0002710
41952,1973-09-27,I,-0.0025816,0.0002710
41953,1973-09-28,I,-0.0057578,0.0002710
41954,1973-09-29,I,-0.0087481,0.0002710
41955,1973-09-30,I,-0.0115567,0.0002710
41956,1973-10-01,I,-0.0142187,0.0002710
41957,1973-10-02,I,-0.0167878,0.0002710
41958,1973-10-03,I,-0.0193259,0.0002710
41959,1973-10-04,I,-0.0218957,0.0002710
41960,1973-10-05,I,-0.0245553,0.0002710
41961,1973-10-06,I,-0.0273522,0.0002710
41962,1973-10-07,I,-0.0303185,0.0002710
41963,1973-10-08,I,-0.0334655,0.0002710
41964,1973-10-09,I,-0.0367801,0.0002710
41965,1973-10-10,I,-0.0402230,0.0002710
41966,1973-10-11,I,-0.0437289,0.0005367
41967,1973-10-12,I,-0.0472151,0.0005367
41968,1973-10-13,I,-0.0506007,0.0003817
41969,1973-10-14,I,-0.0538311,0.0003817
41970,1973-10-15,I,-0.0568993,0.0004931
41971,1973-10-16,I,-0.0598522,0.0005235
41972,1973-10-17,I,-0.0627770,0.0005078
41973,1973-10-18,I,-0.0657721,0.0005916
41974,1973-10-19,I,-0.0689162,0.0006471
41975,1973-10-20,I,-0.0722474,0.0006471
41976,1973-10-21,I,-0.0757549,0.0006433
41977,1973-10-22,I,-0.0793851,0.0006554
41978,1973-10-23,I,-0.0830574,0.0007299
41979,1973-10-24,I,-0.0866852,0.0005887
41980,1973-10-25,I,-0.0901937,0.0002710
41981,1973-10-26,I,-0.0935357,0.0002710
41982,1973-10-27,I,-0.0966987,0.0002710
41983,1973-10-28,I,-0.0997029,0.0002710
41984,1973-10-29,I,-0.1025932,0.0002710
41985,1973-10-30,I,-0.1054279,0.0002710
41986,1973-10-31,I,-0.1082691,0.0002710
41987,1973-11-01,I,-0.1111747,0.0002710
41988,1973-11-02,I,-0.1141927,0.0002710
41989,1973-11-03,I,-0.1173573,0.0002710
41990,1973-11-04,I,-0.1206852,0.0005143
41991,1973-11-05,I,-0.1241736,0.0004293
41992,1973-11-06,I,-0.1277982,0.0004293
41993,1973-11-07,I,-0.1315113,0.0006403
41994,1973-11-08,I,-0.1352436,0.0006403
41995,1973-11-09,I,-0.1389145,0.0006403
41996,1973-11-10,I,-0.1424540,0.0005883
41997,1973-11-11,I,-0.1458272,0.0007344
41998,1973-11-12,I,-0.1490537,0.0007344
41999,1973-11-13,I,-0.1522051,0.0006057
42000,1973-11-14,I,-0.1553812,0.0006057
42001,1973-11-15,I,-0.1586718,0.0006057
42002,1973-11-16,I,-0.1621245,0.0007168
42003,1973-11-17,I,-0.1657309,0.0005864
42004,1973-11-18,I,-0.1694358,0.0005864
42005,1973-11-19,I,-0.1731585,0.0002710
42006,1973-11-20,I,-0.1768161,0.0002710
42007,1973-11-21,I,-0.1803414,0.0002710
42008,1973-11-22,I,-0.1836911,0.0002710
42009,1973-11-23,I,-0.1868497,0.0002710
42010,1973-11-24,I,-0.1898289,0.0002710
42011,1973-11-25,I,-0.1926643,0.0002710
42012,1973-11-26,I,-0.1954080,0.0002710
42013,1973-11-27,I,-0.1981199,0.0002710
42014,1973-11-28,I,-0.2008582,0.0002710
42015,1973-11-29,I,-0.2036719,0.0002710
42016,1973-11-30,I,-0.2065957,0.0002710
42017,1973-12-01,I,-0.2096471,0.0002710
42018,1973-12-02,I,-0.2128261,0.0002710
42019,1973-12-03,I,-0.2161153,0.0005511
42020,1973-12-04,I,-0.2194796,0.0005511
42021,1973-12-05,I,-0.2228670,0.0004805
42022,1973-12-06,I,-0.2262122,0.0004739
42023,1973-12-07,I,-0.2294497,0.0004739
42024,1973-12-08,I,-0.2325339,0.0006623
42025,1973-12-09,I,-0.2354623,0.0007348
42026,1973-12-10,I,-0.2382872,0.0007348
42027,1973-12-11,I,-0.2411036,0.0008460
42028,1973-12-12,I,-0.2440146,0.0013128
42029,1973-12-13,I,-0.2470908,0.0012528
42030,1973-12-14,I,-0.2503419,0.0008456
42031,1973-12-15,I,-0.2537141,0.0008456
42032,1973-12-16,I,-0.2571138,0.0008456
42033,1973-12-17,I,-0.2604418,0.0008456
42034,1973-12-18,I,-0.2636212,0.0008456
42035,1973-12-19,I,-0.2666082,0.0001206
42036,1973-12-20,I,-0.2693916,0.0002710
42037,1973-12-21,I,-0.2719860,0.0002710
42038,1973-12-22,I,-0.2744256,0.0002710
42039,1973-12-23,I,-0.2767591,0.0002710
42040,1973-12-24,I,-0.2790441,0.0002710
42041,1973-12-25,I,-0.2813401,0.0002710
42042,1973-12-26,I,-0.2836993,0.0002710
42043,1973-12-27,I,-0.2861602,0.0002710
42044,1973-12-28,I,-0.2887427,0.0002710
42045,1973-12-29,I,-0.2914476,0.0002710
42046,1973-12-30,I,-0.2942581,0.0002710
42047,1973-12-31,I,-0.2971424,0.0002710
42048,1974-01-01,I,0.6999438,0.0002710
42049,1974-01-02,I,0.6970539,0.0002710
42050,1974-01-03,I,0.6942436,0.0002710
42051,1974-01-04,I,0.6915576,0.0002710
42052,1974-01-05,I,0.6890115,0.0002710
42053,1974-01-06,I,0.6865758,0.0002710
42054,1974-01-07,I,0.6841739,0.0002710
42055,1974-01-08,I,0.6817011,0.0002710
42056,1974-01-09,I,0.6790627,0.0002710
42057,1974-01-10,I,0.6762134,0.0002710
42058,1974-01-11,I,0.6731788,0.0002710
42059,1974-01-12,I,0.6700467,0.0002710
42060,1974-01-13,I,0.6669336,0.0002710
42061,1974-01-14,I,0.6639450,0.0002710
42062,1974-01-15,I,0.6611472,0.0002710
42063,1974-01-16,I,0.6585612,0.0002710
42064,1974-01-17,I,0.6561715,0.0002710
42065,1974-01-18,I,0.6539399,0.0002710
42066,1974-01-19,I,0.6518159,0.0002710
42067,1974-01-20,I,0.6497421,0.0002710
42068,1974-01-21,I,0.6476585,0.0002710
42069,1974-01-22,I,0.6455090,0.0002710
42070,1974-01-23,I,0.6432493,0.0002710
42071,1974-01-24,I,0.6408530,0.0002710
42072,1974-01-25,I,0.6383150,0.0002710
42073,1974-01-26,I,0.6356505,0.0002710
42074,1974-01-27,I,0.6328924,0.0002710
42075,1974-01-28,I,0.6300862,0.0002710
42076,1974-01-29,I,0.6272847,0.0002710
42077,1974-01-30,I,0.6245402,0.0002710
42078,1974-01-31,I,0.6218946,0.0002104
42079,1974-02-01,I,0.6193665,0.0002104
42080,1974-02-02,I,0.6169393,0.0002104
42081,1974-02-03,I,0.6145544,0.0002104
42082,1974-02-04,I,0.6121192,0.0002104
42083,1974-02-05,I,0.6095322,0.0002104
42084,1974-02-06,I,0.6067194,0.0002710
42085,1974-02-07,I,0.6036662,0.0001457
42086,1974-02-08,I,0.6004295,0.0001457
42087,1974-02-09,I,0.5971202,0.0001457
42088,1974-02-10,I,0.5938641,0.0001457
42089,1974-02-11,I,0.5907626,0.0001091
42090,1974-02-12,I,0.5878679,0.0001091
42091,1974-02-13,I,0.5851819,0.0000506
42092,1974-02-14,I,0.5826700,0.0000506
42093,1974-02-15,I,0.5802797,0.0000506
42094,1974-02-16,I,0.5779513,0.0000506
42095,1974-02-17,I,0.5756244,0.0002710
42096,1974-02-18,I,0.5732413,0.0002710
42097,1974-02-19,I,0.5707527,0.0002710
42098,1974-02-20,I,0.5681244,0.0002710
42099,1974-02-21,I,0.5653429,0.0002710
42100,1974-02-22,I,0.5624169,0.0002710
42101,1974-02-23,I,0.5593762,0.0002710
42102,1974-02-24,I,0.5562673,0.0002710
42103,1974-02-25,I,0.5531474,0.0002710
42104,1974-02-26,I,0.5500745,0.0002710
42105,1974-02-27,I,0.5470965,0.0002710
42106,1974-02-28,I,0.5442380,0.0002710
42107,1974-03-01,I,0.5414901,0.0002710
42108,1974-03-02,I,0.5388066,0.0002710
42109,1974-03-03,I,0.5361088,0.0002710
42110,1974-03-04,I,0.5333018,0.0002710
42111,1974-03-05,I,0.5303016,0.0002710
42112,1974-03-06,I,0.5270642,0.0002710
42113,1974-03-07,I,0.5236066,0.0002710
42114,1974-03-08,I,0.5200074,0.0002710
42115,1974-03-09,I,0.5163838,0.0002710
42116,1974-03-10,I,0.5128546,0.0002710
42117,1974-03-11,I,0.5095052,0.0002710
42118,1974-03-12,I,0.5063690,0.0002710
42119,1974-03-13,I,0.5034312,0.0002710
42120,1974-03-14,I,0.5006447,0.0002710
42121,1974-03-15,I,0.4979486,0.0002710
42122,1974-03-16,I,0.4952804,0.0002710
42123,1974-03-17,I,0.4925811,0.0002710
42124,1974-03-18,I,0.4897991,0.0002710
42125,1974-03-19,I,0.4868946,0.0002710
42126,1974-03-20,I,0.4838452,0.0002710
42127,1974-03-21,I,0.4806495,0.0002710
42128,1974-03-22,I,0.4773279,0.0002710
42129,1974-03-23,I,0.4739205,0.0002710
42130,1974-03-24,I,0.4704827,0.0002710
42131,1974-03-25,I,0.4670769,0.0002710
42132,1974-03-26,I,0.4637605,0.0002710
42133,1974-03-27,I,0.4605702,0.0002710
42134,1974-03-28,I,0.4575087,0.0002710
42135,1974-03-29,I,0.4545396,0.0002710
42136,1974-03-30,I,0.4515928,0.0002710
42137,1974-03-31,I,0.4485812,0.0002710
42138,1974-04-01,I,0.4454233,0.0002710
42139,1974-04-02,I,0.4420667,0.0002710
42140,1974-04-03,I,0.4385054,0.0002710
42141,1974-04-04,I,0.4347858,0.0002710
42142,1974-04-05,I,0.4309973,0.0002710
42143,1974-04-06,I,0.4272484,0.0002710
42144,1974-04-07,I,0.4236357,0.0002710
42145,1974-04-08,I,0.4202190,0.0002710
42146,1974-04-09,I,0.4170100,0.0002710
42147,1974-04-10,I,0.4139793,0.0002710
42148,1974-04-11,I,0.4110721,0.0002710
42149,1974-04-12,I,0.4082249,0.0002710
42150,1974-04-13,I,0.4053770,0.0002710
42151,1974-04-14,I,0.4024755,0.0002710
42152,1974-04-15,I,0.3994786,0.0002710
42153,1974-04-16,I,0.3963591,0.0002710
42154,1974-04-17,I,0.3931082,0.0002710
42155,1974-04-18,I,0.3897363,0.0002710
42156,1974-04-19,I,0.3862732,0.0002710
42157,1974-04-20,I,0.3827656,0.0002710
42158,1974-04-21,I,0.3792718,0.0002710
42159,1974-04-22,I,0.3758526,0.0002710
42160,1974-04-23,I,0.3725566,0.0002710
42161,1974-04-24,I,0.3694030,0.0002710
42162,1974-04-25,I,0.3663697,0.0002710
42163,1974-04-26,I,0.3633949,0.0002710
42164,1974-04-27,I,0.3603935,0.0002710
42165,1974-04-28,I,0.3572837,0.0002710
42166,1974-04-29,I,0.3540118,0.0002710
42167,1974-04-30,I,0.3505675,0.0002710
42168,1974-05-01,I,0.3469865,0.0000881
42169,1974-05-02,I,0.3433401,0.0000881
42170,1974-05-03,I,0.3397183,0.0000881
42171,1974-05-04,I,0.3362085,0.0000881
42172,1974-05-05,I,0.3328749,0.0000881
42173,1974-05-06,I,0.3297456,0.0000881
42174,1974-05-07,I,0.3268099,0.0002710
42175,1974-05-08,I,0.3240255,0.0002710
42176,1974-05-09,I,0.3213335,0.0002710
42177,1974-05-10,I,0.3186717,0.0002710
42178,1974-05-11,I,0.3159848,0.0002710
42179,1974-05-12,I,0.3132294,0.0002710
42180,1974-05-13,I,0.3103768,0.0002710
42181,1974-05-14,I,0.3074146,0.0002710
42182,1974-05-15,I,0.3043480,0.0002710
42183,1974-05-16,I,0.3011990,0.0002710
42184,1974-05-17,I,0.2980043,0.0002710
42185,1974-05-18,I,0.2948130,0.0002710
42186,1974-05-19,I,0.2916807,0.0002710
42187,1974-05-20,I,0.2886593,0.0002710
42188,1974-05-21,I,0.2857812,0.0002710
42189,1974-05-22,I,0.2830427,0.0002710
42190,1974-05-23,I,0.2803960,0.0002710
42191,1974-05-24,I,0.2777595,0.0002710
42192,1974-05-25,I,0.2750436,0.0002710
42193,1974-05-26,I,0.2721837,0.0002710
42194,1974-05-27,I,0.2691634,0.0002710
42195,1974-05-28,I,0.2660190,0.0002710
42196,1974-05-29,I,0.2628251,0.0002710
42197,1974-05-30,I,0.2596711,0.0002710
42198,1974-05-31,I,0.2566387,0.0002710
42199,1974-06-01,I,0.2537862,0.0002710
42200,1974-06-02,I,0.2511410,0.0002710
42201,1974-06-03,I,0.2486987,0.0002710
42202,1974-06-04,I,0.2464268,0.0002710
42203,1974-06-05,I,0.2442733,0.0002710
42204,1974-06-06,I,0.2421779,0.0002710
42205,1974-06-07,I,0.2400825,0.0002710
42206,1974-06-08,I,0.2379399,0.0002230
42207,1974-06-09,I,0.2357183,0.0003724
42208,1974-06-10,I,0.2334032,0.0003877
42209,1974-06-11,I,0.2309975,0.0003877
42210,1974-06-12,I,0.2285200,0.0003877
42211,1974-06-13,I,0.2260020,0.0003877
42212,1974-06-14,I,0.2234839,0.0004478
42213,1974-06-15,I,0.2210118,0.0004166
42214,1974-06-16,I,0.2186316,0.0002710
42215,1974-06-17,I,0.2163787,0.0002710
42216,1974-06-18,I,0.2142621,0.0002710
42217,1974-06-19,I,0.2122513,0.0002710
42218,1974-06-20,I,0.2102747,0.0002710
42219,1974-06-21,I,0.2082374,0.0002710
42220,1974-06-22,I,0.2060541,0.0002710
42221,1974-06-23,I,0.2036846,0.0002710
42222,1974-06-24,I,0.2011517,0.0002710
42223,1974-06-25,I,0.1985326,0.0002710
42224,1974-06-26,I,0.1959314,0.0000821
42225,1974-06-27,I,0.1934446,0.0002334
42226,1974-06-28,I,0.1911372,0.0002334
42227,1974-06-29,I,0.1890351,0.0002785
42228,1974-06-30,I,0.1871290,0.0002785
42229,1974-07-01,I,0.1853854,0.0002785
42230,1974-07-02,I,0.1837541,0.0003361
42231,1974-07-03,I,0.1821775,0.0003518
42232,1974-07-04,I,0.1805972,0.0003518
42233,1974-07-05,I,0.1789623,0.0002710
42234,1974-07-06,I,0.1772358,0.0002710
42235,1974-07-07,I,0.1753992,0.0002710
42236,1974-07-08,I,0.1734528,0.0004381
42237,1974-07-09,I,0.1714139,0.0004381
42238,1974-07-10,I,0.1693126,0.0003235
42239,1974-07-11,I,0.1671878,0.0003235
42240,1974-07-12,I,0.1650821,0.0003235
42241,1974-07-13,I,0.1630370,0.0003235
42242,1974-07-14,I,0.1610859,0.0001319
42243,1974-07-15,I,0.1592442,0.0001319
42244,1974-07-16,I,0.1574964,0.0002710
42245,1974-07-17,I,0.1557884,0.0002710
42246,1974-07-18,I,0.1540328,0.0002710
42247,1974-07-19,I,0.1521334,0.0002710
42248,1974-07-20,I,0.1500210,0.0002710
42249,1974-07-21,I,0.1476858,0.0002710
42250,1974-07-22,I,0.1451868,0.0002710
42251,1974-07-23,I,0.1426340,0.0002710
42252,1974-07-24,I,0.1401491,0.0002710
42253,1974-07-25,I,0.1378273,0.0002710
42254,1974-07-26,I,0.1357144,0.0002710
42255,1974-07-27,I,0.1338074,0.0002710
42256,1974-07-28,I,0.1320688,0.0002710
42257,1974-07-29,I,0.1304431,0.0002710
42258,1974-07-30,I,0.1288695,0.0002710
42259,1974-07-31,I,0.1272882,0.0002710
42260,1974-08-01,I,0.1256451,0.0005824
42261,1974-08-02,I,0.1238975,0.0005824
42262,1974-08-03,I,0.1220194,0.0005824
42263,1974-08-04,I,0.1200048,0.0005824
42264,1974-08-05,I,0.1178673,0.0005824
42265,1974-08-06,I,0.1156365,0.0005186
42266,1974-08-07,I,0.1133517,0.0004457
42267,1974-08-08,I,0.1110567,0.0004457
42268,1974-08-09,I,0.1087935,0.0004457
42269,1974-08-10,I,0.1065964,0.0004457
42270,1974-08-11,I,0.1044843,0.0004457
42271,1974-08-12,I,0.1024513,0.0002710
42272,1974-08-13,I,0.1004595,0.0002710
42273,1974-08-14,I,0.0984382,0.0002710
42274,1974-08-15,I,0.0962965,0.0002710
42275,1974-08-16,I,0.0939503,0.0002710
42276,1974-08-17,I,0.0913562,0.0002710
42277,1974-08-18,I,0.0885363,0.0002710
42278,1974-08-19,I,0.0855791,0.0002710
42279,1974-08-20,I,0.0826134,0.0002710
42280,1974-08-21,I,0.0797654,0.0002710
42281,1974-08-22,I,0.0771206,0.0002710
42282,1974-08-23,I,0.0747058,0.0002710
42283,1974-08-24,I,0.0724966,0.0002710
42284,1974-08-25,I,0.0704374,0.0002710
42285,1974-08-26,I,0.0684627,0.0002710
42286,1974-08-27,I,0.0665101,0.0002710
42287,1974-08-28,I,0.0645249,0.0015149
42288,1974-08-29,I,0.0624629,0.0015149
42289,1974-08-30,I,0.0602943,0.0015149
42290,1974-08-31,I,0.0580075,0.0010926
42291,1974-09-01,I,0.0556089,0.0010926
42292,1974-09-02,I,0.0531226,0.0008964
42293,1974-09-03,I,0.0505851,0.0002616
42294,1974-09-04,I,0.0480399,0.0002772
42295,1974-09-05,I,0.0455299,0.0002772
42296,1974-09-06,I,0.0430908,0.0005161
42297,1974-09-07,I,0.0407426,0.0004616
42298,1974-09-08,I,0.0384828,0.0005104
42299,1974-09-09,I,0.0362799,0.0005636
42300,1974-09-10,I,0.0340742,0.0006522
42301,1974-09-11,I,0.0317851,0.0006522
42302,1974-09-12,I,0.0293283,0.0000072
42303,1974-09-13,I,0.0266415,0.0002710
42304,1974-09-14,I,0.0237106,0.0002710
42305,1974-09-15,I,0.0205839,0.0002710
42306,1974-09-16,I,0.0173645,0.0002710
42307,1974-09-17,I,0.0141804,0.0002710
42308,1974-09-18,I,0.0111442,0.0002710
42309,1974-09-19,I,0.0083205,0.0002710
42310,1974-09-20,I,0.0057149,0.0002710
42311,1974-09-21,I,0.0032855,0.0002710
42312,1974-09-22,I,0.0009657,0.0002710
42313,1974-09-23,I,-0.0013138,0.0002710
42314,1974-09-24,I,-0.0036138,0.0002710
42315,1974-09-25,I,-0.0059825,0.0006651
42316,1974-09-26,I,-0.0084542,0.0006651
42317,1974-09-27,I,-0.0110472,0.0006651
42318,1974-09-28,I,-0.0137616,0.0006651
42319,1974-09-29,I,-0.0165796,0.0006651
42320,1974-09-30,I,-0.0194678,0.0004800
42321,1974-10-01,I,-0.0223835,0.0001360
42322,1974-10-02,I,-0.0252801,0.0001360
42323,1974-10-03,I,-0.0281155,0.0003884
42324,1974-10-04,I,-0.0308605,0.0003884
42325,1974-10-05,I,-0.0335083,0.0003884
42326,1974-10-06,I,-0.0360812,0.0005089
42327,1974-10-07,I,-0.0386305,0.0005089
42328,1974-10-08,I,-0.0412288,0.0005091
42329,1974-10-09,I,-0.0439543,0.0004972
42330,1974-10-10,I,-0.0468704,0.0004972
42331,1974-10-11,I,-0.0500056,0.0004972
42332,1974-10-12,I,-0.0533405,0.0005096
42333,1974-10-13,I,-0.0568059,0.0005096
42334,1974-10-14,I,-0.0602980,0.0002710
42335,1974-10-15,I,-0.0637056,0.0002710
42336,1974-10-16,I,-0.0669432,0.0002710
42337,1974-10-17,I,-0.0699736,0.0002710
42338,1974-10-18,I,-0.0728115,0.0002710
42339,1974-10-19,I,-0.0755102,0.0002710
42340,1974-10-20,I,-0.0781390,0.0002710
42341,1974-10-21,I,-0.0807645,0.0002710
42342,1974-10-22,I,-0.0834400,0.0002710
42343,1974-10-23,I,-0.0862039,0.0002710
42344,1974-10-24,I,-0.0890785,0.0002710
42345,1974-10-25,I,-0.0920700,0.0002710
42346,1974-10-26,I,-0.0951674,0.0002710
42347,1974-10-27,I,-0.0983442,0.0002710
42348,1974-10-28,I,-0.1015618,0.0002710
42349,1974-10-29,I,-0.1047759,0.0002710
42350,1974-10-30,I,-0.1079424,0.0002710
42351,1974-10-31,I,-0.1110253,0.0002710
42352,1974-11-01,I,-0.1140068,0.0003384
42353,1974-11-02,I,-0.1168966,0.0003384
42354,1974-11-03,I,-0.1197360,0.0003384
42355,1974-11-04,I,-0.1225924,0.0003384
42356,1974-11-05,I,-0.1255415,0.0003384
42357,1974-11-06,I,-0.1286461,0.0003384
42358,1974-11-07,I,-0.1319364,0.0002710
42359,1974-11-08,I,-0.1354003,0.0002710
42360,1974-11-09,I,-0.1389844,0.0002710
42361,1974-11-10,I,-0.1426054,0.0002710
42362,1974-11-11,I,-0.1461694,0.0002710
42363,1974-11-12,I,-0.1495947,0.0002710
42364,1974-11-13,I,-0.1528314,0.0002710
42365,1974-11-14,I,-0.1558721,0.0002710
42366,1974-11-15,I,-0.1587500,0.0002710
42367,1974-11-16,I,-0.1615237,0.0002710
42368,1974-11-17,I,-0.1642589,0.0002710
42369,1974-11-18,I,-0.1670133,0.0002710
42370,1974-11-19,I,-0.1698291,0.0002710
42371,1974-11-20,I,-0.1727309,0.0002710
42372,1974-11-21,I,-0.1757270,0.0002710
42373,1974-11-22,I,-0.1788103,0.0002710
42374,1974-11-23,I,-0.1819591,0.0002710
42375,1974-11-24,I,-0.1851408,0.0002710
42376,1974-11-25,I,-0.1883156,0.0005279
42377,1974-11-26,I,-0.1914423,0.0005279
42378,1974-11-27,I,-0.1944842,0.0005279
42379,1974-11-28,I,-0.1974171,0.0005279
42380,1974-11-29,I,-0.2002394,0.0005279
42381,1974-11-30,I,-0.2029809,0.0005279
42382,1974-12-01,I,-0.2057017,0.0002710
42383,1974-12-02,I,-0.2084797,0.0002710
42384,1974-12-03,I,-0.2113859,0.0002710
42385,1974-12-04,I,-0.2144586,0.0002710
42386,1974-12-05,I,-0.2176890,0.0002710
42387,1974-12-06,I,-0.2210227,0.0002710
42388,1974-12-07,I,-0.2243769,0.0002710
42389,1974-12-08,I,-0.2276635,0.0002710
42390,1974-12-09,I,-0.2308093,0.0002710
42391,1974-12-10,I,-0.2337703,0.0002710
42392,1974-12-11,I,-0.2365371,0.0002710
42393,1974-12-12,I,-0.2391339,0.0002710
42394,1974-12-13,I,-0.2416100,0.0002710
42395,1974-12-14,I,-0.2440273,0.0002710
42396,1974-12-15,I,-0.2464465,0.0002710
42397,1974-12-16,I,-0.2489155,0.0002710
42398,1974-12-17,I,-0.2514648,0.0002710
42399,1974-12-18,I,-0.2541065,0.0002710
42400,1974-12-19,I,-0.2568362,0.0002710
42401,1974-12-20,I,-0.2596358,0.0002710
42402,1974-12-21,I,-0.2624767,0.0002710
42403,1974-12-22,I,-0.2653240,0.0002710
42404,1974-12-23,I,-0.2681412,0.0002710
42405,1974-12-24,I,-0.2708955,0.0002710
42406,1974-12-25,I,-0.2735629,0.0002710
42407,1974-12-26,I,-0.2761359,0.0002710
42408,1974-12-27,I,-0.2786327,0.0002710
42409,1974-12-28,I,-0.2811029,0.0002710
42410,1974-12-29,I,-0.2836216,0.0002710
42411,1974-12-30,I,-0.2862702,0.0002710
42412,1974-12-31,I,-0.2891063,0.0002710
42413,1975-01-01,I,0.7078620,0.0002710
42414,1975-01-02,I,0.7046843,0.0002710
42415,1975-01-03,I,0.7014537,0.0002710
42416,1975-01-04,I,0.6982754,0.0002710
42417,1975-01-05,I,0.6952360,0.0002710
42418,1975-01-06,I,0.6923847,0.0002710
42419,1975-01-07,I,0.6897288,0.0002710
42420,1975-01-08,I,0.6872419,0.0002710
42421,1975-01-09,I,0.6848751,0.0002710
42422,1975-01-10,I,0.6825688,0.0002710
42423,1975-01-11,I,0.6802626,0.0002710
42424,1975-01-12,I,0.6779046,0.0002710
42425,1975-01-13,I,0.6754580,0.0002710
42426,1975-01-14,I,0.6729050,0.0002710
42427,1975-01-15,I,0.6702462,0.0002710
42428,1975-01-16,I,0.6674983,0.0002710
42429,1975-01-17,I,0.6646893,0.0002710
42430,1975-01-18,I,0.6618535,0.0002710
42431,1975-01-19,I,0.6590266,0.0005823
42432,1975-01-20,I,0.6562407,0.0005823
42433,1975-01-21,I,0.6535197,0.0005823
42434,1975-01-22,I,0.6508739,0.0005823
42435,1975-01-23,I,0.6482936,0.0005823
42436,1975-01-24,I,0.6457422,0.0005823
42437,1975-01-25,I,0.6431545,0.0002710
42438,1975-01-26,I,0.6404476,0.0002710
42439,1975-01-27,I,0.6375449,0.0002710
42440,1975-01-28,I,0.6344086,0.0002710
42441,1975-01-29,I,0.6310622,0.0002710
42442,1975-01-30,I,0.6275904,0.0002710
42443,1975-01-31,I,0.6241144,0.0002710
42444,1975-02-01,I,0.6207515,0.0002710
42445,1975-02-02,I,0.6175812,0.0002710
42446,1975-02-03,I,0.6146292,0.0002710
42447,1975-02-04,I,0.6118733,0.0002710
42448,1975-02-05,I,0.6092617,0.0002710
42449,1975-02-06,I,0.6067312,0.0002710
42450,1975-02-07,I,0.6042198,0.0002710
42451,1975-02-08,I,0.6016743,0.0002710
42452,1975-02-09,I,0.5990538,0.0002710
42453,1975-02-10,I,0.5963343,0.0002710
42454,1975-02-11,I,0.5935105,0.0002710
42455,1975-02-12,I,0.5905952,0.0002710
42456,1975-02-13,I,0.5876157,0.0002710
42457,1975-02-14,I,0.5846077,0.0002710
42458,1975-02-15,I,0.5816096,0.0002710
42459,1975-02-16,I,0.5786568,0.0002710
42460,1975-02-17,I,0.5757765,0.0002710
42461,1975-02-18,I,0.5729835,0.0002710
42462,1975-02-19,I,0.5702742,0.0002710
42463,1975-02-20,I,0.5676221,0.0002710
42464,1975-02-21,I,0.5649742,0.0002710
42465,1975-02-22,I,0.5622551,0.0002710
42466,1975-02-23,I,0.5593821,0.0009542
42467,1975-02-24,I,0.5562918,0.0009542
42468,1975-02-25,I,0.5529687,0.0009542
42469,1975-02-26,I,0.5494621,0.0009542
42470,1975-02-27,I,0.5458778,0.0009542
42471,1975-02-28,I,0.5423464,0.0006845
42472,1975-03-01,I,0.5389811,0.0001625
42473,1975-03-02,I,0.5358444,0.0001625
42474,1975-03-03,I,0.5329378,0.0002456
42475,1975-03-04,I,0.5302157,0.0002456
42476,1975-03-05,I,0.5276097,0.0002456
42477,1975-03-06,I,0.5250500,0.0003069
42478,1975-03-07,I,0.5224774,0.0003069
42479,1975-03-08,I,0.5198474,0.0003069
42480,1975-03-09,I,0.5171301,0.0002710
42481,1975-03-10,I,0.5143123,0.0002710
42482,1975-03-11,I,0.5113982,0.0002710
42483,1975-03-12,I,0.5084088,0.0002710
42484,1975-03-13,I,0.5053768,0.0002710
42485,1975-03-14,I,0.5023401,0.0002710
42486,1975-03-15,I,0.4993360,0.0002710
42487,1975-03-16,I,0.4963947,0.0002710
42488,1975-03-17,I,0.4935350,0.0002710
42489,1975-03-18,I,0.4907588,0.0002710
42490,1975-03-19,I,0.4880470,0.0002710
42491,1975-03-20,I,0.4853569,0.0002710
42492,1975-03-21,I,0.4826241,0.0002710
42493,1975-03-22,I,0.4797722,0.0002710
42494,1975-03-23,I,0.4767299,0.0004421
42495,1975-03-24,I,0.4734549,0.0004421
42496,1975-03-25,I,0.4699565,0.0004421
42497,1975-03-26,I,0.4663029,0.0004421
42498,1975-03-27,I,0.4626084,0.0004421
42499,1975-03-28,I,0.4589992,0.0004421
42500,1975-03-29,I,0.4555732,0.0002710
42501,1975-03-30,I,0.4523729,0.0003853
42502,1975-03-31,I,0.4493813,0.0003853
42503,1975-04-01,I,0.4465407,0.0003853
42504,1975-04-02,I,0.4437788,0.0003853
42505,1975-04-03,I,0.4410300,0.0003853
42506,1975-04-04,I,0.4382447,0.0003853
42507,1975-04-05,I,0.4353906,0.0002710
42508,1975-04-06,I,0.4324509,0.0002710
42509,1975-04-07,I,0.4294241,0.0002710
42510,1975-04-08,I,0.4263244,0.0002710
42511,1975-04-09,I,0.4231794,0.0002710
42512,1975-04-10,I,0.4200251,0.0002710
42513,1975-04-11,I,0.4168989,0.0002710
42514,1975-04-12,I,0.4138340,0.0002710
42515,1975-04-13,I,0.4108533,0.0002710
42516,1975-04-14,I,0.4079649,0.0002710
42517,1975-04-15,I,0.4051570,0.0002710
42518,1975-04-16,I,0.4023952,0.0002710
42519,1975-04-17,I,0.3996246,0.0002710
42520,1975-04-18,I,0.3967781,0.0002710
42521,1975-04-19,I,0.3937899,0.0000076
42522,1975-04-20,I,0.3906134,0.0000076
42523,1975-04-21,I,0.3872379,0.0000076
42524,1975-04-22,I,0.3836997,0.0003608
42525,1975-04-23,I,0.3800794,0.0003608
42526,1975-04-24,I,0.3764845,0.0003608
42527,1975-04-25,I,0.3730187,0.0005102
42528,1975-04-26,I,0.3697510,0.0005102
42529,1975-04-27,I,0.3666976,0.0003719
42530,1975-04-28,I,0.3638240,0.0001276
42531,1975-04-29,I,0.3610656,0.0001069
42532,1975-04-30,I,0.3583524,0.0001069
42533,1975-05-01,I,0.3556279,0.0001112
42534,1975-05-02,I,0.3528558,0.0001112
42535,1975-05-03,I,0.3500183,0.0004854
42536,1975-05-04,I,0.3471131,0.0004854
42537,1975-05-05,I,0.3441513,0.0005918
42538,1975-05-06,I,0.3411564,0.0005918
42539,1975-05-07,I,0.3381611,0.0008283
42540,1975-05-08,I,0.3352008,0.0008283
42541,1975-05-09,I,0.3323086,0.0002710
42542,1975-05-10,I,0.3295094,0.0002710
42543,1975-05-11,I,0.3268149,0.0002710
42544,1975-05-12,I,0.3242189,0.0002710
42545,1975-05-13,I,0.3216932,0.0002710
42546,1975-05-14,I,0.3191880,0.0002710
42547,1975-05-15,I,0.3166393,0.0002710
42548,1975-05-16,I,0.3139843,0.0002710
42549,1975-05-17,I,0.3111779,0.0002710
42550,1975-05-18,I,0.3082074,0.0002710
42551,1975-05-19,I,0.3050988,0.0001217
42552,1975-05-20,I,0.3019142,0.0001217
42553,1975-05-21,I,0.2987388,0.0001217
42554,1975-05-22,I,0.2956617,0.0001217
42555,1975-05-23,I,0.2927525,0.0001217
42556,1975-05-24,I,0.2900434,0.0001068
42557,1975-05-25,I,0.2875213,0.0000895
42558,1975-05-26,I,0.2851360,0.0000895
42559,1975-05-27,I,0.2828200,0.0000895
42560,1975-05-28,I,0.2805093,0.0000895
42561,1975-05-29,I,0.2781577,0.0002081
42562,1975-05-30,I,0.2757407,0.0003770
42563,1975-05-31,I,0.2732527,0.0005859
42564,1975-06-01,I,0.2707024,0.0005875
42565,1975-06-02,I,0.2681096,0.0005875
42566,1975-06-03,I,0.2655034,0.0005875
42567,1975-06-04,I,0.2629185,0.0006588
42568,1975-06-05,I,0.2603892,0.0007404
42569,1975-06-06,I,0.2579426,0.0005922
42570,1975-06-07,I,0.2555943,0.0002710
42571,1975-06-08,I,0.2533436,0.0002710
42572,1975-06-09,I,0.2511698,0.0002710
42573,1975-06-10,I,0.2490292,0.0002710
42574,1975-06-11,I,0.2468600,0.0002710
42575,1975-06-12,I,0.2445960,0.0002710
42576,1975-06-13,I,0.2421869,0.0002710
42577,1975-06-14,I,0.2396174,0.0002710
42578,1975-06-15,I,0.2369150,0.0009943
42579,1975-06-16,I,0.2341448,0.0007603
42580,1975-06-17,I,0.2313915,0.0007603
42581,1975-06-18,I,0.2287388,0.0007603
42582,1975-06-19,I,0.2262494,0.0007603
42583,1975-06-20,I,0.2239539,0.0007530
42584,1975-06-21,I,0.2218465,0.0005969
42585,1975-06-22,I,0.2198887,0.0007382
42586,1975-06-23,I,0.2180206,0.0007382
42587,1975-06-24,I,0.2161786,0.0007382
42588,1975-06-25,I,0.2143102,0.0007382
42589,1975-06-26,I,0.2123831,0.0009052
42590,1975-06-27,I,0.2103870,0.0009052
42591,1975-06-28,I,0.2083295,0.0009052
42592,1975-06-29,I,0.2062314,0.0009052
42593,1975-06-30,I,0.2041206,0.0009052
42594,1975-07-01,I,0.2020295,0.0009052
42595,1975-07-02,I,0.1999898,0.0002710
42596,1975-07-03,I,0.1980282,0.0002710
42597,1975-07-04,I,0.1961611,0.0002710
42598,1975-07-05,I,0.1943904,0.0002710
42599,1975-07-06,I,0.1926999,0.0002710
42600,1975-07-07,I,0.1910515,0.0002710
42601,1975-07-08,I,0.1893860,0.0002710
42602,1975-07-09,I,0.1876314,0.0002710
42603,1975-07-10,I,0.1857224,0.0002710
42604,1975-07-11,I,0.1836248,0.0002710
42605,1975-07-12,I,0.1813529,0.0002710
42606,1975-07-13,I,0.1789710,0.0002710
42607,1975-07-14,I,0.1765746,0.0002710
42608,1975-07-15,I,0.1742613,0.0002710
42609,1975-07-16,I,0.1721038,0.0002710
42610,1975-07-17,I,0.1701352,0.0002710
42611,1975-07-18,I,0.1683480,0.0002710
42612,1975-07-19,I,0.1667032,0.0002710
42613,1975-07-20,I,0.1651432,0.0002710
42614,1975-07-21,I,0.1636046,0.0002710
42615,1975-07-22,I,0.1620306,0.0002710
42616,1975-07-23,I,0.1603799,0.0002710
42617,1975-07-24,I,0.1586320,0.0002710
42618,1975-07-25,I,0.1567872,0.0002710
42619,1975-07-26,I,0.1548623,0.0008191
42620,1975-07-27,I,0.1528845,0.0008191
42621,1975-07-28,I,0.1508862,0.0008191
42622,1975-07-29,I,0.1488999,0.0008191
42623,1975-07-30,I,0.1469542,0.0008191
42624,1975-07-31,I,0.1450691,0.0008191
42625,1975-08-01,I,0.1432516,0.0002710
42626,1975-08-02,I,0.1414926,0.0002710
42627,1975-08-03,I,0.1397635,0.0002710
42628,1975-08-04,I,0.1380145,0.0002710
42629,1975-08-05,I,0.1361780,0.0002710
42630,1975-08-06,I,0.1341813,0.0002710
42631,1975-08-07,I,0.1319693,0.0002710
42632,1975-08-08,I,0.1295300,0.0002710
42633,1975-08-09,I,0.1269087,0.0002710
42634,1975-08-10,I,0.1242014,0.0002710
42635,1975-08-11,I,0.1215261,0.0002710
42636,1975-08-12,I,0.1189857,0.0002710
42637,1975-08-13,I,0.1166393,0.0002710
42638,1975-08-14,I,0.1144927,0.0002710
42639,1975-08-15,I,0.1125086,0.0002710
42640,1975-08-16,I,0.1106264,0.0002710
42641,1975-08-17,I,0.1087804,0.0002710
42642,1975-08-18,I,0.1069126,0.0002710
42643,1975-08-19,I,0.1049793,0.0002710
42644,1975-08-20,I,0.1029550,0.0002710
42645,1975-08-21,I,0.1008334,0.0002710
42646,1975-08-22,I,0.0986271,0.0002710
42647,1975-08-23,I,0.0963623,0.0002710
42648,1975-08-24,I,0.0940731,0.0006271
42649,1975-08-25,I,0.0917951,0.0006271
42650,1975-08-26,I,0.0895594,0.0006271
42651,1975-08-27,I,0.0873887,0.0004778
42652,1975-08-28,I,0.0852931,0.0004173
42653,1975-08-29,I,0.0832673,0.0004173
42654,1975-08-30,I,0.0812891,0.0002541
42655,1975-08-31,I,0.0793170,0.0002541
42656,1975-09-01,I,0.0772916,0.0002541
42657,1975-09-02,I,0.0751413,0.0002566
42658,1975-09-03,I,0.0727981,0.0002710
42659,1975-09-04,I,0.0702207,0.0002710
42660,1975-09-05,I,0.0674183,0.0002710
42661,1975-09-06,I,0.0644583,0.0002710
42662,1975-09-07,I,0.0614537,0.0002710
42663,1975-09-08,I,0.0585280,0.0002710
42664,1975-09-09,I,0.0557757,0.0002710
42665,1975-09-10,I,0.0532356,0.0002710
42666,1975-09-11,I,0.0508883,0.0002710
42667,1975-09-12,I,0.0486743,0.0002710
42668,1975-09-13,I,0.0465203,0.0002710
42669,1975-09-14,I,0.0443600,0.0002710
42670,1975-09-15,I,0.0421439,0.0003375
42671,1975-09-16,I,0.0398415,0.0003375
42672,1975-09-17,I,0.0374400,0.0003375
42673,1975-09-18,I,0.0349439,0.0003375
42674,1975-09-19,I,0.0323719,0.0003375
42675,1975-09-20,I,0.0297541,0.0003375
42676,1975-09-21,I,0.0271247,0.0000206
42677,1975-09-22,I,0.0245156,0.0000206
42678,1975-09-23,I,0.0219512,0.0000206
42679,1975-09-24,I,0.0194443,0.0005080
42680,1975-09-25,I,0.0169938,0.0004791
42681,1975-09-26,I,0.0145829,0.0004791
42682,1975-09-27,I,0.0121777,0.0005866
42683,1975-09-28,I,0.0097282,0.0005866
42684,1975-09-29,I,0.0071724,0.0005866
42685,1975-09-30,I,0.0044456,0.0004154
42686,1975-10-01,I,0.0014959,0.0002710
42687,1975-10-02,I,-0.0016954,0.0002710
42688,1975-10-03,I,-0.0050966,0.0002710
42689,1975-10-04,I,-0.0086242,0.0002710
42690,1975-10-05,I,-0.0121610,0.0002710
42691,1975-10-06,I,-0.0155912,0.0002710
42692,1975-10-07,I,-0.0188373,0.0002710
42693,1975-10-08,I,-0.0218807,0.0002710
42694,1975-10-09,I,-0.0247580,0.0002710
42695,1975-10-10,I,-0.0275378,0.0002710
42696,1975-10-11,I,-0.0302926,0.0006019
42697,1975-10-12,I,-0.0330788,0.0004277
42698,1975-10-13,I,-0.0359304,0.0004277
42699,1975-10-14,I,-0.0388617,0.0004277
42700,1975-10-15,I,-0.0418719,0.0004277
42701,1975-10-16,I,-0.0449471,0.0004277
42702,1975-10-17,I,-0.0480620,0.0000606
42703,1975-10-18,I,-0.0511839,0.0002710
42704,1975-10-19,I,-0.0542794,0.0002710
42705,1975-10-20,I,-0.0573205,0.0002710
42706,1975-10-21,I,-0.0602901,0.0002710
42707,1975-10-22,I,-0.0631842,0.0002710
42708,1975-10-23,I,-0.0660136,0.0002710
42709,1975-10-24,I,-0.0688051,0.0001072
42710,1975-10-25,I,-0.0716014,0.0001072
42711,1975-10-26,I,-0.0744569,0.0003134
42712,1975-10-27,I,-0.0774306,0.0003134
42713,1975-10-28,I,-0.0805737,0.0003134
42714,1975-10-29,I,-0.0839158,0.0003134
42715,1975-10-30,I,-0.0874502,0.0003763
42716,1975-10-31,I,-0.0911263,0.0003763
42717,1975-11-01,I,-0.0948561,0.0002710
42718,1975-11-02,I,-0.0985343,0.0002710
42719,1975-11-03,I,-0.1020696,0.0002710
42720,1975-11-04,I,-0.1054123,0.0002710
42721,1975-11-05,I,-0.1085673,0.0002710
42722,1975-11-06,I,-0.1115847,0.0002710
42723,1975-11-07,I,-0.1145351,0.0002710
42724,1975-11-08,I,-0.1174833,0.0002710
42725,1975-11-09,I,-0.1204725,0.0002710
42726,1975-11-10,I,-0.1235210,0.0002710
42727,1975-11-11,I,-0.1266285,0.0002710
42728,1975-11-12,I,-0.1297818,0.0001642
42729,1975-11-13,I,-0.1329585,0.0001642
42730,1975-11-14,I,-0.1361291,0.0001262
42731,1975-11-15,I,-0.1392609,0.0001265
42732,1975-11-16,I,-0.1423246,0.0001265
42733,1975-11-17,I,-0.1452995,0.0001265
42734,1975-11-18,I,-0.1481779,0.0001027
42735,1975-11-19,I,-0.1509664,0.0000876
42736,1975-11-20,I,-0.1536873,0.0000951
42737,1975-11-21,I,-0.1563780,0.0004782
42738,1975-11-22,I,-0.1590882,0.0004782
42739,1975-11-23,I,-0.1618727,0.0004782
42740,1975-11-24,I,-0.1647790,0.0004782
42741,1975-11-25,I,-0.1678355,0.0006749
42742,1975-11-26,I,-0.1710407,0.0006749
42743,1975-11-27,I,-0.1743596,0.0002710
42744,1975-11-28,I,-0.1777271,0.0002710
42745,1975-11-29,I,-0.1810612,0.0002710
42746,1975-11-30,I,-0.1842822,0.0002710
42747,1975-12-01,I,-0.1873351,0.0002710
42748,1975-12-02,I,-0.1902060,0.0002710
42749,1975-12-03,I,-0.1929245,0.0002710
42750,1975-12-04,I,-0.1955510,0.0002710
42751,1975-12-05,I,-0.1981536,0.0002710
42752,1975-12-06,I,-0.2007866,0.0002710
42753,1975-12-07,I,-0.2034792,0.0002710
42754,1975-12-08,I,-0.2062362,0.0002710
42755,1975-12-09,I,-0.2090458,0.0002710
42756,1975-12-10,I,-0.2118865,0.0002710
42757,1975-12-11,I,-0.2147317,0.0004655
42758,1975-12-12,I,-0.2175525,0.0004655
42759,1975-12-13,I,-0.2203215,0.0004655
42760,1975-12-14,I,-0.2230177,0.0004655
42761,1975-12-15,I,-0.2256313,0.0004655
42762,1975-12-16,I,-0.2281667,0.0004655
42763,1975-12-17,I,-0.2306432,0.0002710
42764,1975-12-18,I,-0.2330956,0.0002710
42765,1975-12-19,I,-0.2355722,0.0002710
42766,1975-12-20,I,-0.2381288,0.0002710
42767,1975-12-21,I,-0.2408168,0.0002710
42768,1975-12-22,I,-0.2436677,0.0002710
42769,1975-12-23,I,-0.2466803,0.0002710
42770,1975-12-24,I,-0.2498172,0.0002710
42771,1975-12-25,I,-0.2530125,0.0002710
42772,1975-12-26,I,-0.2561882,0.0002710
42773,1975-12-27,I,-0.2592722,0.0002710
42774,1975-12-28,I,-0.2622145,0.0002710
42775,1975-12-29,I,-0.2649982,0.0002710
42776,1975-12-30,I,-0.2676425,0.0002710
42777,1975-12-31,I,-0.2701957,0.0002710
42778,1976-01-01,I,0.7272793,0.0002710
42779,1976-01-02,I,0.7247235,0.0002710
42780,1976-01-03,I,0.7220977,0.0002710
42781,1976-01-04,I,0.7193884,0.0002710
42782,1976-01-05,I,0.7166048,0.0002710
42783,1976-01-06,I,0.7137704,0.0002710
42784,1976-01-07,I,0.7109152,0.0002710
42785,1976-01-08,I,0.7080704,0.0002710
42786,1976-01-09,I,0.7052651,0.0002710
42787,1976-01-10,I,0.7025227,0.0002710
42788,1976-01-11,I,0.6998561,0.0006256
42789,1976-01-12,I,0.6972650,0.0006256
42790,1976-01-13,I,0.6947333,0.0006256
42791,1976-01-14,I,0.6922296,0.0006256
42792,1976-01-15,I,0.6897067,0.0005639
42793,1976-01-16,I,0.6871063,0.0006856
42794,1976-01-17,I,0.6843682,0.0007137
42795,1976-01-18,I,0.6814470,0.0007137
42796,1976-01-19,I,0.6783304,0.0007137
42797,1976-01-20,I,0.6750506,0.0007137
42798,1976-01-21,I,0.6716801,0.0008798
42799,1976-01-22,I,0.6683108,0.0002710
42800,1976-01-23,I,0.6650293,0.0002710
42801,1976-01-24,I,0.6618941,0.0002710
42802,1976-01-25,I,0.6589248,0.0003543
42803,1976-01-26,I,0.6561040,0.0003543
42804,1976-01-27,I,0.6533864,0.0003543
42805,1976-01-28,I,0.6507125,0.0003543
42806,1976-01-29,I,0.6480234,0.0003543
42807,1976-01-30,I,0.6452727,0.0003543
42808,1976-01-31,I,0.6424362,0.0002710
42809,1976-02-01,I,0.6395140,0.0002710
42810,1976-02-02,I,0.6365256,0.0002710
42811,1976-02-03,I,0.6335025,0.0002710
42812,1976-02-04,I,0.6304796,0.0002710
42813,1976-02-05,I,0.6274900,0.0001165
42814,1976-02-06,I,0.6245606,0.0001165
42815,1976-02-07,I,0.6217091,0.0001165
42816,1976-02-08,I,0.6189407,0.0001165
42817,1976-02-09,I,0.6162458,0.0001165
42818,1976-02-10,I,0.6135993,0.0005927
42819,1976-02-11,I,0.6109607,0.0008300
42820,1976-02-12,I,0.6082763,0.0008300
42821,1976-02-13,I,0.6054842,0.0007263
42822,1976-02-14,I,0.6025261,0.0007263
42823,1976-02-15,I,0.5993671,0.0007263
42824,1976-02-16,I,0.5960145,0.0004964
42825,1976-02-17,I,0.5925249,0.0005623
42826,1976-02-18,I,0.5889930,0.0005623
42827,1976-02-19,I,0.5855239,0.0005398
42828,1976-02-20,I,0.5822010,0.0005398
42829,1976-02-21,I,0.5790631,0.0005398
42830,1976-02-22,I,0.5761012,0.0006751
42831,1976-02-23,I,0.5732693,0.0002710
42832,1976-02-24,I,0.5705043,0.0002710
42833,1976-02-25,I,0.5677434,0.0002710
42834,1976-02-26,I,0.5649360,0.0002710
42835,1976-02-27,I,0.5620501,0.0002710
42836,1976-02-28,I,0.5590749,0.0002710
42837,1976-02-29,I,0.5560198,0.0002710
42838,1976-03-01,I,0.5529101,0.0002710
42839,1976-03-02,I,0.5497798,0.0002710
42840,1976-03-03,I,0.5466638,0.0002710
42841,1976-03-04,I,0.5435922,0.0002710
42842,1976-03-05,I,0.5405861,0.0002710
42843,1976-03-06,I,0.5376552,0.0002710
42844,1976-03-07,I,0.5347955,0.0002710
42845,1976-03-08,I,0.5319882,0.0002710
42846,1976-03-09,I,0.5292000,0.0002710
42847,1976-03-10,I,0.5263832,0.0002710
42848,1976-03-11,I,0.5234797,0.0002710
42849,1976-03-12,I,0.5204274,0.0002710
42850,1976-03-13,I,0.5171755,0.0002710
42851,1976-03-14,I,0.5137031,0.0002710
42852,1976-03-15,I,0.5100364,0.0002710
42853,1976-03-16,I,0.5062517,0.0002710
42854,1976-03-17,I,0.5024587,0.0002710
42855,1976-03-18,I,0.4987669,0.0002710
42856,1976-03-19,I,0.4952510,0.0002710
42857,1976-03-20,I,0.4919312,0.0002710
42858,1976-03-21,I,0.4887763,0.0002710
42859,1976-03-22,I,0.4857239,0.0002710
42860,1976-03-23,I,0.4827058,0.0002710
42861,1976-03-24,I,0.4796666,0.0002710
42862,1976-03-25,I,0.4765704,0.0002710
42863,1976-03-26,I,0.4734018,0.0002710
42864,1976-03-27,I,0.4701631,0.0002710
42865,1976-03-28,I,0.4668712,0.0002710
42866,1976-03-29,I,0.4635546,0.0002710
42867,1976-03-30,I,0.4602468,0.0002710
42868,1976-03-31,I,0.4569794,0.0002710
42869,1976-04-01,I,0.4537769,0.0002710
42870,1976-04-02,I,0.4506523,0.0002710
42871,1976-04-03,I,0.4476063,0.0002710
42872,1976-04-04,I,0.4446260,0.0002710
42873,1976-04-05,I,0.4416849,0.0002710
42874,1976-04-06,I,0.4387441,0.0002710
42875,1976-04-07,I,0.4357534,0.0002710
42876,1976-04-08,I,0.4326566,0.0002710
42877,1976-04-09,I,0.4294003,0.0002710
42878,1976-04-10,I,0.4259475,0.0002710
42879,1976-04-11,I,0.4222945,0.0000313
42880,1976-04-12,I,0.4184833,0.0000313
42881,1976-04-13,I,0.4145990,0.0000313
42882,1976-04-14,I,0.4107499,0.0000313
42883,1976-04-15,I,0.4070336,0.0000313
42884,1976-04-16,I,0.4035056,0.0000313
42885,1976-04-17,I,0.4001653,0.0001791
42886,1976-04-18,I,0.3969651,0.0001368
42887,1976-04-19,I,0.3938361,0.0001202
42888,1976-04-20,I,0.3907146,0.0001202
42889,1976-04-21,I,0.3875584,0.0001202
42890,1976-04-22,I,0.3843495,0.0001202
42891,1976-04-23,I,0.3810883,0.0000752
42892,1976-04-24,I,0.3777885,0.0000770
42893,1976-04-25,I,0.3744727,0.0002710
42894,1976-04-26,I,0.3711696,0.0002710
42895,1976-04-27,I,0.3679092,0.0002710
42896,1976-04-28,I,0.3647171,0.0002710
42897,1976-04-29,I,0.3616088,0.0002710
42898,1976-04-30,I,0.3585869,0.0002710
42899,1976-05-01,I,0.3556412,0.0002710
42900,1976-05-02,I,0.3527487,0.0002710
42901,1976-05-03,I,0.3498753,0.0002710
42902,1976-05-04,I,0.3469771,0.0002710
42903,1976-05-05,I,0.3440048,0.0002710
42904,1976-05-06,I,0.3409099,0.0002710
42905,1976-05-07,I,0.3376548,0.0002710
42906,1976-05-08,I,0.3342237,0.0002710
42907,1976-05-09,I,0.3306338,0.0000251
42908,1976-05-10,I,0.3269395,0.0000251
42909,1976-05-11,I,0.3232252,0.0000251
42910,1976-05-12,I,0.3195839,0.0000251
42911,1976-05-13,I,0.3160883,0.0000251
42912,1976-05-14,I,0.3127673,0.0000251
42913,1976-05-15,I,0.3095987,0.0002710
42914,1976-05-16,I,0.3065239,0.0002710
42915,1976-05-17,I,0.3034746,0.0011357
42916,1976-05-18,I,0.3003976,0.0011357
42917,1976-05-19,I,0.2972669,0.0011357
42918,1976-05-20,I,0.2940822,0.0010770
42919,1976-05-21,I,0.2908622,0.0010770
42920,1976-05-22,I,0.2876346,0.0010770
42921,1976-05-23,I,0.2844308,0.0009290
42922,1976-05-24,I,0.2812826,0.0009290
42923,1976-05-25,I,0.2782184,0.0009290
42924,1976-05-26,I,0.2752588,0.0002710
42925,1976-05-27,I,0.2724120,0.0005192
42926,1976-05-28,I,0.2696726,0.0005192
42927,1976-05-29,I,0.2670220,0.0005192
42928,1976-05-30,I,0.2644299,0.0005192
42929,1976-05-31,I,0.2618564,0.0005192
42930,1976-06-01,I,0.2592557,0.0005192
42931,1976-06-02,I,0.2565833,0.0002710
42932,1976-06-03,I,0.2538051,0.0002710
42933,1976-06-04,I,0.2509074,0.0002710
42934,1976-06-05,I,0.2479026,0.0004837
42935,1976-06-06,I,0.2448319,0.0004837
42936,1976-06-07,I,0.2417603,0.0004054
42937,1976-06-08,I,0.2387643,0.0004107
42938,1976-06-09,I,0.2359114,0.0004107
42939,1976-06-10,I,0.2332408,0.0004107
42940,1976-06-11,I,0.2307498,0.0003065
42941,1976-06-12,I,0.2283957,0.0003065
42942,1976-06-13,I,0.2261128,0.0004277
42943,1976-06-14,I,0.2238375,0.0002710
42944,1976-06-15,I,0.2215288,0.0002710
42945,1976-06-16,I,0.2191751,0.0010159
42946,1976-06-17,I,0.2167889,0.0010159
42947,1976-06-18,I,0.2143953,0.0010159
42948,1976-06-19,I,0.2120227,0.0010159
42949,1976-06-20,I,0.2096983,0.0010159
42950,1976-06-21,I,0.2074462,0.0010159
42951,1976-06-22,I,0.2052841,0.0002710
42952,1976-06-23,I,0.2032185,0.0002710
42953,1976-06-24,I,0.2012426,0.0002710
42954,1976-06-25,I,0.1993349,0.0004996
42955,1976-06-26,I,0.1974614,0.0004996
42956,1976-06-27,I,0.1955782,0.0004996
42957,1976-06-28,I,0.1936356,0.0004996
42958,1976-06-29,I,0.1915842,0.0004996
42959,1976-06-30,I,0.1893860,0.0004996
42960,1976-07-01,I,0.1870243,0.0002710
42961,1976-07-02,I,0.1845115,0.0002710
42962,1976-07-03,I,0.1818895,0.0002710
42963,1976-07-04,I,0.1792212,0.0002710
42964,1976-07-05,I,0.1765765,0.0002710
42965,1976-07-06,I,0.1740161,0.0002710
42966,1976-07-07,I,0.1715776,0.0009363
42967,1976-07-08,I,0.1692657,0.0009363
42968,1976-07-09,I,0.1670512,0.0009363
42969,1976-07-10,I,0.1648797,0.0009363
42970,1976-07-11,I,0.1626904,0.0009363
42971,1976-07-12,I,0.1604353,0.0009363
42972,1976-07-13,I,0.1580926,0.0002710
42973,1976-07-14,I,0.1556695,0.0002710
42974,1976-07-15,I,0.1531943,0.0002710
42975,1976-07-16,I,0.1507039,0.0002710
42976,1976-07-17,I,0.1482349,0.0002710
42977,1976-07-18,I,0.1458182,0.0002710
42978,1976-07-19,I,0.1434774,0.0003008
42979,1976-07-20,I,0.1412263,0.0003008
42980,1976-07-21,I,0.1390659,0.0003008
42981,1976-07-22,I,0.1369828,0.0003008
42982,1976-07-23,I,0.1349489,0.0003008
42983,1976-07-24,I,0.1329242,0.0003008
42984,1976-07-25,I,0.1308603,0.0002710
42985,1976-07-26,I,0.1287061,0.0002710
42986,1976-07-27,I,0.1264160,0.0002710
42987,1976-07-28,I,0.1239628,0.0002710
42988,1976-07-29,I,0.1213501,0.0002710
42989,1976-07-30,I,0.1186180,0.0002710
42990,1976-07-31,I,0.1158360,0.0002710
42991,1976-08-01,I,0.1130852,0.0002710
42992,1976-08-02,I,0.1104361,0.0002710
42993,1976-08-03,I,0.1079306,0.0010618
42994,1976-08-04,I,0.1055750,0.0007826
42995,1976-08-05,I,0.1033424,0.0007826
42996,1976-08-06,I,0.1011825,0.0008117
42997,1976-08-07,I,0.0990371,0.0007349
42998,1976-08-08,I,0.0968547,0.0006904
42999,1976-08-09,I,0.0946034,0.0005694
43000,1976-08-10,I,0.0922767,0.0005576
43001,1976-08-11,I,0.0898910,0.0005284
43002,1976-08-12,I,0.0874785,0.0004629
43003,1976-08-13,I,0.0850769,0.0004295
43004,1976-08-14,I,0.0827199,0.0004923
43005,1976-08-15,I,0.0804324,0.0005491
43006,1976-08-16,I,0.0782283,0.0006137
43007,1976-08-17,I,0.0761102,0.0006492
43008,1976-08-18,I,0.0740671,0.0006345
43009,1976-08-19,I,0.0720730,0.0005554
43010,1976-08-20,I,0.0700887,0.0005373
43011,1976-08-21,I,0.0680656,0.0005263
43012,1976-08-22,I,0.0659503,0.0005263
43013,1976-08-23,I,0.0636903,0.0005719
43014,1976-08-24,I,0.0612441,0.0002710
43015,1976-08-25,I,0.0585955,0.0002710
43016,1976-08-26,I,0.0557664,0.0002710
43017,1976-08-27,I,0.0528187,0.0002710
43018,1976-08-28,I,0.0498411,0.0002710
43019,1976-08-29,I,0.0469235,0.0002710
43020,1976-08-30,I,0.0441290,0.0002710
43021,1976-08-31,I,0.0414781,0.0002710
43022,1976-09-01,I,0.0389485,0.0002710
43023,1976-09-02,I,0.0364884,0.0002710
43024,1976-09-03,I,0.0340349,0.0002710
43025,1976-09-04,I,0.0315307,0.0002710
43026,1976-09-05,I,0.0289351,0.0002564
43027,1976-09-06,I,0.0262297,0.0002377
43028,1976-09-07,I,0.0234196,0.0002377
43029,1976-09-08,I,0.0205296,0.0002377
43030,1976-09-09,I,0.0175962,0.0002377
43031,1976-09-10,I,0.0146585,0.0002781
43032,1976-09-11,I,0.0117497,0.0003457
43033,1976-09-12,I,0.0088917,0.0004019
43034,1976-09-13,I,0.0060937,0.0004019
43035,1976-09-14,I,0.0033520,0.0004019
43036,1976-09-15,I,0.0006492,0.0004019
43037,1976-09-16,I,-0.0020446,0.0004212
43038,1976-09-17,I,-0.0047701,0.0002710
43039,1976-09-18,I,-0.0075751,0.0002710
43040,1976-09-19,I,-0.0105104,0.0002710
43041,1976-09-20,I,-0.0136229,0.0002710
43042,1976-09-21,I,-0.0169440,0.0002710
43043,1976-09-22,I,-0.0204755,0.0002710
43044,1976-09-23,I,-0.0241782,0.0002710
43045,1976-09-24,I,-0.0279738,0.0002710
43046,1976-09-25,I,-0.0317629,0.0002710
43047,1976-09-26,I,-0.0354553,0.0004145
43048,1976-09-27,I,-0.0389984,0.0004145
43049,1976-09-28,I,-0.0423905,0.0004145
43050,1976-09-29,I,-0.0456728,0.0004145
43051,1976-09-30,I,-0.0489075,0.0002940
43052,1976-10-01,I,-0.0521542,0.0002940
43053,1976-10-02,I,-0.0554553,0.0000331
43054,1976-10-03,I,-0.0588305,0.0000331
43055,1976-10-04,I,-0.0622778,0.0009776
43056,1976-10-05,I,-0.0657781,0.0009776
43057,1976-10-06,I,-0.0692999,0.0010440
43058,1976-10-07,I,-0.0728058,0.0009248
43059,1976-10-08,I,-0.0762616,0.0008855
43060,1976-10-09,I,-0.0796421,0.0007212
43061,1976-10-10,I,-0.0829332,0.0004176
43062,1976-10-11,I,-0.0861346,0.0004176
43063,1976-10-12,I,-0.0892595,0.0004073
43064,1976-10-13,I,-0.0923330,0.0004302
43065,1976-10-14,I,-0.0953893,0.0003097
43066,1976-10-15,I,-0.0984704,0.0002851
43067,1976-10-16,I,-0.1016220,0.0002851
43068,1976-10-17,I,-0.1048897,0.0002851
43069,1976-10-18,I,-0.1083106,0.0002851
43070,1976-10-19,I,-0.1119040,0.0002851
43071,1976-10-20,I,-0.1156586,0.0002851
43072,1976-10-21,I,-0.1195251,0.0002710
43073,1976-10-22,I,-0.1234210,0.0004246
43074,1976-10-23,I,-0.1272516,0.0004246
43075,1976-10-24,I,-0.1309398,0.0004246
43076,1976-10-25,I,-0.1344522,0.0004246
43077,1976-10-26,I,-0.1378055,0.0004246
43078,1976-10-27,I,-0.1410532,0.0006357
43079,1976-10-28,I,-0.1442595,0.0007924
43080,1976-10-29,I,-0.1474754,0.0007213
43081,1976-10-30,I,-0.1507262,0.0007213
43082,1976-10-31,I,-0.1540137,0.0007213
43083,1976-11-01,I,-0.1573241,0.0007213
43084,1976-11-02,I,-0.1606338,0.0004930
43085,1976-11-03,I,-0.1639125,0.0004879
43086,1976-11-04,I,-0.1671292,0.0003330
43087,1976-11-05,I,-0.1702568,0.0004012
43088,1976-11-06,I,-0.1732772,0.0004012
43089,1976-11-07,I,-0.1761852,0.0004012
43090,1976-11-08,I,-0.1789899,0.0003698
43091,1976-11-09,I,-0.1817139,0.0003503
43092,1976-11-10,I,-0.1843896,0.0003596
43093,1976-11-11,I,-0.1870564,0.0002171
43094,1976-11-12,I,-0.1897580,0.0002171
43095,1976-11-13,I,-0.1925376,0.0002171
43096,1976-11-14,I,-0.1954333,0.0009088
43097,1976-11-15,I,-0.1984697,0.0009088
43098,1976-11-16,I,-0.2016502,0.0009088
43099,1976-11-17,I,-0.2049494,0.0009891
43100,1976-11-18,I,-0.2083144,0.0009891
43101,1976-11-19,I,-0.2116730,0.0009891
43102,1976-11-20,I,-0.2149518,0.0006682
43103,1976-11-21,I,-0.2180999,0.0006682
43104,1976-11-22,I,-0.2211095,0.0005456
43105,1976-11-23,I,-0.2240172,0.0004988
43106,1976-11-24,I,-0.2268848,0.0004988
43107,1976-11-25,I,-0.2297720,0.0004988
43108,1976-11-26,I,-0.2327159,0.0002136
43109,1976-11-27,I,-0.2357238,0.0002136
43110,1976-11-28,I,-0.2387789,0.0003018
43111,1976-11-29,I,-0.2418531,0.0002137
43112,1976-11-30,I,-0.2449153,0.0002137
43113,1976-12-01,I,-0.2479364,0.0002273
43114,1976-12-02,I,-0.2508917,0.0001788
43115,1976-12-03,I,-0.2537633,0.0001788
43116,1976-12-04,I,-0.2565442,0.0001788
43117,1976-12-05,I,-0.2592407,0.0003067
43118,1976-12-06,I,-0.2618727,0.0003067
43119,1976-12-07,I,-0.2644700,0.0003528
43120,1976-12-08,I,-0.2670691,0.0003092
43121,1976-12-09,I,-0.2697089,0.0003092
43122,1976-12-10,I,-0.2724274,0.0003092
43123,1976-12-11,I,-0.2752571,0.0002330
43124,1976-12-12,I,-0.2782186,0.0002330
43125,1976-12-13,I,-0.2813151,0.0002330
43126,1976-12-14,I,-0.2845277,0.0002043
43127,1976-12-15,I,-0.2878148,0.0001561
43128,1976-12-16,I,-0.2911165,0.0001561
43129,1976-12-17,I,-0.2943671,0.0000838
43130,1976-12-18,I,-0.2975122,0.0000838
43131,1976-12-19,I,-0.3005265,0.0000838
43132,1976-12-20,I,-0.3034234,0.0004926
43133,1976-12-21,I,-0.3062498,0.0006916
43134,1976-12-22,I,-0.3090653,0.0006916
43135,1976-12-23,I,-0.3119181,0.0006916
43136,1976-12-24,I,-0.3148291,0.0005986
43137,1976-12-25,I,-0.3177886,0.0005986
43138,1976-12-26,I,-0.3207663,0.0004882
43139,1976-12-27,I,-0.3237258,0.0004882
43140,1976-12-28,I,-0.3266345,0.0004882
43141,1976-12-29,I,-0.3294667,0.0004882
43142,1976-12-30,I,-0.3322049,0.0002710
43143,1976-12-31,I,-0.3348417,0.0002710
43144,1977-01-01,I,0.6626185,0.0002710
43145,1977-01-02,I,0.6601581,0.0002710
43146,1977-01-03,I,0.6577476,0.0002710
43147,1977-01-04,I,0.6553493,0.0002710
43148,1977-01-05,I,0.6529220,0.0002710
43149,1977-01-06,I,0.6504243,0.0002710
43150,1977-01-07,I,0.6478203,0.0002710
43151,1977-01-08,I,0.6450864,0.0002710
43152,1977-01-09,I,0.6422189,0.0002710
43153,1977-01-10,I,0.6392375,0.0000175
43154,1977-01-11,I,0.6361842,0.0000175
43155,1977-01-12,I,0.6331152,0.0000175
43156,1977-01-13,I,0.6300883,0.0000175
43157,1977-01-14,I,0.6271505,0.0000175
43158,1977-01-15,I,0.6243251,0.0000175
43159,1977-01-16,I,0.6216051,0.0002710
43160,1977-01-17,I,0.6189530,0.0002710
43161,1977-01-18,I,0.6163126,0.0002710
43162,1977-01-19,I,0.6136280,0.0002567
43163,1977-01-20,I,0.6108637,0.0002567
43164,1977-01-21,I,0.6080158,0.0002567
43165,1977-01-22,I,0.6051100,0.0002567
43166,1977-01-23,I,0.6021892,0.0002567
43167,1977-01-24,I,0.5992982,0.0002567
43168,1977-01-25,I,0.5964735,0.0002710
43169,1977-01-26,I,0.5937394,0.0002710
43170,1977-01-27,I,0.5911085,0.0002710
43171,1977-01-28,I,0.5885810,0.0005459
43172,1977-01-29,I,0.5861440,0.0005459
43173,1977-01-30,I,0.5837720,0.0004765
43174,1977-01-31,I,0.5814283,0.0004765
43175,1977-02-01,I,0.5790687,0.0004765
43176,1977-02-02,I,0.5766468,0.0004765
43177,1977-02-03,I,0.5741194,0.0002541
43178,1977-02-04,I,0.5714534,0.0002541
43179,1977-02-05,I,0.5686346,0.0001950
43180,1977-02-06,I,0.5656757,0.0001950
43181,1977-02-07,I,0.5626180,0.0001741
43182,1977-02-08,I,0.5595238,0.0001741
43183,1977-02-09,I,0.5564602,0.0001741
43184,1977-02-10,I,0.5534807,0.0001741
43185,1977-02-11,I,0.5506118,0.0001125
43186,1977-02-12,I,0.5478478,0.0004462
43187,1977-02-13,I,0.5451542,0.0005297
43188,1977-02-14,I,0.5424775,0.0005297
43189,1977-02-15,I,0.5397602,0.0005297
43190,1977-02-16,I,0.5369573,0.0005297
43191,1977-02-17,I,0.5340500,0.0005297
43192,1977-02-18,I,0.5310492,0.0002710
43193,1977-02-19,I,0.5279908,0.0002710
43194,1977-02-20,I,0.5249227,0.0002710
43195,1977-02-21,I,0.5218909,0.0002710
43196,1977-02-22,I,0.5189301,0.0002710
43197,1977-02-23,I,0.5160611,0.0002710
43198,1977-02-24,I,0.5132906,0.0002710
43199,1977-02-25,I,0.5106119,0.0005156
43200,1977-02-26,I,0.5080055,0.0005156
43201,1977-02-27,I,0.5054395,0.0004438
43202,1977-02-28,I,0.5028736,0.0004438
43203,1977-03-01,I,0.5002612,0.0004438
43204,1977-03-02,I,0.4975561,0.0004438
43205,1977-03-03,I,0.4947180,0.0001982
43206,1977-03-04,I,0.4917208,0.0001982
43207,1977-03-05,I,0.4885627,0.0002710
43208,1977-03-06,I,0.4852740,0.0002710
43209,1977-03-07,I,0.4819160,0.0002710
43210,1977-03-08,I,0.4785676,0.0002710
43211,1977-03-09,I,0.4753023,0.0005102
43212,1977-03-10,I,0.4721665,0.0005102
43213,1977-03-11,I,0.4691678,0.0005102
43214,1977-03-12,I,0.4662772,0.0005102
43215,1977-03-13,I,0.4634414,0.0003610
43216,1977-03-14,I,0.4606005,0.0003610
43217,1977-03-15,I,0.4577033,0.0000194
43218,1977-03-16,I,0.4547186,0.0000194
43219,1977-03-17,I,0.4516395,0.0000194
43220,1977-03-18,I,0.4484838,0.0007106
43221,1977-03-19,I,0.4452868,0.0010048
43222,1977-03-20,I,0.4420902,0.0010048
43223,1977-03-21,I,0.4389315,0.0010048
43224,1977-03-22,I,0.4358371,0.0010048
43225,1977-03-23,I,0.4328211,0.0010048
43226,1977-03-24,I,0.4298835,0.0002710
43227,1977-03-25,I,0.4270109,0.0002710
43228,1977-03-26,I,0.4241782,0.0005852
43229,1977-03-27,I,0.4213506,0.0005517
43230,1977-03-28,I,0.4184867,0.0005517
43231,1977-03-29,I,0.4155428,0.0005517
43232,1977-03-30,I,0.4124775,0.0005517
43233,1977-03-31,I,0.4092564,0.0005517
43234,1977-04-01,I,0.4058619,0.0004660
43235,1977-04-02,I,0.4023032,0.0002710
43236,1977-04-03,I,0.3986232,0.0001649
43237,1977-04-04,I,0.3948942,0.0001386
43238,1977-04-05,I,0.3912009,0.0003873
43239,1977-04-06,I,0.3876139,0.0003873
43240,1977-04-07,I,0.3841665,0.0003502
43241,1977-04-08,I,0.3808477,0.0003502
43242,1977-04-09,I,0.3776128,0.0004421
43243,1977-04-10,I,0.3744038,0.0005411
43244,1977-04-11,I,0.3711700,0.0000743
43245,1977-04-12,I,0.3678802,0.0001081
43246,1977-04-13,I,0.3645267,0.0001199
43247,1977-04-14,I,0.3611225,0.0001199
43248,1977-04-15,I,0.3576961,0.0001199
43249,1977-04-16,I,0.3542844,0.0001199
43250,1977-04-17,I,0.3509252,0.0001199
43251,1977-04-18,I,0.3476494,0.0005731
43252,1977-04-19,I,0.3444757,0.0005731
43253,1977-04-20,I,0.3414078,0.0005731
43254,1977-04-21,I,0.3384355,0.0005731
43255,1977-04-22,I,0.3355354,0.0004675
43256,1977-04-23,I,0.3326741,0.0004675
43257,1977-04-24,I,0.3298116,0.0003038
43258,1977-04-25,I,0.3269046,0.0003038
43259,1977-04-26,I,0.3239115,0.0003038
43260,1977-04-27,I,0.3207960,0.0003038
43261,1977-04-28,I,0.3175325,0.0003205
43262,1977-04-29,I,0.3141144,0.0003205
43263,1977-04-30,I,0.3105615,0.0005533
43264,1977-05-01,I,0.3069244,0.0005533
43265,1977-05-02,I,0.3032788,0.0005533
43266,1977-05-03,I,0.2997048,0.0005533
43267,1977-05-04,I,0.2962607,0.0005084
43268,1977-05-05,I,0.2929619,0.0005084
43269,1977-05-06,I,0.2897801,0.0003199
43270,1977-05-07,I,0.2866596,0.0003562
43271,1977-05-08,I,0.2835434,0.0003562
43272,1977-05-09,I,0.2803938,0.0003562
43273,1977-05-10,I,0.2772006,0.0004026
43274,1977-05-11,I,0.2739783,0.0003881
43275,1977-05-12,I,0.2707555,0.0003881
43276,1977-05-13,I,0.2675670,0.0003730
43277,1977-05-14,I,0.2644468,0.0003730
43278,1977-05-15,I,0.2614238,0.0003730
43279,1977-05-16,I,0.2585176,0.0003730
43280,1977-05-17,I,0.2557354,0.0002710
43281,1977-05-18,I,0.2530705,0.0002710
43282,1977-05-19,I,0.2505039,0.0002710
43283,1977-05-20,I,0.2480069,0.0002710
43284,1977-05-21,I,0.2455448,0.0002710
43285,1977-05-22,I,0.2430797,0.0002710
43286,1977-05-23,I,0.2405745,0.0002710
43287,1977-05-24,I,0.2379961,0.0002710
43288,1977-05-25,I,0.2353201,0.0002710
43289,1977-05-26,I,0.2325353,0.0002710
43290,1977-05-27,I,0.2296489,0.0006939
43291,1977-05-28,I,0.2266911,0.0006939
43292,1977-05-29,I,0.2237150,0.0006939
43293,1977-05-30,I,0.2207873,0.0006939
43294,1977-05-31,I,0.2179679,0.0006939
43295,1977-06-01,I,0.2152896,0.0006939
43296,1977-06-02,I,0.2127446,0.0002710
43297,1977-06-03,I,0.2102882,0.0002710
43298,1977-06-04,I,0.2078594,0.0002710
43299,1977-06-05,I,0.2054067,0.0009569
43300,1977-06-06,I,0.2029074,0.0008898
43301,1977-06-07,I,0.2003697,0.0008898
43302,1977-06-08,I,0.1978232,0.0008898
43303,1977-06-09,I,0.1953057,0.0006838
43304,1977-06-10,I,0.1928528,0.0006838
43305,1977-06-11,I,0.1904918,0.0003948
43306,1977-06-12,I,0.1882404,0.0003978
43307,1977-06-13,I,0.1861060,0.0003978
43308,1977-06-14,I,0.1840834,0.0003978
43309,1977-06-15,I,0.1821549,0.0005608
43310,1977-06-16,I,0.1802937,0.0005751
43311,1977-06-17,I,0.1784663,0.0005751
43312,1977-06-18,I,0.1766367,0.0005890
43313,1977-06-19,I,0.1747697,0.0005890
43314,1977-06-20,I,0.1728340,0.0005890
43315,1977-06-21,I,0.1708059,0.0004913
43316,1977-06-22,I,0.1686738,0.0003686
43317,1977-06-23,I,0.1664431,0.0003765
43318,1977-06-24,I,0.1641366,0.0005813
43319,1977-06-25,I,0.1617951,0.0005813
43320,1977-06-26,I,0.1594713,0.0005813
43321,1977-06-27,I,0.1572181,0.0006917
43322,1977-06-28,I,0.1550723,0.0006025
43323,1977-06-29,I,0.1530401,0.0006391
43324,1977-06-30,I,0.1510924,0.0004439
43325,1977-07-01,I,0.1491743,0.0007116
43326,1977-07-02,I,0.1472272,0.0007116
43327,1977-07-03,I,0.1452138,0.0006731
43328,1977-07-04,I,0.1431315,0.0006971
43329,1977-07-05,I,0.1410102,0.0005631
43330,1977-07-06,I,0.1388972,0.0005385
43331,1977-07-07,I,0.1368378,0.0003865
43332,1977-07-08,I,0.1348656,0.0003865
43333,1977-07-09,I,0.1330001,0.0001971
43334,1977-07-10,I,0.1312487,0.0002104
43335,1977-07-11,I,0.1296067,0.0002732
43336,1977-07-12,I,0.1280574,0.0002142
43337,1977-07-13,I,0.1265717,0.0002142
43338,1977-07-14,I,0.1251116,0.0002142
43339,1977-07-15,I,0.1236351,0.0001313
43340,1977-07-16,I,0.1221012,0.0001313
43341,1977-07-17,I,0.1204734,0.0001313
43342,1977-07-18,I,0.1187243,0.0004528
43343,1977-07-19,I,0.1168399,0.0004528
43344,1977-07-20,I,0.1148243,0.0003704
43345,1977-07-21,I,0.1127012,0.0004529
43346,1977-07-22,I,0.1105123,0.0004496
43347,1977-07-23,I,0.1083077,0.0004192
43348,1977-07-24,I,0.1061359,0.0002267
43349,1977-07-25,I,0.1040324,0.0002267
43350,1977-07-26,I,0.1020104,0.0003293
43351,1977-07-27,I,0.1000546,0.0004360
43352,1977-07-28,I,0.0981241,0.0004365
43353,1977-07-29,I,0.0961651,0.0006348
43354,1977-07-30,I,0.0941317,0.0005685
43355,1977-07-31,I,0.0920042,0.0005536
43356,1977-08-01,I,0.0897979,0.0005536
43357,1977-08-02,I,0.0875573,0.0004869
43358,1977-08-03,I,0.0853374,0.0004869
43359,1977-08-04,I,0.0831856,0.0004033
43360,1977-08-05,I,0.0811332,0.0002812
43361,1977-08-06,I,0.0791938,0.0002312
43362,1977-08-07,I,0.0773662,0.0002312
43363,1977-08-08,I,0.0756364,0.0005068
43364,1977-08-09,I,0.0739781,0.0005068
43365,1977-08-10,I,0.0723543,0.0005068
43366,1977-08-11,I,0.0707221,0.0006624
43367,1977-08-12,I,0.0690390,0.0005648
43368,1977-08-13,I,0.0672667,0.0005648
43369,1977-08-14,I,0.0653746,0.0004463
43370,1977-08-15,I,0.0633441,0.0004463
43371,1977-08-16,I,0.0611742,0.0004463
43372,1977-08-17,I,0.0588849,0.0004463
43373,1977-08-18,I,0.0565178,0.0002710
43374,1977-08-19,I,0.0541272,0.0002710
43375,1977-08-20,I,0.0517664,0.0002710
43376,1977-08-21,I,0.0494732,0.0002215
43377,1977-08-22,I,0.0472599,0.0002215
43378,1977-08-23,I,0.0451103,0.0002215
43379,1977-08-24,I,0.0429836,0.0002215
43380,1977-08-25,I,0.0408246,0.0002215
43381,1977-08-26,I,0.0385791,0.0002215
43382,1977-08-27,I,0.0362104,0.0005082
43383,1977-08-28,I,0.0337119,0.0005082
43384,1977-08-29,I,0.0311093,0.0005082
43385,1977-08-30,I,0.0284512,0.0005082
43386,1977-08-31,I,0.0257924,0.0005082
43387,1977-09-01,I,0.0231795,0.0006414
43388,1977-09-02,I,0.0206401,0.0004339
43389,1977-09-03,I,0.0181826,0.0004339
43390,1977-09-04,I,0.0157992,0.0004339
43391,1977-09-05,I,0.0134699,0.0004339
43392,1977-09-06,I,0.0111649,0.0004106
43393,1977-09-07,I,0.0088469,0.0001741
43394,1977-09-08,I,0.0064745,0.0002905
43395,1977-09-09,I,0.0040079,0.0002195
43396,1977-09-10,I,0.0014130,0.0002195
43397,1977-09-11,I,-0.0013344,0.0002195
43398,1977-09-12,I,-0.0042437,0.0001799
43399,1977-09-13,I,-0.0073023,0.0001799
43400,1977-09-14,I,-0.0104725,0.0001799
43401,1977-09-15,I,-0.0136949,0.0002710
43402,1977-09-16,I,-0.0169013,0.0002710
43403,1977-09-17,I,-0.0200341,0.0002710
43404,1977-09-18,I,-0.0230626,0.0006899
43405,1977-09-19,I,-0.0259907,0.0006899
43406,1977-09-20,I,-0.0288518,0.0006899
43407,1977-09-21,I,-0.0316966,0.0006899
43408,1977-09-22,I,-0.0345779,0.0006899
43409,1977-09-23,I,-0.0375362,0.0005166
43410,1977-09-24,I,-0.0405881,0.0002405
43411,1977-09-25,I,-0.0437228,0.0002405
43412,1977-09-26,I,-0.0469046,0.0002405
43413,1977-09-27,I,-0.0500839,0.0002405
43414,1977-09-28,I,-0.0532112,0.0004510
43415,1977-09-29,I,-0.0562493,0.0007063
43416,1977-09-30,I,-0.0591797,0.0005828
43417,1977-10-01,I,-0.0620028,0.0005828
43418,1977-10-02,I,-0.0647341,0.0005828
43419,1977-10-03,I,-0.0674021,0.0005828
43420,1977-10-04,I,-0.0700452,0.0005447
43421,1977-10-05,I,-0.0727063,0.0003362
43422,1977-10-06,I,-0.0754298,0.0004298
43423,1977-10-07,I,-0.0782563,0.0010804
43424,1977-10-08,I,-0.0812191,0.0010804
43425,1977-10-09,I,-0.0843411,0.0010804
43426,1977-10-10,I,-0.0876288,0.0014662
43427,1977-10-11,I,-0.0910627,0.0010395
43428,1977-10-12,I,-0.0945959,0.0010395
43429,1977-10-13,I,-0.0981618,0.0001064
43430,1977-10-14,I,-0.1016902,0.0001064
43431,1977-10-15,I,-0.1051289,0.0003754
43432,1977-10-16,I,-0.1084605,0.0003754
43433,1977-10-17,I,-0.1117055,0.0005201
43434,1977-10-18,I,-0.1149104,0.0005201
43435,1977-10-19,I,-0.1181282,0.0003732
43436,1977-10-20,I,-0.1214013,0.0003732
43437,1977-10-21,I,-0.1247493,0.0000904
43438,1977-10-22,I,-0.1281672,0.0001971
43439,1977-10-23,I,-0.1316292,0.0001971
43440,1977-10-24,I,-0.1350957,0.0001786
43441,1977-10-25,I,-0.1385223,0.0001789
43442,1977-10-26,I,-0.1418689,0.0001789
43443,1977-10-27,I,-0.1451081,0.0001789
43444,1977-10-28,I,-0.1482296,0.0000769
43445,1977-10-29,I,-0.1512403,0.0005016
43446,1977-10-30,I,-0.1541601,0.0005447
43447,1977-10-31,I,-0.1570190,0.0007052
43448,1977-11-01,I,-0.1598529,0.0007052
43449,1977-11-02,I,-0.1627007,0.0007052
43450,1977-11-03,I,-0.1656005,0.0005903
43451,1977-11-04,I,-0.1685848,0.0003669
43452,1977-11-05,I,-0.1716771,0.0003669
43453,1977-11-06,I,-0.1748889,0.0003669
43454,1977-11-07,I,-0.1782163,0.0002603
43455,1977-11-08,I,-0.1816348,0.0002603
43456,1977-11-09,I,-0.1850976,0.0000303
43457,1977-11-10,I,-0.1885430,0.0000303
43458,1977-11-11,I,-0.1919116,0.0000303
43459,1977-11-12,I,-0.1951680,0.0000303
43460,1977-11-13,I,-0.1983145,0.0002710
43461,1977-11-14,I,-0.2013892,0.0002771
43462,1977-11-15,I,-0.2044481,0.0002771
43463,1977-11-16,I,-0.2075413,0.0002771
43464,1977-11-17,I,-0.2106952,0.0002117
43465,1977-11-18,I,-0.2139069,0.0002117
43466,1977-11-19,I,-0.2171508,0.0001942
43467,1977-11-20,I,-0.2203904,0.0001026
43468,1977-11-21,I,-0.2235871,0.0001907
43469,1977-11-22,I,-0.2267076,0.0001907
43470,1977-11-23,I,-0.2297285,0.0002211
43471,1977-11-24,I,-0.2326390,0.0002603
43472,1977-11-25,I,-0.2354430,0.0002780
43473,1977-11-26,I,-0.2381579,0.0002780
43474,1977-11-27,I,-0.2408114,0.0003040
43475,1977-11-28,I,-0.2434384,0.0002440
43476,1977-11-29,I,-0.2460776,0.0002440
43477,1977-11-30,I,-0.2487671,0.0001108
43478,1977-12-01,I,-0.2515405,0.0001108
43479,1977-12-02,I,-0.2544239,0.0001108
43480,1977-12-03,I,-0.2574326,0.0001848
43481,1977-12-04,I,-0.2605691,0.0002366
43482,1977-12-05,I,-0.2638210,0.0002366
43483,1977-12-06,I,-0.2671588,0.0005084
43484,1977-12-07,I,-0.2705366,0.0005084
43485,1977-12-08,I,-0.2739012,0.0007876
43486,1977-12-09,I,-0.2772087,0.0009500
43487,1977-12-10,I,-0.2804441,0.0009500
43488,1977-12-11,I,-0.2836291,0.0007764
43489,1977-12-12,I,-0.2868129,0.0008208
43490,1977-12-13,I,-0.2900484,0.0008208
43491,1977-12-14,I,-0.2933703,0.0000587
43492,1977-12-15,I,-0.2967807,0.0000428
43493,1977-12-16,I,-0.3002507,0.0000428
43494,1977-12-17,I,-0.3037341,0.0000143
43495,1977-12-18,I,-0.3071833,0.0000143
43496,1977-12-19,I,-0.3105604,0.0000143
43497,1977-12-20,I,-0.3138409,0.0000143
43498,1977-12-21,I,-0.3170136,0.0001672
43499,1977-12-22,I,-0.3200801,0.0001672
43500,1977-12-23,I,-0.3230544,0.0001672
43501,1977-12-24,I,-0.3259612,0.0001672
43502,1977-12-25,I,-0.3288325,0.0001672
43503,1977-12-26,I,-0.3317040,0.0001672
43504,1977-12-27,I,-0.3346102,0.0002710
43505,1977-12-28,I,-0.3375816,0.0002710
43506,1977-12-29,I,-0.3406413,0.0002710
43507,1977-12-30,I,-0.3438023,0.0002710
43508,1977-12-31,I,-0.3470650,0.0002710
43509,1978-01-01,I,0.6495837,0.0002710
43510,1978-01-02,I,0.6461695,0.0002710
43511,1978-01-03,I,0.6427289,0.0002710
43512,1978-01-04,I,0.6393046,0.0002710
43513,1978-01-05,I,0.6359360,0.0002710
43514,1978-01-06,I,0.6326465,0.0002710
43515,1978-01-07,I,0.6294315,0.0006439
43516,1978-01-08,I,0.6262563,0.0006439
43517,1978-01-09,I,0.6230682,0.0006439
43518,1978-01-10,I,0.6198196,0.0006439
43519,1978-01-11,I,0.6164887,0.0006439
43520,1978-01-12,I,0.6130910,0.0006439
43521,1978-01-13,I,0.6096721,0.0002710
43522,1978-01-14,I,0.6062895,0.0002710
43523,1978-01-15,I,0.6029926,0.0002710
43524,1978-01-16,I,0.5998129,0.0002710
43525,1978-01-17,I,0.5967623,0.0002710
43526,1978-01-18,I,0.5938363,0.0002710
43527,1978-01-19,I,0.5910181,0.0002710
43528,1978-01-20,I,0.5882799,0.0000447
43529,1978-01-21,I,0.5855859,0.0000447
43530,1978-01-22,I,0.5828958,0.0000447
43531,1978-01-23,I,0.5801696,0.0000447
43532,1978-01-24,I,0.5773717,0.0000447
43533,1978-01-25,I,0.5744735,0.0000447
43534,1978-01-26,I,0.5714572,0.0002710
43535,1978-01-27,I,0.5683182,0.0002710
43536,1978-01-28,I,0.5650671,0.0002710
43537,1978-01-29,I,0.5617291,0.0009008
43538,1978-01-30,I,0.5583390,0.0009008
43539,1978-01-31,I,0.5549349,0.0009008
43540,1978-02-01,I,0.5515494,0.0009008
43541,1978-02-02,I,0.5482029,0.0009008
43542,1978-02-03,I,0.5448952,0.0009008
43543,1978-02-04,I,0.5416005,0.0002710
43544,1978-02-05,I,0.5382717,0.0002710
43545,1978-02-06,I,0.5348558,0.0002710
43546,1978-02-07,I,0.5313156,0.0002710
43547,1978-02-08,I,0.5276480,0.0002710
43548,1978-02-09,I,0.5238881,0.0002710
43549,1978-02-10,I,0.5200979,0.0003216
43550,1978-02-11,I,0.5163453,0.0003216
43551,1978-02-12,I,0.5126843,0.0003216
43552,1978-02-13,I,0.5091454,0.0003216
43553,1978-02-14,I,0.5057354,0.0003216
43554,1978-02-15,I,0.5024432,0.0003216
43555,1978-02-16,I,0.4992455,0.0002710
43556,1978-02-17,I,0.4961093,0.0002710
43557,1978-02-18,I,0.4929954,0.0004399
43558,1978-02-19,I,0.4898629,0.0004399
43559,1978-02-20,I,0.4866734,0.0004399
43560,1978-02-21,I,0.4833960,0.0004399
43561,1978-02-22,I,0.4800104,0.0004399
43562,1978-02-23,I,0.4765106,0.0006499
43563,1978-02-24,I,0.4729070,0.0008070
43564,1978-02-25,I,0.4692277,0.0008070
43565,1978-02-26,I,0.4655161,0.0008070
43566,1978-02-27,I,0.4618208,0.0008070
43567,1978-02-28,I,0.4581833,0.0008070
43568,1978-03-01,I,0.4546282,0.0002710
43569,1978-03-02,I,0.4511561,0.0002710
43570,1978-03-03,I,0.4477425,0.0002710
43571,1978-03-04,I,0.4443420,0.0004485
43572,1978-03-05,I,0.4408993,0.0004485
43573,1978-03-06,I,0.4373656,0.0004485
43574,1978-03-07,I,0.4337146,0.0004485
43575,1978-03-08,I,0.4299562,0.0004485
43576,1978-03-09,I,0.4261347,0.0004485
43577,1978-03-10,I,0.4223156,0.0000680
43578,1978-03-11,I,0.4185641,0.0000680
43579,1978-03-12,I,0.4149282,0.0000680
43580,1978-03-13,I,0.4114311,0.0000680
43581,1978-03-14,I,0.4080726,0.0000680
43582,1978-03-15,I,0.4048358,0.0006536
43583,1978-03-16,I,0.4016919,0.0009218
43584,1978-03-17,I,0.3986047,0.0009218
43585,1978-03-18,I,0.3955330,0.0009218
43586,1978-03-19,I,0.3924333,0.0009218
43587,1978-03-20,I,0.3892666,0.0008318
43588,1978-03-21,I,0.3860030,0.0007308
43589,1978-03-22,I,0.3826246,0.0007308
43590,1978-03-23,I,0.3791281,0.0007308
43591,1978-03-24,I,0.3755294,0.0007308
43592,1978-03-25,I,0.3718651,0.0007308
43593,1978-03-26,I,0.3681869,0.0003505
43594,1978-03-27,I,0.3645485,0.0003505
43595,1978-03-28,I,0.3609908,0.0003505
43596,1978-03-29,I,0.3575284,0.0004807
43597,1978-03-30,I,0.3541465,0.0004807
43598,1978-03-31,I,0.3508067,0.0004807
43599,1978-04-01,I,0.3474586,0.0005825
43600,1978-04-02,I,0.3440540,0.0005437
43601,1978-04-03,I,0.3405596,0.0005437
43602,1978-04-04,I,0.3369688,0.0005020
43603,1978-04-05,I,0.3333051,0.0004912
43604,1978-04-06,I,0.3296181,0.0004912
43605,1978-04-07,I,0.3259694,0.0004912
43606,1978-04-08,I,0.3224153,0.0004802
43607,1978-04-09,I,0.3189922,0.0004802
43608,1978-04-10,I,0.3157120,0.0005268
43609,1978-04-11,I,0.3125655,0.0005695
43610,1978-04-12,I,0.3095284,0.0005695
43611,1978-04-13,I,0.3065667,0.0007776
43612,1978-04-14,I,0.3036402,0.0007776
43613,1978-04-15,I,0.3007051,0.0007776
43614,1978-04-16,I,0.2977200,0.0009407
43615,1978-04-17,I,0.2946518,0.0006652
43616,1978-04-18,I,0.2914803,0.0006652
43617,1978-04-19,I,0.2881979,0.0000621
43618,1978-04-20,I,0.2848121,0.0000621
43619,1978-04-21,I,0.2813478,0.0002404
43620,1978-04-22,I,0.2778487,0.0002805
43621,1978-04-23,I,0.2743702,0.0003357
43622,1978-04-24,I,0.2709660,0.0003357
43623,1978-04-25,I,0.2676683,0.0003689
43624,1978-04-26,I,0.2644766,0.0003689
43625,1978-04-27,I,0.2613583,0.0003013
43626,1978-04-28,I,0.2582621,0.0001898
43627,1978-04-29,I,0.2551362,0.0001898
43628,1978-04-30,I,0.2519451,0.0001898
43629,1978-05-01,I,0.2486768,0.0001898
43630,1978-05-02,I,0.2453449,0.0001540
43631,1978-05-03,I,0.2419836,0.0001067
43632,1978-05-04,I,0.2386393,0.0001067
43633,1978-05-05,I,0.2353591,0.0001067
43634,1978-05-06,I,0.2321799,0.0001067
43635,1978-05-07,I,0.2291195,0.0006030
43636,1978-05-08,I,0.2261756,0.0008460
43637,1978-05-09,I,0.2233282,0.0008460
43638,1978-05-10,I,0.2205458,0.0008460
43639,1978-05-11,I,0.2177930,0.0006220
43640,1978-05-12,I,0.2150318,0.0006220
43641,1978-05-13,I,0.2122252,0.0002408
43642,1978-05-14,I,0.2093413,0.0001901
43643,1978-05-15,I,0.2063578,0.0001901
43644,1978-05-16,I,0.2032638,0.0001862
43645,1978-05-17,I,0.2000605,0.0001357
43646,1978-05-18,I,0.1967624,0.0001305
43647,1978-05-19,I,0.1933993,0.0001305
43648,1978-05-20,I,0.1900161,0.0001376
43649,1978-05-21,I,0.1866651,0.0001376
43650,1978-05-22,I,0.1833913,0.0001228
43651,1978-05-23,I,0.1802152,0.0001228
43652,1978-05-24,I,0.1771234,0.0002552
43653,1978-05-25,I,0.1740744,0.0002552
43654,1978-05-26,I,0.1710172,0.0004246
43655,1978-05-27,I,0.1679135,0.0004246
43656,1978-05-28,I,0.1647525,0.0005159
43657,1978-05-29,I,0.1615517,0.0008569
43658,1978-05-30,I,0.1583492,0.0010447
43659,1978-05-31,I,0.1551910,0.0010447
43660,1978-06-01,I,0.1521219,0.0011351
43661,1978-06-02,I,0.1491796,0.0011351
43662,1978-06-03,I,0.1463881,0.0012695
43663,1978-06-04,I,0.1437546,0.0002710
43664,1978-06-05,I,0.1412696,0.0014344
43665,1978-06-06,I,0.1389108,0.0014344
43666,1978-06-07,I,0.1366481,0.0014344
43667,1978-06-08,I,0.1344472,0.0014344
43668,1978-06-09,I,0.1322703,0.0014344
43669,1978-06-10,I,0.1300826,0.0010179
43670,1978-06-11,I,0.1278566,0.0001211
43671,1978-06-12,I,0.1255754,0.0001211
43672,1978-06-13,I,0.1232336,0.0000895
43673,1978-06-14,I,0.1208370,0.0000895
43674,1978-06-15,I,0.1184027,0.0000895
43675,1978-06-16,I,0.1159589,0.0000370
43676,1978-06-17,I,0.1135425,0.0000382
43677,1978-06-18,I,0.1111914,0.0000382
43678,1978-06-19,I,0.1089300,0.0000393
43679,1978-06-20,I,0.1067559,0.0000393
43680,1978-06-21,I,0.1046347,0.0003525
43681,1978-06-22,I,0.1025116,0.0003525
43682,1978-06-23,I,0.1003337,0.0006365
43683,1978-06-24,I,0.0980735,0.0004371
43684,1978-06-25,I,0.0957399,0.0004371
43685,1978-06-26,I,0.0933732,0.0004371
43686,1978-06-27,I,0.0910285,0.0003122
43687,1978-06-28,I,0.0887581,0.0003122
43688,1978-06-29,I,0.0865997,0.0002221
43689,1978-06-30,I,0.0845729,0.0000354
43690,1978-07-01,I,0.0826795,0.0000354
43691,1978-07-02,I,0.0809063,0.0000354
43692,1978-07-03,I,0.0792280,0.0000354
43693,1978-07-04,I,0.0776105,0.0003654
43694,1978-07-05,I,0.0760160,0.0005156
43695,1978-07-06,I,0.0744070,0.0005156
43696,1978-07-07,I,0.0727501,0.0003913
43697,1978-07-08,I,0.0710202,0.0003913
43698,1978-07-09,I,0.0692022,0.0003913
43699,1978-07-10,I,0.0672930,0.0002942
43700,1978-07-11,I,0.0653022,0.0002942
43701,1978-07-12,I,0.0632501,0.0002677
43702,1978-07-13,I,0.0611657,0.0002955
43703,1978-07-14,I,0.0590820,0.0002955
43704,1978-07-15,I,0.0570327,0.0002955
43705,1978-07-16,I,0.0550440,0.0002049
43706,1978-07-17,I,0.0531236,0.0004300
43707,1978-07-18,I,0.0512523,0.0005726
43708,1978-07-19,I,0.0493852,0.0005726
43709,1978-07-20,I,0.0474668,0.0005726
43710,1978-07-21,I,0.0454547,0.0005726
43711,1978-07-22,I,0.0433395,0.0005233
43712,1978-07-23,I,0.0411526,0.0004734
43713,1978-07-24,I,0.0389542,0.0004734
43714,1978-07-25,I,0.0368111,0.0003836
43715,1978-07-26,I,0.0347747,0.0003836
43716,1978-07-27,I,0.0328718,0.0003404
43717,1978-07-28,I,0.0311050,0.0002706
43718,1978-07-29,I,0.0294582,0.0001952
43719,1978-07-30,I,0.0279029,0.0001898
43720,1978-07-31,I,0.0264023,0.0001890
43721,1978-08-01,I,0.0249156,0.0001890
43722,1978-08-02,I,0.0234018,0.0001285
43723,1978-08-03,I,0.0218238,0.0001285
43724,1978-08-04,I,0.0201525,0.0001285
43725,1978-08-05,I,0.0183683,0.0000351
43726,1978-08-06,I,0.0164629,0.0000351
43727,1978-08-07,I,0.0144413,0.0002642
43728,1978-08-08,I,0.0123208,0.0003719
43729,1978-08-09,I,0.0101289,0.0003719
43730,1978-08-10,I,0.0078977,0.0003719
43731,1978-08-11,I,0.0056578,0.0003719
43732,1978-08-12,I,0.0034327,0.0002783
43733,1978-08-13,I,0.0012305,0.0001287
43734,1978-08-14,I,-0.0009617,0.0001287
43735,1978-08-15,I,-0.0031802,0.0000932
43736,1978-08-16,I,-0.0054772,0.0000932
43737,1978-08-17,I,-0.0079042,0.0000932
43738,1978-08-18,I,-0.0104891,0.0001938
43739,1978-08-19,I,-0.0132203,0.0003607
43740,1978-08-20,I,-0.0160459,0.0004620
43741,1978-08-21,I,-0.0188891,0.0004694
43742,1978-08-22,I,-0.0216734,0.0004694
43743,1978-08-23,I,-0.0243430,0.0004393
43744,1978-08-24,I,-0.0268715,0.0004840
43745,1978-08-25,I,-0.0292597,0.0003917
43746,1978-08-26,I,-0.0315276,0.0002437
43747,1978-08-27,I,-0.0337064,0.0003364
43748,1978-08-28,I,-0.0358339,0.0003364
43749,1978-08-29,I,-0.0379492,0.0003352
43750,1978-08-30,I,-0.0400888,0.0003352
43751,1978-08-31,I,-0.0422832,0.0008724
43752,1978-09-01,I,-0.0445534,0.0008724
43753,1978-09-02,I,-0.0469087,0.0011706
43754,1978-09-03,I,-0.0493461,0.0011706
43755,1978-09-04,I,-0.0518512,0.0011706
43756,1978-09-05,I,-0.0543988,0.0009551
43757,1978-09-06,I,-0.0569553,0.0006740
43758,1978-09-07,I,-0.0594862,0.0005095
43759,1978-09-08,I,-0.0619664,0.0005095
43760,1978-09-09,I,-0.0643867,0.0005095
43761,1978-09-10,I,-0.0667587,0.0004394
43762,1978-09-11,I,-0.0691163,0.0002500
43763,1978-09-12,I,-0.0715105,0.0002500
43764,1978-09-13,I,-0.0739971,0.0002453
43765,1978-09-14,I,-0.0766204,0.0001757
43766,1978-09-15,I,-0.0793961,0.0001757
43767,1978-09-16,I,-0.0823006,0.0000398
43768,1978-09-17,I,-0.0852752,0.0000398
43769,1978-09-18,I,-0.0882444,0.0000398
43770,1978-09-19,I,-0.0911401,0.0004589
43771,1978-09-20,I,-0.0939198,0.0006478
43772,1978-09-21,I,-0.0965733,0.0006478
43773,1978-09-22,I,-0.0991171,0.0006478
43774,1978-09-23,I,-0.1015837,0.0004925
43775,1978-09-24,I,-0.1040132,0.0004925
43776,1978-09-25,I,-0.1064490,0.0002561
43777,1978-09-26,I,-0.1089332,0.0002561
43778,1978-09-27,I,-0.1115022,0.0003130
43779,1978-09-28,I,-0.1141821,0.0003130
43780,1978-09-29,I,-0.1169875,0.0003610
43781,1978-09-30,I,-0.1199202,0.0003610
43782,1978-10-01,I,-0.1229683,0.0003610
43783,1978-10-02,I,-0.1261057,0.0002649
43784,1978-10-03,I,-0.1292935,0.0000999
43785,1978-10-04,I,-0.1324859,0.0000999
43786,1978-10-05,I,-0.1356407,0.0000999
43787,1978-10-06,I,-0.1387315,0.0004002
43788,1978-10-07,I,-0.1417569,0.0004002
43789,1978-10-08,I,-0.1447412,0.0005570
43790,1978-10-09,I,-0.1477273,0.0005570
43791,1978-10-10,I,-0.1507659,0.0003980
43792,1978-10-11,I,-0.1539010,0.0004914
43793,1978-10-12,I,-0.1571565,0.0004399
43794,1978-10-13,I,-0.1605252,0.0005055
43795,1978-10-14,I,-0.1639674,0.0005055
43796,1978-10-15,I,-0.1674204,0.0005988
43797,1978-10-16,I,-0.1708141,0.0008291
43798,1978-10-17,I,-0.1740909,0.0008193
43799,1978-10-18,I,-0.1772174,0.0008193
43800,1978-10-19,I,-0.1801891,0.0009014
43801,1978-10-20,I,-0.1830246,0.0009014
43802,1978-10-21,I,-0.1857591,0.0010296
43803,1978-10-22,I,-0.1884340,0.0011175
43804,1978-10-23,I,-0.1910914,0.0012556
43805,1978-10-24,I,-0.1937706,0.0012556
43806,1978-10-25,I,-0.1965053,0.0012556
43807,1978-10-26,I,-0.1993213,0.0008558
43808,1978-10-27,I,-0.2022321,0.0005045
43809,1978-10-28,I,-0.2052389,0.0005045
43810,1978-10-29,I,-0.2083301,0.0004335
43811,1978-10-30,I,-0.2114792,0.0004335
43812,1978-10-31,I,-0.2146480,0.0004335
43813,1978-11-01,I,-0.2177939,0.0002653
43814,1978-11-02,I,-0.2208821,0.0002145
43815,1978-11-03,I,-0.2238985,0.0002145
43816,1978-11-04,I,-0.2268581,0.0001193
43817,1978-11-05,I,-0.2298014,0.0001193
43818,1978-11-06,I,-0.2327809,0.0001193
43819,1978-11-07,I,-0.2358440,0.0001218
43820,1978-11-08,I,-0.2390181,0.0001117
43821,1978-11-09,I,-0.2423041,0.0001117
43822,1978-11-10,I,-0.2456753,0.0002702
43823,1978-11-11,I,-0.2490841,0.0002702
43824,1978-11-12,I,-0.2524725,0.0002702
43825,1978-11-13,I,-0.2557861,0.0003006
43826,1978-11-14,I,-0.2589864,0.0003548
43827,1978-11-15,I,-0.2620583,0.0003548
43828,1978-11-16,I,-0.2650110,0.0002374
43829,1978-11-17,I,-0.2678712,0.0004058
43830,1978-11-18,I,-0.2706751,0.0003072
43831,1978-11-19,I,-0.2734620,0.0003072
43832,1978-11-20,I,-0.2762690,0.0003072
43833,1978-11-21,I,-0.2791284,0.0003072
43834,1978-11-22,I,-0.2820636,0.0003255
43835,1978-11-23,I,-0.2850868,0.0001816
43836,1978-11-24,I,-0.2881979,0.0006169
43837,1978-11-25,I,-0.2913857,0.0006169
43838,1978-11-26,I,-0.2946290,0.0006169
43839,1978-11-27,I,-0.2978967,0.0006169
43840,1978-11-28,I,-0.3011505,0.0006169
43841,1978-11-29,I,-0.3043527,0.0006169
43842,1978-11-30,I,-0.3074782,0.0002710
43843,1978-12-01,I,-0.3105263,0.0002710
43844,1978-12-02,I,-0.3135263,0.0002710
43845,1978-12-03,I,-0.3165286,0.0002144
43846,1978-12-04,I,-0.3195849,0.0002144
43847,1978-12-05,I,-0.3227288,0.0002144
43848,1978-12-06,I,-0.3259629,0.0002144
43849,1978-12-07,I,-0.3292599,0.0002144
43850,1978-12-08,I,-0.3325722,0.0002144
43851,1978-12-09,I,-0.3358459,0.0004000
43852,1978-12-10,I,-0.3390324,0.0004589
43853,1978-12-11,I,-0.3420976,0.0004589
43854,1978-12-12,I,-0.3450266,0.0004589
43855,1978-12-13,I,-0.3478253,0.0004589
43856,1978-12-14,I,-0.3505161,0.0004589
43857,1978-12-15,I,-0.3531320,0.0006139
43858,1978-12-16,I,-0.3557104,0.0005278
43859,1978-12-17,I,-0.3582879,0.0005278
43860,1978-12-18,I,-0.3608971,0.0005278
43861,1978-12-19,I,-0.3635638,0.0005278
43862,1978-12-20,I,-0.3663063,0.0005278
43863,1978-12-21,I,-0.3691321,0.0005278
43864,1978-12-22,I,-0.3720375,0.0002710
43865,1978-12-23,I,-0.3750097,0.0002710
43866,1978-12-24,I,-0.3780288,0.0002710
43867,1978-12-25,I,-0.3810693,0.0002710
43868,1978-12-26,I,-0.3841026,0.0002710
43869,1978-12-27,I,-0.3871046,0.0011288
43870,1978-12-28,I,-0.3900665,0.0011288
43871,1978-12-29,I,-0.3930058,0.0008494
43872,1978-12-30,I,-0.3959657,0.0008494
43873,1978-12-31,I,-0.3989996,0.0008494
43874,1979-01-01,I,0.5978505,0.0008494
43875,1979-01-02,I,0.5945735,0.0000180
43876,1979-01-03,I,0.5911970,0.0000180
43877,1979-01-04,I,0.5877782,0.0002710
43878,1979-01-05,I,0.5843848,0.0002710
43879,1979-01-06,I,0.5810764,0.0003897
43880,1979-01-07,I,0.5778920,0.0003897
43881,1979-01-08,I,0.5748479,0.0003897
43882,1979-01-09,I,0.5719391,0.0003897
43883,1979-01-10,I,0.5691435,0.0003897
43884,1979-01-11,I,0.5664281,0.0003897
43885,1979-01-12,I,0.5637548,0.0002710
43886,1979-01-13,I,0.5610860,0.0002710
43887,1979-01-14,I,0.5583886,0.0002710
43888,1979-01-15,I,0.5556363,0.0002710
43889,1979-01-16,I,0.5528117,0.0002710
43890,1979-01-17,I,0.5499081,0.0002710
43891,1979-01-18,I,0.5469302,0.0002710
43892,1979-01-19,I,0.5438931,0.0002710
43893,1979-01-20,I,0.5408193,0.0002710
43894,1979-01-21,I,0.5377346,0.0000706
43895,1979-01-22,I,0.5346649,0.0000706
43896,1979-01-23,I,0.5316326,0.0000706
43897,1979-01-24,I,0.5286500,0.0000706
43898,1979-01-25,I,0.5257105,0.0000706
43899,1979-01-26,I,0.5227828,0.0000706
43900,1979-01-27,I,0.5198154,0.0002710
43901,1979-01-28,I,0.5167535,0.0002710
43902,1979-01-29,I,0.5135643,0.0002710
43903,1979-01-30,I,0.5102556,0.0003611
43904,1979-01-31,I,0.5068781,0.0003611
43905,1979-02-01,I,0.5035093,0.0003611
43906,1979-02-02,I,0.5002283,0.0002553
43907,1979-02-03,I,0.4970926,0.0002553
43908,1979-02-04,I,0.4941278,0.0002553
43909,1979-02-05,I,0.4913303,0.0000077
43910,1979-02-06,I,0.4886756,0.0000077
43911,1979-02-07,I,0.4861267,0.0000077
43912,1979-02-08,I,0.4836415,0.0000088
43913,1979-02-09,I,0.4811778,0.0000924
43914,1979-02-10,I,0.4786975,0.0000924
43915,1979-02-11,I,0.4761702,0.0001304
43916,1979-02-12,I,0.4735748,0.0001304
43917,1979-02-13,I,0.4709008,0.0001304
43918,1979-02-14,I,0.4681491,0.0001304
43919,1979-02-15,I,0.4653319,0.0002710
43920,1979-02-16,I,0.4624714,0.0002710
43921,1979-02-17,I,0.4595950,0.0004390
43922,1979-02-18,I,0.4567298,0.0004390
43923,1979-02-19,I,0.4538972,0.0004390
43924,1979-02-20,I,0.4511072,0.0004390
43925,1979-02-21,I,0.4483545,0.0004390
43926,1979-02-22,I,0.4456141,0.0004390
43927,1979-02-23,I,0.4428400,0.0002710
43928,1979-02-24,I,0.4399747,0.0005162
43929,1979-02-25,I,0.4369679,0.0005162
43930,1979-02-26,I,0.4337999,0.0005162
43931,1979-02-27,I,0.4304964,0.0005162
43932,1979-02-28,I,0.4271250,0.0005162
43933,1979-03-01,I,0.4237736,0.0005162
43934,1979-03-02,I,0.4205228,0.0002710
43935,1979-03-03,I,0.4174241,0.0002023
43936,1979-03-04,I,0.4144918,0.0002023
43937,1979-03-05,I,0.4117092,0.0002023
43938,1979-03-06,I,0.4090396,0.0002352
43939,1979-03-07,I,0.4064385,0.0002352
43940,1979-03-08,I,0.4038600,0.0002352
43941,1979-03-09,I,0.4012614,0.0002556
43942,1979-03-10,I,0.3986063,0.0002556
43943,1979-03-11,I,0.3958675,0.0002556
43944,1979-03-12,I,0.3930293,0.0002710
43945,1979-03-13,I,0.3900882,0.0013130
43946,1979-03-14,I,0.3870522,0.0013130
43947,1979-03-15,I,0.3839407,0.0013130
43948,1979-03-16,I,0.3807828,0.0013130
43949,1979-03-17,I,0.3776143,0.0013130
43950,1979-03-18,I,0.3744683,0.0013130
43951,1979-03-19,I,0.3713660,0.0002644
43952,1979-03-20,I,0.3683102,0.0002644
43953,1979-03-21,I,0.3652833,0.0002163
43954,1979-03-22,I,0.3622478,0.0002163
43955,1979-03-23,I,0.3591522,0.0002163
43956,1979-03-24,I,0.3559428,0.0002163
43957,1979-03-25,I,0.3525835,0.0001538
43958,1979-03-26,I,0.3490732,0.0007915
43959,1979-03-27,I,0.3454547,0.0011088
43960,1979-03-28,I,0.3418067,0.0011088
43961,1979-03-29,I,0.3382216,0.0011088
43962,1979-03-30,I,0.3347743,0.0011088
43963,1979-03-31,I,0.3315058,0.0011088
43964,1979-04-01,I,0.3284195,0.0002710
43965,1979-04-02,I,0.3254888,0.0003754
43966,1979-04-03,I,0.3226711,0.0003754
43967,1979-04-04,I,0.3199182,0.0003754
43968,1979-04-05,I,0.3171834,0.0003754
43969,1979-04-06,I,0.3144246,0.0003754
43970,1979-04-07,I,0.3116080,0.0003141
43971,1979-04-08,I,0.3087115,0.0003015
43972,1979-04-09,I,0.3057255,0.0003015
43973,1979-04-10,I,0.3026528,0.0003015
43974,1979-04-11,I,0.2995074,0.0003015
43975,1979-04-12,I,0.2963140,0.0004548
43976,1979-04-13,I,0.2931056,0.0006677
43977,1979-04-14,I,0.2899163,0.0008985
43978,1979-04-15,I,0.2867723,0.0007109
43979,1979-04-16,I,0.2836831,0.0007109
43980,1979-04-17,I,0.2806363,0.0007109
43981,1979-04-18,I,0.2775983,0.0005331
43982,1979-04-19,I,0.2745222,0.0003493
43983,1979-04-20,I,0.2713580,0.0003493
43984,1979-04-21,I,0.2680666,0.0000678
43985,1979-04-22,I,0.2646328,0.0000678
43986,1979-04-23,I,0.2610759,0.0000678
43987,1979-04-24,I,0.2574504,0.0007023
43988,1979-04-25,I,0.2538348,0.0007023
43989,1979-04-26,I,0.2503110,0.0007023
43990,1979-04-27,I,0.2469414,0.0009898
43991,1979-04-28,I,0.2437528,0.0007025
43992,1979-04-29,I,0.2407366,0.0007025
43993,1979-04-30,I,0.2378598,0.0000862
43994,1979-05-01,I,0.2350776,0.0000862
43995,1979-05-02,I,0.2323435,0.0000862
43996,1979-05-03,I,0.2296149,0.0000862
43997,1979-05-04,I,0.2268568,0.0004843
43998,1979-05-05,I,0.2240443,0.0003456
43999,1979-05-06,I,0.2211655,0.0003245
44000,1979-05-07,I,0.2182209,0.0003584
44001,1979-05-08,I,0.2152219,0.0003584
44002,1979-05-09,I,0.2121896,0.0003584
44003,1979-05-10,I,0.2091528,0.0003292
44004,1979-05-11,I,0.2061444,0.0005385
44005,1979-05-12,I,0.2031958,0.0006039
44006,1979-05-13,I,0.2003263,0.0006437
44007,1979-05-14,I,0.1975334,0.0006437
44008,1979-05-15,I,0.1947898,0.0004720
44009,1979-05-16,I,0.1920500,0.0004720
44010,1979-05-17,I,0.1892624,0.0002512
44011,1979-05-18,I,0.1863851,0.0002512
44012,1979-05-19,I,0.1833995,0.0002512
44013,1979-05-20,I,0.1803163,0.0002512
44014,1979-05-21,I,0.1771746,0.0003035
44015,1979-05-22,I,0.1740361,0.0003035
44016,1979-05-23,I,0.1709710,0.0002984
44017,1979-05-24,I,0.1680411,0.0002984
44018,1979-05-25,I,0.1652848,0.0002984
44019,1979-05-26,I,0.1627103,0.0006069
44020,1979-05-27,I,0.1602988,0.0008047
44021,1979-05-28,I,0.1580143,0.0008047
44022,1979-05-29,I,0.1558142,0.0007719
44023,1979-05-30,I,0.1536557,0.0007719
44024,1979-05-31,I,0.1515013,0.0007719
44025,1979-06-01,I,0.1493223,0.0007377
44026,1979-06-02,I,0.1471003,0.0007377
44027,1979-06-03,I,0.1448280,0.0007377
44028,1979-06-04,I,0.1425098,0.0002710
44029,1979-06-05,I,0.1401591,0.0004222
44030,1979-06-06,I,0.1377958,0.0005568
44031,1979-06-07,I,0.1354436,0.0005568
44032,1979-06-08,I,0.1331280,0.0005568
44033,1979-06-09,I,0.1308701,0.0005568
44034,1979-06-10,I,0.1286773,0.0005568
44035,1979-06-11,I,0.1265333,0.0006064
44036,1979-06-12,I,0.1243962,0.0003725
44037,1979-06-13,I,0.1222107,0.0004038
44038,1979-06-14,I,0.1199266,0.0004038
44039,1979-06-15,I,0.1175181,0.0004038
44040,1979-06-16,I,0.1149927,0.0004038
44041,1979-06-17,I,0.1123900,0.0004038
44042,1979-06-18,I,0.1097687,0.0002732
44043,1979-06-19,I,0.1071922,0.0001084
44044,1979-06-20,I,0.1047145,0.0001084
44045,1979-06-21,I,0.1023711,0.0001084
44046,1979-06-22,I,0.1001723,0.0000773
44047,1979-06-23,I,0.0981042,0.0000773
44048,1979-06-24,I,0.0961347,0.0000140
44049,1979-06-25,I,0.0942227,0.0000140
44050,1979-06-26,I,0.0923267,0.0001792
44051,1979-06-27,I,0.0904105,0.0001792
44052,1979-06-28,I,0.0884461,0.0002531
44053,1979-06-29,I,0.0864157,0.0002531
44054,1979-06-30,I,0.0843137,0.0001821
44055,1979-07-01,I,0.0821469,0.0001821
44056,1979-07-02,I,0.0799326,0.0000477
44057,1979-07-03,I,0.0776942,0.0000477
44058,1979-07-04,I,0.0754580,0.0000477
44059,1979-07-05,I,0.0732501,0.0000477
44060,1979-07-06,I,0.0710943,0.0000099
44061,1979-07-07,I,0.0690048,0.0000099
44062,1979-07-08,I,0.0669781,0.0000099
44063,1979-07-09,I,0.0649857,0.0000099
44064,1979-07-10,I,0.0629778,0.0000099
44065,1979-07-11,I,0.0608988,0.0005797
44066,1979-07-12,I,0.0587116,0.0008197
44067,1979-07-13,I,0.0564154,0.0008197
44068,1979-07-14,I,0.0540501,0.0008197
44069,1979-07-15,I,0.0516816,0.0008197
44070,1979-07-16,I,0.0493827,0.0008197
44071,1979-07-17,I,0.0472132,0.0001794
44072,1979-07-18,I,0.0452079,0.0001794
44073,1979-07-19,I,0.0433739,0.0001794
44074,1979-07-20,I,0.0416942,0.0001794
44075,1979-07-21,I,0.0401338,0.0001794
44076,1979-07-22,I,0.0386482,0.0001794
44077,1979-07-23,I,0.0371918,0.0001564
44078,1979-07-24,I,0.0357240,0.0001564
44079,1979-07-25,I,0.0342126,0.0001564
44080,1979-07-26,I,0.0326352,0.0001564
44081,1979-07-27,I,0.0309802,0.0001564
44082,1979-07-28,I,0.0292468,0.0002128
44083,1979-07-29,I,0.0274452,0.0002571
44084,1979-07-30,I,0.0255938,0.0002571
44085,1979-07-31,I,0.0237142,0.0005275
44086,1979-08-01,I,0.0218277,0.0005275
44087,1979-08-02,I,0.0199512,0.0005275
44088,1979-08-03,I,0.0180939,0.0007002
44089,1979-08-04,I,0.0162528,0.0007231
44090,1979-08-05,I,0.0144074,0.0008785
44091,1979-08-06,I,0.0125144,0.0010458
44092,1979-08-07,I,0.0105159,0.0010651
44093,1979-08-08,I,0.0083593,0.0010651
44094,1979-08-09,I,0.0060201,0.0010651
44095,1979-08-10,I,0.0035194,0.0011392
44096,1979-08-11,I,0.0009244,0.0010817
44097,1979-08-12,I,-0.0016716,0.0010817
44098,1979-08-13,I,-0.0041799,0.0010141
44099,1979-08-14,I,-0.0065394,0.0010141
44100,1979-08-15,I,-0.0087259,0.0010141
44101,1979-08-16,I,-0.0107483,0.0010141
44102,1979-08-17,I,-0.0126402,0.0010141
44103,1979-08-18,I,-0.0144473,0.0010141
44104,1979-08-19,I,-0.0162163,0.0002710
44105,1979-08-20,I,-0.0179894,0.0002710
44106,1979-08-21,I,-0.0197992,0.0002710
44107,1979-08-22,I,-0.0216679,0.0002710
44108,1979-08-23,I,-0.0236058,0.0002710
44109,1979-08-24,I,-0.0256121,0.0008193
44110,1979-08-25,I,-0.0276754,0.0008193
44111,1979-08-26,I,-0.0297751,0.0008193
44112,1979-08-27,I,-0.0318847,0.0008193
44113,1979-08-28,I,-0.0339794,0.0008193
44114,1979-08-29,I,-0.0360406,0.0008193
44115,1979-08-30,I,-0.0380593,0.0002710
44116,1979-08-31,I,-0.0400395,0.0006294
44117,1979-09-01,I,-0.0420014,0.0006294
44118,1979-09-02,I,-0.0439842,0.0006294
44119,1979-09-03,I,-0.0460449,0.0004830
44120,1979-09-04,I,-0.0482458,0.0004360
44121,1979-09-05,I,-0.0506350,0.0005163
44122,1979-09-06,I,-0.0532225,0.0004540
44123,1979-09-07,I,-0.0559672,0.0004540
44124,1979-09-08,I,-0.0587853,0.0004329
44125,1979-09-09,I,-0.0615751,0.0003672
44126,1979-09-10,I,-0.0642492,0.0003979
44127,1979-09-11,I,-0.0667581,0.0003102
44128,1979-09-12,I,-0.0690955,0.0003293
44129,1979-09-13,I,-0.0712894,0.0003293
44130,1979-09-14,I,-0.0733870,0.0003397
44131,1979-09-15,I,-0.0754396,0.0005259
44132,1979-09-16,I,-0.0774934,0.0005511
44133,1979-09-17,I,-0.0795852,0.0006562
44134,1979-09-18,I,-0.0817400,0.0005207
44135,1979-09-19,I,-0.0839707,0.0005207
44136,1979-09-20,I,-0.0862795,0.0005207
44137,1979-09-21,I,-0.0886578,0.0004086
44138,1979-09-22,I,-0.0910883,0.0004086
44139,1979-09-23,I,-0.0935467,0.0004086
44140,1979-09-24,I,-0.0960055,0.0004103
44141,1979-09-25,I,-0.0984395,0.0004103
44142,1979-09-26,I,-0.1008341,0.0004387
44143,1979-09-27,I,-0.1031889,0.0004245
44144,1979-09-28,I,-0.1055210,0.0004245
44145,1979-09-29,I,-0.1078645,0.0004245
44146,1979-09-30,I,-0.1102684,0.0003670
44147,1979-10-01,I,-0.1127905,0.0003670
44148,1979-10-02,I,-0.1154848,0.0000578
44149,1979-10-03,I,-0.1183824,0.0000578
44150,1979-10-04,I,-0.1214737,0.0000578
44151,1979-10-05,I,-0.1247019,0.0000578
44152,1979-10-06,I,-0.1279750,0.0003707
44153,1979-10-07,I,-0.1311935,0.0003707
44154,1979-10-08,I,-0.1342802,0.0004805
44155,1979-10-09,I,-0.1372001,0.0004242
44156,1979-10-10,I,-0.1399606,0.0004242
44157,1979-10-11,I,-0.1425989,0.0003480
44158,1979-10-12,I,-0.1451656,0.0001063
44159,1979-10-13,I,-0.1477108,0.0001063
44160,1979-10-14,I,-0.1502768,0.0001131
44161,1979-10-15,I,-0.1528938,0.0001301
44162,1979-10-16,I,-0.1555792,0.0001301
44163,1979-10-17,I,-0.1583361,0.0004194
44164,1979-10-18,I,-0.1611553,0.0004194
44165,1979-10-19,I,-0.1640163,0.0004194
44166,1979-10-20,I,-0.1668910,0.0004587
44167,1979-10-21,I,-0.1697481,0.0004618
44168,1979-10-22,I,-0.1725555,0.0004618
44169,1979-10-23,I,-0.1752861,0.0004817
44170,1979-10-24,I,-0.1779250,0.0004817
44171,1979-10-25,I,-0.1804765,0.0004817
44172,1979-10-26,I,-0.1829659,0.0004817
44173,1979-10-27,I,-0.1854364,0.0005037
44174,1979-10-28,I,-0.1879431,0.0005037
44175,1979-10-29,I,-0.1905405,0.0001894
44176,1979-10-30,I,-0.1932684,0.0001894
44177,1979-10-31,I,-0.1961386,0.0001894
44178,1979-11-01,I,-0.1991254,0.0001894
44179,1979-11-02,I,-0.2021660,0.0001811
44180,1979-11-03,I,-0.2051749,0.0001811
44181,1979-11-04,I,-0.2080693,0.0002561
44182,1979-11-05,I,-0.2107935,0.0001823
44183,1979-11-06,I,-0.2133327,0.0001823
44184,1979-11-07,I,-0.2157097,0.0001823
44185,1979-11-08,I,-0.2179716,0.0000301
44186,1979-11-09,I,-0.2201728,0.0000301
44187,1979-11-10,I,-0.2223635,0.0000849
44188,1979-11-11,I,-0.2245837,0.0001162
44189,1979-11-12,I,-0.2268610,0.0001162
44190,1979-11-13,I,-0.2292099,0.0003491
44191,1979-11-14,I,-0.2316314,0.0003491
44192,1979-11-15,I,-0.2341150,0.0003491
44193,1979-11-16,I,-0.2366418,0.0004799
44194,1979-11-17,I,-0.2391864,0.0003756
44195,1979-11-18,I,-0.2417206,0.0003756
44196,1979-11-19,I,-0.2442172,0.0001892
44197,1979-11-20,I,-0.2466563,0.0001892
44198,1979-11-21,I,-0.2490333,0.0001669
44199,1979-11-22,I,-0.2513657,0.0001669
44200,1979-11-23,I,-0.2536929,0.0000325
44201,1979-11-24,I,-0.2560683,0.0000510
44202,1979-11-25,I,-0.2585460,0.0000451
44203,1979-11-26,I,-0.2611662,0.0000466
44204,1979-11-27,I,-0.2639437,0.0000452
44205,1979-11-28,I,-0.2668609,0.0000632
44206,1979-11-29,I,-0.2698698,0.0000632
44207,1979-11-30,I,-0.2729006,0.0001857
44208,1979-12-01,I,-0.2758772,0.0001857
44209,1979-12-02,I,-0.2787369,0.0003114
44210,1979-12-03,I,-0.2814455,0.0003114
44211,1979-12-04,I,-0.2840045,0.0003116
44212,1979-12-05,I,-0.2864441,0.0003116
44213,1979-12-06,I,-0.2888107,0.0002872
44214,1979-12-07,I,-0.2911522,0.0002669
44215,1979-12-08,I,-0.2935087,0.0002045
44216,1979-12-09,I,-0.2959096,0.0002045
44217,1979-12-10,I,-0.2983721,0.0002603
44218,1979-12-11,I,-0.3009008,0.0002603
44219,1979-12-12,I,-0.3034874,0.0002751
44220,1979-12-13,I,-0.3061136,0.0002962
44221,1979-12-14,I,-0.3087547,0.0003856
44222,1979-12-15,I,-0.3113834,0.0003856
44223,1979-12-16,I,-0.3139733,0.0002392
44224,1979-12-17,I,-0.3165021,0.0002392
44225,1979-12-18,I,-0.3189573,0.0005293
44226,1979-12-19,I,-0.3213431,0.0006018
44227,1979-12-20,I,-0.3236869,0.0006018
44228,1979-12-21,I,-0.3260360,0.0006018
44229,1979-12-22,I,-0.3284461,0.0007313
44230,1979-12-23,I,-0.3309628,0.0007313
44231,1979-12-24,I,-0.3336061,0.0007121
44232,1979-12-25,I,-0.3363620,0.0003188
44233,1979-12-26,I,-0.3391870,0.0002620
44234,1979-12-27,I,-0.3420202,0.0002363
44235,1979-12-28,I,-0.3447989,0.0002363
44236,1979-12-29,I,-0.3474720,0.0002349
44237,1979-12-30,I,-0.3500104,0.0002349
44238,1979-12-31,I,-0.3524133,0.0001516
44239,1980-01-01,I,0.6452932,0.0001770
44240,1980-01-02,I,0.6430658,0.0002110
44241,1980-01-03,I,0.6408565,0.0003129
44242,1980-01-04,I,0.6386226,0.0003355
44243,1980-01-05,I,0.6363331,0.0003355
44244,1980-01-06,I,0.6339692,0.0002540
44245,1980-01-07,I,0.6315248,0.0002540
44246,1980-01-08,I,0.6290058,0.0002540
44247,1980-01-09,I,0.6264286,0.0002531
44248,1980-01-10,I,0.6238168,0.0002232
44249,1980-01-11,I,0.6211960,0.0002232
44250,1980-01-12,I,0.6185894,0.0002993
44251,1980-01-13,I,0.6160163,0.0002601
44252,1980-01-14,I,0.6134892,0.0002601
44253,1980-01-15,I,0.6110084,0.0001389
44254,1980-01-16,I,0.6085557,0.0001579
44255,1980-01-17,I,0.6060913,0.0001579
44256,1980-01-18,I,0.6035604,0.0001579
44257,1980-01-19,I,0.6009113,0.0003892
44258,1980-01-20,I,0.5981171,0.0003892
44259,1980-01-21,I,0.5951917,0.0005311
44260,1980-01-22,I,0.5921897,0.0003852
44261,1980-01-23,I,0.5891907,0.0002905
44262,1980-01-24,I,0.5862760,0.0002777
44263,1980-01-25,I,0.5835088,0.0002360
44264,1980-01-26,I,0.5809226,0.0002247
44265,1980-01-27,I,0.5785193,0.0002074
44266,1980-01-28,I,0.5762735,0.0002206
44267,1980-01-29,I,0.5741419,0.0002601
44268,1980-01-30,I,0.5720739,0.0002364
44269,1980-01-31,I,0.5700229,0.0000992
44270,1980-02-01,I,0.5679516,0.0001369
44271,1980-02-02,I,0.5658367,0.0002945
44272,1980-02-03,I,0.5636671,0.0002604
44273,1980-02-04,I,0.5614440,0.0002440
44274,1980-02-05,I,0.5591784,0.0002919
44275,1980-02-06,I,0.5568893,0.0002511
44276,1980-02-07,I,0.5545991,0.0002522
44277,1980-02-08,I,0.5523286,0.0001381
44278,1980-02-09,I,0.5500926,0.0003175
44279,1980-02-10,I,0.5478967,0.0003489
44280,1980-02-11,I,0.5457353,0.0003831
44281,1980-02-12,I,0.5435882,0.0006894
44282,1980-02-13,I,0.5414157,0.0006894
44283,1980-02-14,I,0.5391578,0.0006894
44284,1980-02-15,I,0.5367465,0.0007355
44285,1980-02-16,I,0.5341320,0.0007355
44286,1980-02-17,I,0.5313039,0.0007068
44287,1980-02-18,I,0.5283020,0.0002082
44288,1980-02-19,I,0.5252095,0.0002082
44289,1980-02-20,I,0.5221292,0.0002671
44290,1980-02-21,I,0.5191531,0.0002501
44291,1980-02-22,I,0.5163397,0.0002541
44292,1980-02-23,I,0.5137060,0.0002557
44293,1980-02-24,I,0.5112333,0.0002669
44294,1980-02-25,I,0.5088817,0.0002669
44295,1980-02-26,I,0.5066019,0.0002439
44296,1980-02-27,I,0.5043462,0.0003008
44297,1980-02-28,I,0.5020762,0.0003201
44298,1980-02-29,I,0.4997665,0.0003359
44299,1980-03-01,I,0.4974059,0.0002932
44300,1980-03-02,I,0.4949949,0.0002932
44301,1980-03-03,I,0.4925444,0.0003011
44302,1980-03-04,I,0.4900745,0.0003054
44303,1980-03-05,I,0.4876114,0.0003054
44304,1980-03-06,I,0.4851831,0.0003054
44305,1980-03-07,I,0.4828125,0.0004620
44306,1980-03-08,I,0.4805115,0.0004620
44307,1980-03-09,I,0.4782783,0.0004960
44308,1980-03-10,I,0.4760968,0.0005057
44309,1980-03-11,I,0.4739335,0.0005057
44310,1980-03-12,I,0.4717359,0.0005057
44311,1980-03-13,I,0.4694373,0.0004397
44312,1980-03-14,I,0.4669708,0.0004397
44313,1980-03-15,I,0.4642916,0.0004397
44314,1980-03-16,I,0.4613989,0.0004365
44315,1980-03-17,I,0.4583468,0.0004365
44316,1980-03-18,I,0.4552311,0.0004678
44317,1980-03-19,I,0.4521590,0.0004669
44318,1980-03-20,I,0.4492160,0.0004669
44319,1980-03-21,I,0.4464437,0.0004669
44320,1980-03-22,I,0.4438365,0.0004069
44321,1980-03-23,I,0.4413547,0.0004069
44322,1980-03-24,I,0.4389426,0.0002361
44323,1980-03-25,I,0.4365445,0.0002624
44324,1980-03-26,I,0.4341151,0.0002624
44325,1980-03-27,I,0.4316235,0.0002549
44326,1980-03-28,I,0.4290541,0.0002638
44327,1980-03-29,I,0.4264066,0.0002638
44328,1980-03-30,I,0.4236932,0.0002638
44329,1980-03-31,I,0.4209361,0.0003074
44330,1980-04-01,I,0.4181638,0.0003074
44331,1980-04-02,I,0.4154084,0.0003552
44332,1980-04-03,I,0.4127006,0.0003552
44333,1980-04-04,I,0.4100631,0.0003428
44334,1980-04-05,I,0.4075055,0.0003428
44335,1980-04-06,I,0.4050213,0.0003987
44336,1980-04-07,I,0.4025860,0.0003987
44337,1980-04-08,I,0.4001589,0.0003431
44338,1980-04-09,I,0.3976860,0.0003431
44339,1980-04-10,I,0.3951058,0.0003555
44340,1980-04-11,I,0.3923640,0.0003555
44341,1980-04-12,I,0.3894342,0.0001094
44342,1980-04-13,I,0.3863356,0.0001094
44343,1980-04-14,I,0.3831366,0.0000624
44344,1980-04-15,I,0.3799394,0.0000613
44345,1980-04-16,I,0.3768477,0.0000613
44346,1980-04-17,I,0.3739345,0.0002642
44347,1980-04-18,I,0.3712231,0.0003205
44348,1980-04-19,I,0.3686894,0.0003205
44349,1980-04-20,I,0.3662792,0.0002621
44350,1980-04-21,I,0.3639295,0.0003181
44351,1980-04-22,I,0.3615854,0.0003181
44352,1980-04-23,I,0.3592064,0.0002576
44353,1980-04-24,I,0.3567678,0.0002576
44354,1980-04-25,I,0.3542602,0.0002576
44355,1980-04-26,I,0.3516879,0.0003733
44356,1980-04-27,I,0.3490669,0.0003733
44357,1980-04-28,I,0.3464219,0.0003733
44358,1980-04-29,I,0.3437821,0.0002276
44359,1980-04-30,I,0.3411765,0.0002276
44360,1980-05-01,I,0.3386302,0.0002276
44361,1980-05-02,I,0.3361585,0.0000802
44362,1980-05-03,I,0.3337620,0.0003033
44363,1980-05-04,I,0.3314229,0.0003033
44364,1980-05-05,I,0.3291059,0.0003893
44365,1980-05-06,I,0.3267622,0.0003316
44366,1980-05-07,I,0.3243374,0.0003316
44367,1980-05-08,I,0.3217821,0.0004199
44368,1980-05-09,I,0.3190645,0.0004406
44369,1980-05-10,I,0.3161854,0.0004406
44370,1980-05-11,I,0.3131870,0.0004013
44371,1980-05-12,I,0.3101489,0.0004652
44372,1980-05-13,I,0.3071692,0.0004652
44373,1980-05-14,I,0.3043362,0.0002685
44374,1980-05-15,I,0.3017021,0.0002685
44375,1980-05-16,I,0.2992708,0.0002685
44376,1980-05-17,I,0.2970052,0.0002223
44377,1980-05-18,I,0.2948472,0.0001572
44378,1980-05-19,I,0.2927380,0.0001572
44379,1980-05-20,I,0.2906307,0.0000329
44380,1980-05-21,I,0.2884949,0.0000329
44381,1980-05-22,I,0.2863167,0.0000329
44382,1980-05-23,I,0.2840964,0.0000832
44383,1980-05-24,I,0.2818466,0.0001688
44384,1980-05-25,I,0.2795889,0.0001688
44385,1980-05-26,I,0.2773499,0.0001667
44386,1980-05-27,I,0.2751562,0.0001667
44387,1980-05-28,I,0.2730310,0.0001667
44388,1980-05-29,I,0.2709900,0.0001635
44389,1980-05-30,I,0.2690376,0.0001863
44390,1980-05-31,I,0.2671610,0.0001863
44391,1980-06-01,I,0.2653280,0.0003200
44392,1980-06-02,I,0.2634902,0.0002624
44393,1980-06-03,I,0.2615918,0.0002624
44394,1980-06-04,I,0.2595828,0.0002145
44395,1980-06-05,I,0.2574306,0.0001947
44396,1980-06-06,I,0.2551297,0.0001947
44397,1980-06-07,I,0.2527062,0.0001129
44398,1980-06-08,I,0.2502166,0.0002966
44399,1980-06-09,I,0.2477381,0.0002966
44400,1980-06-10,I,0.2453499,0.0003241
44401,1980-06-11,I,0.2431111,0.0003241
44402,1980-06-12,I,0.2410453,0.0003241
44403,1980-06-13,I,0.2391361,0.0003241
44404,1980-06-14,I,0.2373381,0.0000740
44405,1980-06-15,I,0.2355946,0.0000740
44406,1980-06-16,I,0.2338555,0.0000494
44407,1980-06-17,I,0.2320865,0.0000494
44408,1980-06-18,I,0.2302704,0.0000494
44409,1980-06-19,I,0.2284052,0.0002204
44410,1980-06-20,I,0.2265019,0.0002654
44411,1980-06-21,I,0.2245812,0.0002654
44412,1980-06-22,I,0.2226707,0.0002737
44413,1980-06-23,I,0.2207984,0.0002737
44414,1980-06-24,I,0.2189880,0.0002737
44415,1980-06-25,I,0.2172565,0.0000947
44416,1980-06-26,I,0.2156113,0.0003348
44417,1980-06-27,I,0.2140471,0.0003348
44418,1980-06-28,I,0.2125405,0.0004640
44419,1980-06-29,I,0.2110491,0.0003477
44420,1980-06-30,I,0.2095162,0.0003477
44421,1980-07-01,I,0.2078852,0.0004653
44422,1980-07-02,I,0.2061174,0.0004659
44423,1980-07-03,I,0.2042045,0.0004659
44424,1980-07-04,I,0.2021725,0.0004659
44425,1980-07-05,I,0.2000763,0.0005465
44426,1980-07-06,I,0.1979878,0.0005465
44427,1980-07-07,I,0.1959782,0.0005077
44428,1980-07-08,I,0.1941025,0.0005077
44429,1980-07-09,I,0.1923876,0.0005077
44430,1980-07-10,I,0.1908268,0.0005077
44431,1980-07-11,I,0.1893832,0.0005212
44432,1980-07-12,I,0.1880024,0.0005212
44433,1980-07-13,I,0.1866302,0.0003457
44434,1980-07-14,I,0.1852252,0.0003457
44435,1980-07-15,I,0.1837628,0.0003457
44436,1980-07-16,I,0.1822344,0.0003457
44437,1980-07-17,I,0.1806451,0.0003396
44438,1980-07-18,I,0.1790106,0.0003396
44439,1980-07-19,I,0.1773545,0.0003352
44440,1980-07-20,I,0.1757029,0.0003352
44441,1980-07-21,I,0.1740805,0.0003352
44442,1980-07-22,I,0.1725069,0.0003074
44443,1980-07-23,I,0.1709927,0.0005628
44444,1980-07-24,I,0.1695374,0.0001457
44445,1980-07-25,I,0.1681259,0.0001127
44446,1980-07-26,I,0.1667259,0.0001133
44447,1980-07-27,I,0.1652882,0.0001129
44448,1980-07-28,I,0.1637564,0.0001116
44449,1980-07-29,I,0.1620816,0.0000322
44450,1980-07-30,I,0.1602432,0.0000457
44451,1980-07-31,I,0.1582620,0.0000822
44452,1980-08-01,I,0.1561983,0.0002183
44453,1980-08-02,I,0.1541336,0.0002343
44454,1980-08-03,I,0.1521480,0.0002809
44455,1980-08-04,I,0.1503001,0.0002809
44456,1980-08-05,I,0.1486155,0.0002549
44457,1980-08-06,I,0.1470852,0.0001612
44458,1980-08-07,I,0.1456720,0.0001945
44459,1980-08-08,I,0.1443215,0.0001945
44460,1980-08-09,I,0.1429769,0.0000461
44461,1980-08-10,I,0.1415911,0.0000636
44462,1980-08-11,I,0.1401338,0.0000636
44463,1980-08-12,I,0.1385931,0.0000855
44464,1980-08-13,I,0.1369724,0.0000855
44465,1980-08-14,I,0.1352866,0.0000855
44466,1980-08-15,I,0.1335591,0.0000855
44467,1980-08-16,I,0.1318170,0.0001759
44468,1980-08-17,I,0.1300871,0.0001759
44469,1980-08-18,I,0.1283896,0.0002307
44470,1980-08-19,I,0.1267338,0.0001635
44471,1980-08-20,I,0.1251170,0.0001635
44472,1980-08-21,I,0.1235244,0.0001418
44473,1980-08-22,I,0.1219262,0.0000597
44474,1980-08-23,I,0.1202764,0.0000597
44475,1980-08-24,I,0.1185148,0.0000597
44476,1980-08-25,I,0.1165802,0.0001030
44477,1980-08-26,I,0.1144316,0.0001030
44478,1980-08-27,I,0.1120698,0.0001117
44479,1980-08-28,I,0.1095462,0.0001117
44480,1980-08-29,I,0.1069525,0.0001117
44481,1980-08-30,I,0.1043928,0.0001117
44482,1980-08-31,I,0.1019525,0.0000854
44483,1980-09-01,I,0.0996770,0.0000854
44484,1980-09-02,I,0.0975662,0.0000320
44485,1980-09-03,I,0.0955840,0.0000320
44486,1980-09-04,I,0.0936746,0.0000320
44487,1980-09-05,I,0.0917784,0.0000320
44488,1980-09-06,I,0.0898453,0.0000212
44489,1980-09-07,I,0.0878418,0.0000212
44490,1980-09-08,I,0.0857530,0.0000231
44491,1980-09-09,I,0.0835816,0.0000903
44492,1980-09-10,I,0.0813438,0.0000903
44493,1980-09-11,I,0.0790647,0.0001779
44494,1980-09-12,I,0.0767746,0.0002173
44495,1980-09-13,I,0.0745041,0.0002173
44496,1980-09-14,I,0.0722798,0.0002747
44497,1980-09-15,I,0.0701176,0.0003245
44498,1980-09-16,I,0.0680194,0.0003485
44499,1980-09-17,I,0.0659725,0.0003355
44500,1980-09-18,I,0.0639502,0.0003246
44501,1980-09-19,I,0.0619105,0.0003079
44502,1980-09-20,I,0.0597970,0.0002745
44503,1980-09-21,I,0.0575444,0.0002544
44504,1980-09-22,I,0.0550927,0.0002252
44505,1980-09-23,I,0.0524103,0.0001951
44506,1980-09-24,I,0.0495143,0.0001342
44507,1980-09-25,I,0.0464761,0.0001023
44508,1980-09-26,I,0.0434028,0.0000950
44509,1980-09-27,I,0.0404041,0.0000956
44510,1980-09-28,I,0.0375614,0.0000917
44511,1980-09-29,I,0.0349219,0.0000966
44512,1980-09-30,I,0.0324871,0.0000951
44513,1980-10-01,I,0.0302072,0.0000831
44514,1980-10-02,I,0.0280100,0.0000919
44515,1980-10-03,I,0.0258271,0.0000985
44516,1980-10-04,I,0.0236077,0.0000965
44517,1980-10-05,I,0.0213242,0.0001105
44518,1980-10-06,I,0.0189688,0.0001105
44519,1980-10-07,I,0.0165489,0.0002714
44520,1980-10-08,I,0.0140836,0.0003749
44521,1980-10-09,I,0.0115985,0.0004325
44522,1980-10-10,I,0.0091226,0.0004325
44523,1980-10-11,I,0.0066830,0.0004610
44524,1980-10-12,I,0.0043002,0.0004610
44525,1980-10-13,I,0.0019836,0.0004610
44526,1980-10-14,I,-0.0002728,0.0000860
44527,1980-10-15,I,-0.0024905,0.0000855
44528,1980-10-16,I,-0.0047041,0.0000804
44529,1980-10-17,I,-0.0069601,0.0000715
44530,1980-10-18,I,-0.0093133,0.0000716
44531,1980-10-19,I,-0.0118184,0.0000702
44532,1980-10-20,I,-0.0145267,0.0000577
44533,1980-10-21,I,-0.0174568,0.0000626
44534,1980-10-22,I,-0.0205794,0.0000553
44535,1980-10-23,I,-0.0238069,0.0000559
44536,1980-10-24,I,-0.0270174,0.0000635
44537,1980-10-25,I,-0.0301012,0.0000587
44538,1980-10-26,I,-0.0329912,0.0000575
44539,1980-10-27,I,-0.0356769,0.0002791
44540,1980-10-28,I,-0.0381975,0.0002791
44541,1980-10-29,I,-0.0406183,0.0002287
44542,1980-10-30,I,-0.0430060,0.0000669
44543,1980-10-31,I,-0.0454116,0.0000669
44544,1980-11-01,I,-0.0478645,0.0000669
44545,1980-11-02,I,-0.0503741,0.0001285
44546,1980-11-03,I,-0.0529330,0.0001285
44547,1980-11-04,I,-0.0555216,0.0003503
44548,1980-11-05,I,-0.0581126,0.0003503
44549,1980-11-06,I,-0.0606753,0.0003503
44550,1980-11-07,I,-0.0631800,0.0003503
44551,1980-11-08,I,-0.0656032,0.0003539
44552,1980-11-09,I,-0.0679318,0.0003539
44553,1980-11-10,I,-0.0701665,0.0001923
44554,1980-11-11,I,-0.0723244,0.0001360
44555,1980-11-12,I,-0.0744394,0.0001360
44556,1980-11-13,I,-0.0765590,0.0001360
44557,1980-11-14,I,-0.0787384,0.0001846
44558,1980-11-15,I,-0.0810339,0.0001846
44559,1980-11-16,I,-0.0834934,0.0001846
44560,1980-11-17,I,-0.0861438,0.0002319
44561,1980-11-18,I,-0.0889769,0.0002319
44562,1980-11-19,I,-0.0919406,0.0002000
44563,1980-11-20,I,-0.0949470,0.0002036
44564,1980-11-21,I,-0.0978933,0.0002036
44565,1980-11-22,I,-0.1006952,0.0002036
44566,1980-11-23,I,-0.1033130,0.0001652
44567,1980-11-24,I,-0.1057592,0.0001652
44568,1980-11-25,I,-0.1080864,0.0001633
44569,1980-11-26,I,-0.1103624,0.0000740
44570,1980-11-27,I,-0.1126465,0.0000740
44571,1980-11-28,I,-0.1149769,0.0000740
44572,1980-11-29,I,-0.1173687,0.0000428
44573,1980-11-30,I,-0.1198180,0.0000428
44574,1980-12-01,I,-0.1223080,0.0000378
44575,1980-12-02,I,-0.1248129,0.0000384
44576,1980-12-03,I,-0.1273031,0.0000384
44577,1980-12-04,I,-0.1297503,0.0000384
44578,1980-12-05,I,-0.1321314,0.0000863
44579,1980-12-06,I,-0.1344309,0.0002729
44580,1980-12-07,I,-0.1366445,0.0002729
44581,1980-12-08,I,-0.1387825,0.0002835
44582,1980-12-09,I,-0.1408711,0.0002835
44583,1980-12-10,I,-0.1429511,0.0002474
44584,1980-12-11,I,-0.1450737,0.0001363
44585,1980-12-12,I,-0.1472916,0.0001363
44586,1980-12-13,I,-0.1496479,0.0001363
44587,1980-12-14,I,-0.1521666,0.0001305
44588,1980-12-15,I,-0.1548444,0.0001536
44589,1980-12-16,I,-0.1576463,0.0001256
44590,1980-12-17,I,-0.1605071,0.0000456
44591,1980-12-18,I,-0.1633439,0.0000456
44592,1980-12-19,I,-0.1660767,0.0000456
44593,1980-12-20,I,-0.1686533,0.0000502
44594,1980-12-21,I,-0.1710645,0.0000363
44595,1980-12-22,I,-0.1733442,0.0000336
44596,1980-12-23,I,-0.1755530,0.0000336
44597,1980-12-24,I,-0.1777547,0.0000997
44598,1980-12-25,I,-0.1799971,0.0000997
44599,1980-12-26,I,-0.1823038,0.0000163
44600,1980-12-27,I,-0.1846761,0.0000163
44601,1980-12-28,I,-0.1870997,0.0000496
44602,1980-12-29,I,-0.1895509,0.0000496
44603,1980-12-30,I,-0.1920009,0.0000496
44604,1980-12-31,I,-0.1944207,0.0000496
44605,1981-01-01,I,-0.1967849,0.0000496
44606,1981-01-02,I,-0.1990768,0.0000357
44607,1981-01-03,I,-0.2012902,0.0000091
44608,1981-01-04,I,-0.2034317,0.0000091
44609,1981-01-05,I,-0.2055222,0.0000091
44610,1981-01-06,I,-0.2075984,0.0000091
44611,1981-01-07,I,-0.2097110,0.0000091
44612,1981-01-08,I,-0.2119158,0.0004866
44613,1981-01-09,I,-0.2142612,0.0004866
44614,1981-01-10,I,-0.2167729,0.0004866
44615,1981-01-11,I,-0.2194455,0.0004866
44616,1981-01-12,I,-0.2222400,0.0003903
44617,1981-01-13,I,-0.2250916,0.0003903
44618,1981-01-14,I,-0.2279239,0.0002606
44619,1981-01-15,I,-0.2306646,0.0002606
44620,1981-01-16,I,-0.2332625,0.0002606
44621,1981-01-17,I,-0.2356997,0.0002606
44622,1981-01-18,I,-0.2379958,0.0001514
44623,1981-01-19,I,-0.2401999,0.0001514
44624,1981-01-20,I,-0.2423722,0.0000620
44625,1981-01-21,I,-0.2445643,0.0001145
44626,1981-01-22,I,-0.2468059,0.0001145
44627,1981-01-23,I,-0.2491021,0.0001145
44628,1981-01-24,I,-0.2514384,0.0001111
44629,1981-01-25,I,-0.2537904,0.0001070
44630,1981-01-26,I,-0.2561285,0.0001127
44631,1981-01-27,I,-0.2584219,0.0000969
44632,1981-01-28,I,-0.2606435,0.0000969
44633,1981-01-29,I,-0.2627747,0.0000969
44634,1981-01-30,I,-0.2648091,0.0000969
44635,1981-01-31,I,-0.2667537,0.0001030
44636,1981-02-01,I,-0.2686292,0.0000394
44637,1981-02-02,I,-0.2704700,0.0002912
44638,1981-02-03,I,-0.2723251,0.0002912
44639,1981-02-04,I,-0.2742544,0.0002912
44640,1981-02-05,I,-0.2763172,0.0002912
44641,1981-02-06,I,-0.2785542,0.0003620
44642,1981-02-07,I,-0.2809702,0.0003620
44643,1981-02-08,I,-0.2835277,0.0006228
44644,1981-02-09,I,-0.2861550,0.0006228
44645,1981-02-10,I,-0.2887649,0.0006228
44646,1981-02-11,I,-0.2912784,0.0004404
44647,1981-02-12,I,-0.2936444,0.0004404
44648,1981-02-13,I,-0.2958499,0.0004404
44649,1981-02-14,I,-0.2979186,0.0000014
44650,1981-02-15,I,-0.2999027,0.0000014
44651,1981-02-16,I,-0.3018679,0.0000014
44652,1981-02-17,I,-0.3038764,0.0002351
44653,1981-02-18,I,-0.3059724,0.0002351
44654,1981-02-19,I,-0.3081755,0.0002351
44655,1981-02-20,I,-0.3104817,0.0002351
44656,1981-02-21,I,-0.3128708,0.0004103
44657,1981-02-22,I,-0.3153137,0.0004103
44658,1981-02-23,I,-0.3177786,0.0005306
44659,1981-02-24,I,-0.3202357,0.0004560
44660,1981-02-25,I,-0.3226623,0.0004560
44661,1981-02-26,I,-0.3250466,0.0007029
44662,1981-02-27,I,-0.3273911,0.0007749
44663,1981-02-28,I,-0.3297123,0.0007749
44664,1981-03-01,I,-0.3320394,0.0006730
44665,1981-03-02,I,-0.3344120,0.0007824
44666,1981-03-03,I,-0.3368807,0.0007824
44667,1981-03-04,I,-0.3395035,0.0003972
44668,1981-03-05,I,-0.3423313,0.0002809
44669,1981-03-06,I,-0.3453865,0.0002809
44670,1981-03-07,I,-0.3486457,0.0000108
44671,1981-03-08,I,-0.3520370,0.0002526
44672,1981-03-09,I,-0.3554548,0.0002526
44673,1981-03-10,I,-0.3587897,0.0003434
44674,1981-03-11,I,-0.3619587,0.0004205
44675,1981-03-12,I,-0.3649249,0.0004205
44676,1981-03-13,I,-0.3676989,0.0004205
44677,1981-03-14,I,-0.3703271,0.0005293
44678,1981-03-15,I,-0.3728734,0.0005293
44679,1981-03-16,I,-0.3754002,0.0005339
44680,1981-03-17,I,-0.3779546,0.0005339
44681,1981-03-18,I,-0.3805608,0.0005339
44682,1981-03-19,I,-0.3832206,0.0004776
44683,1981-03-20,I,-0.3859169,0.0004184
44684,1981-03-21,I,-0.3886210,0.0004184
44685,1981-03-22,I,-0.3912986,0.0003380
44686,1981-03-23,I,-0.3939164,0.0002536
44687,1981-03-24,I,-0.3964461,0.0002536
44688,1981-03-25,I,-0.3988704,0.0000847
44689,1981-03-26,I,-0.4011864,0.0000847
44690,1981-03-27,I,-0.4034080,0.0000847
44691,1981-03-28,I,-0.4055650,0.0000847
44692,1981-03-29,I,-0.4077000,0.0000394
44693,1981-03-30,I,-0.4098667,0.0000394
44694,1981-03-31,I,-0.4121276,0.0000556
44695,1981-04-01,I,-0.4145479,0.0002970
44696,1981-04-02,I,-0.4171794,0.0002970
44697,1981-04-03,I,-0.4200401,0.0002970
44698,1981-04-04,I,-0.4230968,0.0003333
44699,1981-04-05,I,-0.4262651,0.0003333
44700,1981-04-06,I,-0.4294318,0.0003333
44701,1981-04-07,I,-0.4324918,0.0002351
44702,1981-04-08,I,-0.4353808,0.0002351
44703,1981-04-09,I,-0.4380908,0.0003698
44704,1981-04-10,I,-0.4406638,0.0004251
44705,1981-04-11,I,-0.4431695,0.0004251
44706,1981-04-12,I,-0.4456805,0.0004251
44707,1981-04-13,I,-0.4482538,0.0004328
44708,1981-04-14,I,-0.4509213,0.0004328
44709,1981-04-15,I,-0.4536905,0.0005325
44710,1981-04-16,I,-0.4565482,0.0005325
44711,1981-04-17,I,-0.4594661,0.0005325
44712,1981-04-18,I,-0.4624072,0.0005325
44713,1981-04-19,I,-0.4653310,0.0005781
44714,1981-04-20,I,-0.4681983,0.0005781
44715,1981-04-21,I,-0.4709777,0.0005144
44716,1981-04-22,I,-0.4736507,0.0005144
44717,1981-04-23,I,-0.4762150,0.0005144
44718,1981-04-24,I,-0.4786868,0.0005144
44719,1981-04-25,I,-0.4810974,0.0005942
44720,1981-04-26,I,-0.4834904,0.0004626
44721,1981-04-27,I,-0.4859176,0.0002739
44722,1981-04-28,I,-0.4884342,0.0004291
44723,1981-04-29,I,-0.4910916,0.0004291
44724,1981-04-30,I,-0.4939229,0.0004291
44725,1981-05-01,I,-0.4969240,0.0003865
44726,1981-05-02,I,-0.5000422,0.0004319
44727,1981-05-03,I,-0.5031810,0.0004319
44728,1981-05-04,I,-0.5062258,0.0002520
44729,1981-05-05,I,-0.5090820,0.0002520
44730,1981-05-06,I,-0.5117062,0.0002393
44731,1981-05-07,I,-0.5141149,0.0002146
44732,1981-05-08,I,-0.5163715,0.0002146
44733,1981-05-09,I,-0.5185568,0.0002146
44734,1981-05-10,I,-0.5207429,0.0001594
44735,1981-05-11,I,-0.5229772,0.0001594
44736,1981-05-12,I,-0.5252793,0.0000774
44737,1981-05-13,I,-0.5276464,0.0004424
44738,1981-05-14,I,-0.5300601,0.0003999
44739,1981-05-15,I,-0.5324934,0.0003999
44740,1981-05-16,I,-0.5349155,0.0004944
44741,1981-05-17,I,-0.5372959,0.0004944
44742,1981-05-18,I,-0.5396090,0.0004944
44743,1981-05-19,I,-0.5418392,0.0003903
44744,1981-05-20,I,-0.5439842,0.0004304
44745,1981-05-21,I,-0.5460571,0.0004304
44746,1981-05-22,I,-0.5480870,0.0003615
44747,1981-05-23,I,-0.5501150,0.0002582
44748,1981-05-24,I,-0.5521892,0.0002582
44749,1981-05-25,I,-0.5543596,0.0000510
44750,1981-05-26,I,-0.5566719,0.0000510
44751,1981-05-27,I,-0.5591598,0.0000510
44752,1981-05-28,I,-0.5618327,0.0000510
44753,1981-05-29,I,-0.5646635,0.0003308
44754,1981-05-30,I,-0.5675835,0.0002180
44755,1981-05-31,I,-0.5704924,0.0002180
44756,1981-06-01,I,-0.5732854,0.0002180
44757,1981-06-02,I,-0.5758879,0.0002180
44758,1981-06-03,I,-0.5782792,0.0002274
44759,1981-06-04,I,-0.5804940,0.0001720
44760,1981-06-05,I,-0.5826020,0.0002430
44761,1981-06-06,I,-0.5846779,0.0001729
44762,1981-06-07,I,-0.5867761,0.0001729
44763,1981-06-08,I,-0.5889200,0.0001430
44764,1981-06-09,I,-0.5911049,0.0000341
44765,1981-06-10,I,-0.5933073,0.0000341
44766,1981-06-11,I,-0.5954946,0.0000341
44767,1981-06-12,I,-0.5976311,0.0001687
44768,1981-06-13,I,-0.5996832,0.0001687
44769,1981-06-14,I,-0.6016228,0.0002090
44770,1981-06-15,I,-0.6034315,0.0002004
44771,1981-06-16,I,-0.6051043,0.0002004
44772,1981-06-17,I,-0.6066515,0.0001739
44773,1981-06-18,I,-0.6080991,0.0001356
44774,1981-06-19,I,-0.6094870,0.0001356
44775,1981-06-20,I,-0.6108651,0.0001328
44776,1981-06-21,I,-0.6122857,0.0001045
44777,1981-06-22,I,-0.6137956,0.0001045
44778,1981-06-23,I,-0.6154270,0.0001287
44779,1981-06-24,I,-0.6171909,0.0002672
44780,1981-06-25,I,-0.6190711,0.0002672
44781,1981-06-26,I,-0.6210211,0.0003875
44782,1981-06-27,I,-0.6229673,0.0003425
44783,1981-06-28,I,-0.6248250,0.0003425
44784,1981-06-29,I,-0.6265211,0.0003425
44785,1981-06-30,I,-0.6280192,0.0002624
44786,1981-07-01,I,0.3706665,0.0002624
44787,1981-07-02,I,0.3694777,0.0002624
44788,1981-07-03,I,0.3683358,0.0001826
44789,1981-07-04,I,0.3671721,0.0001826
44790,1981-07-05,I,0.3659465,0.0001826
44791,1981-07-06,I,0.3646531,0.0001301
44792,1981-07-07,I,0.3633115,0.0001301
44793,1981-07-08,I,0.3619550,0.0001666
44794,1981-07-09,I,0.3606205,0.0001868
44795,1981-07-10,I,0.3593416,0.0001868
44796,1981-07-11,I,0.3581453,0.0001868
44797,1981-07-12,I,0.3570477,0.0001580
44798,1981-07-13,I,0.3560519,0.0001580
44799,1981-07-14,I,0.3551467,0.0001421
44800,1981-07-15,I,0.3543064,0.0001421
44801,1981-07-16,I,0.3534912,0.0001421
44802,1981-07-17,I,0.3526498,0.0001451
44803,1981-07-18,I,0.3517243,0.0003418
44804,1981-07-19,I,0.3506603,0.0003418
44805,1981-07-20,I,0.3494185,0.0004005
44806,1981-07-21,I,0.3479847,0.0004350
44807,1981-07-22,I,0.3463761,0.0004350
44808,1981-07-23,I,0.3446398,0.0005028
44809,1981-07-24,I,0.3428438,0.0003407
44810,1981-07-25,I,0.3410644,0.0003407
44811,1981-07-26,I,0.3393691,0.0003407
44812,1981-07-27,I,0.3377979,0.0002363
44813,1981-07-28,I,0.3363514,0.0002363
44814,1981-07-29,I,0.3349899,0.0002166
44815,1981-07-30,I,0.3336469,0.0003043
44816,1981-07-31,I,0.3322535,0.0002407
44817,1981-08-01,I,0.3307615,0.0002407
44818,1981-08-02,I,0.3291561,0.0002066
44819,1981-08-03,I,0.3274544,0.0002066
44820,1981-08-04,I,0.3256944,0.0002196
44821,1981-08-05,I,0.3239221,0.0000688
44822,1981-08-06,I,0.3221817,0.0000302
44823,1981-08-07,I,0.3205100,0.0000302
44824,1981-08-08,I,0.3189326,0.0000091
44825,1981-08-09,I,0.3174612,0.0000091
44826,1981-08-10,I,0.3160922,0.0000091
44827,1981-08-11,I,0.3148068,0.0003207
44828,1981-08-12,I,0.3135734,0.0003207
44829,1981-08-13,I,0.3123490,0.0003207
44830,1981-08-14,I,0.3110819,0.0003995
44831,1981-08-15,I,0.3097165,0.0003995
44832,1981-08-16,I,0.3082058,0.0003995
44833,1981-08-17,I,0.3065269,0.0002396
44834,1981-08-18,I,0.3046927,0.0002396
44835,1981-08-19,I,0.3027534,0.0001984
44836,1981-08-20,I,0.3007863,0.0000480
44837,1981-08-21,I,0.2988761,0.0000480
44838,1981-08-22,I,0.2970932,0.0000480
44839,1981-08-23,I,0.2954768,0.0001861
44840,1981-08-24,I,0.2940264,0.0001861
44841,1981-08-25,I,0.2927041,0.0002546
44842,1981-08-26,I,0.2914453,0.0002546
44843,1981-08-27,I,0.2901771,0.0002546
44844,1981-08-28,I,0.2888384,0.0002546
44845,1981-08-29,I,0.2873960,0.0002253
44846,1981-08-30,I,0.2858492,0.0002253
44847,1981-08-31,I,0.2842247,0.0001589
44848,1981-09-01,I,0.2825642,0.0001589
44849,1981-09-02,I,0.2809121,0.0001589
44850,1981-09-03,I,0.2793066,0.0001813
44851,1981-09-04,I,0.2777746,0.0001742
44852,1981-09-05,I,0.2763288,0.0001742
44853,1981-09-06,I,0.2749651,0.0002192
44854,1981-09-07,I,0.2736626,0.0001768
44855,1981-09-08,I,0.2723866,0.0001768
44856,1981-09-09,I,0.2710914,0.0002456
44857,1981-09-10,I,0.2697232,0.0002456
44858,1981-09-11,I,0.2682232,0.0002456
44859,1981-09-12,I,0.2665346,0.0002456
44860,1981-09-13,I,0.2646162,0.0003657
44861,1981-09-14,I,0.2624596,0.0003657
44862,1981-09-15,I,0.2601009,0.0004086
44863,1981-09-16,I,0.2576186,0.0004086
44864,1981-09-17,I,0.2551147,0.0004086
44865,1981-09-18,I,0.2526846,0.0004086
44866,1981-09-19,I,0.2503899,0.0003491
44867,1981-09-20,I,0.2482445,0.0003491
44868,1981-09-21,I,0.2462167,0.0002666
44869,1981-09-22,I,0.2442442,0.0001896
44870,1981-09-23,I,0.2422552,0.0001896
44871,1981-09-24,I,0.2401886,0.0002107
44872,1981-09-25,I,0.2380076,0.0001761
44873,1981-09-26,I,0.2357062,0.0001761
44874,1981-09-27,I,0.2333073,0.0003308
44875,1981-09-28,I,0.2308535,0.0004046
44876,1981-09-29,I,0.2283959,0.0004046
44877,1981-09-30,I,0.2259836,0.0005573
44878,1981-10-01,I,0.2236567,0.0005573
44879,1981-10-02,I,0.2214404,0.0005573
44880,1981-10-03,I,0.2193426,0.0005958
44881,1981-10-04,I,0.2173522,0.0004478
44882,1981-10-05,I,0.2154394,0.0004478
44883,1981-10-06,I,0.2135611,0.0002146
44884,1981-10-07,I,0.2116664,0.0001712
44885,1981-10-08,I,0.2096990,0.0001712
44886,1981-10-09,I,0.2076010,0.0001712
44887,1981-10-10,I,0.2053203,0.0002999
44888,1981-10-11,I,0.2028253,0.0002999
44889,1981-10-12,I,0.2001219,0.0002999
44890,1981-10-13,I,0.1972647,0.0003337
44891,1981-10-14,I,0.1943507,0.0003337
44892,1981-10-15,I,0.1914929,0.0002878
44893,1981-10-16,I,0.1887834,0.0002015
44894,1981-10-17,I,0.1862652,0.0002015
44895,1981-10-18,I,0.1839228,0.0001752
44896,1981-10-19,I,0.1816955,0.0001355
44897,1981-10-20,I,0.1795035,0.0001355
44898,1981-10-21,I,0.1772743,0.0001003
44899,1981-10-22,I,0.1749598,0.0001003
44900,1981-10-23,I,0.1725434,0.0001003
44901,1981-10-24,I,0.1700374,0.0000960
44902,1981-10-25,I,0.1674746,0.0000687
44903,1981-10-26,I,0.1648997,0.0000687
44904,1981-10-27,I,0.1623594,0.0000150
44905,1981-10-28,I,0.1598955,0.0002146
44906,1981-10-29,I,0.1575393,0.0002146
44907,1981-10-30,I,0.1553075,0.0002146
44908,1981-10-31,I,0.1531987,0.0003031
44909,1981-11-01,I,0.1511928,0.0003104
44910,1981-11-02,I,0.1492531,0.0003104
44911,1981-11-03,I,0.1473323,0.0002502
44912,1981-11-04,I,0.1453780,0.0002502
44913,1981-11-05,I,0.1433366,0.0002090
44914,1981-11-06,I,0.1411574,0.0002090
44915,1981-11-07,I,0.1387998,0.0001228
44916,1981-11-08,I,0.1362468,0.0002089
44917,1981-11-09,I,0.1335205,0.0002308
44918,1981-11-10,I,0.1306898,0.0002308
44919,1981-11-11,I,0.1278584,0.0003900
44920,1981-11-12,I,0.1251355,0.0003900
44921,1981-11-13,I,0.1225986,0.0003900
44922,1981-11-14,I,0.1202668,0.0004512
44923,1981-11-15,I,0.1181004,0.0003550
44924,1981-11-16,I,0.1160223,0.0003550
44925,1981-11-17,I,0.1139505,0.0000454
44926,1981-11-18,I,0.1118252,0.0000454
44927,1981-11-19,I,0.1096218,0.0000454
44928,1981-11-20,I,0.1073481,0.0000454
44929,1981-11-21,I,0.1050334,0.0000261
44930,1981-11-22,I,0.1027164,0.0000261
44931,1981-11-23,I,0.1004375,0.0000189
44932,1981-11-24,I,0.0982337,0.0001151
44933,1981-11-25,I,0.0961332,0.0001151
44934,1981-11-26,I,0.0941523,0.0001151
44935,1981-11-27,I,0.0922918,0.0002710
44936,1981-11-28,I,0.0905357,0.0000501
44937,1981-11-29,I,0.0888511,0.0000501
44938,1981-11-30,I,0.0871918,0.0000501
44939,1981-12-01,I,0.0855043,0.0000501
44940,1981-12-02,I,0.0837345,0.0000586
44941,1981-12-03,I,0.0818334,0.0000586
44942,1981-12-04,I,0.0797612,0.0000660
44943,1981-12-05,I,0.0774939,0.0000660
44944,1981-12-06,I,0.0750336,0.0006380
44945,1981-12-07,I,0.0724176,0.0006380
44946,1981-12-08,I,0.0697211,0.0008999
44947,1981-12-09,I,0.0670413,0.0006864
44948,1981-12-10,I,0.0644701,0.0006864
44949,1981-12-11,I,0.0620603,0.0006864
44950,1981-12-12,I,0.0598052,0.0002584
44951,1981-12-13,I,0.0576465,0.0002584
44952,1981-12-14,I,0.0555017,0.0002584
44953,1981-12-15,I,0.0532986,0.0000774
44954,1981-12-16,I,0.0509998,0.0002121
44955,1981-12-17,I,0.0486079,0.0003057
44956,1981-12-18,I,0.0461555,0.0003560
44957,1981-12-19,I,0.0436892,0.0003560
44958,1981-12-20,I,0.0412561,0.0003560
44959,1981-12-21,I,0.0388965,0.0003623
44960,1981-12-22,I,0.0366400,0.0003540
44961,1981-12-23,I,0.0345044,0.0001521
44962,1981-12-24,I,0.0324942,0.0001521
44963,1981-12-25,I,0.0305981,0.0001521
44964,1981-12-26,I,0.0287895,0.0002923
44965,1981-12-27,I,0.0270275,0.0003844
44966,1981-12-28,I,0.0252621,0.0003844
44967,1981-12-29,I,0.0234396,0.0003073
44968,1981-12-30,I,0.0215121,0.0003073
44969,1981-12-31,I,0.0194441,0.0003073
44970,1982-01-01,I,0.0172174,0.0002029
44971,1982-01-02,I,0.0148352,0.0003035
44972,1982-01-03,I,0.0123255,0.0003035
44973,1982-01-04,I,0.0097435,0.0003782
44974,1982-01-05,I,0.0071659,0.0002961
44975,1982-01-06,I,0.0046742,0.0003034
44976,1982-01-07,I,0.0023299,0.0003034
44977,1982-01-08,I,0.0001498,0.0002814
44978,1982-01-09,I,-0.0019018,0.0002814
44979,1982-01-10,I,-0.0038991,0.0002513
44980,1982-01-11,I,-0.0059248,0.0002664
44981,1982-01-12,I,-0.0080372,0.0000029
44982,1982-01-13,I,-0.0102519,0.0001380
44983,1982-01-14,I,-0.0125440,0.0001380
44984,1982-01-15,I,-0.0148636,0.0001380
44985,1982-01-16,I,-0.0171553,0.0001428
44986,1982-01-17,I,-0.0193709,0.0001428
44987,1982-01-18,I,-0.0214756,0.0001428
44988,1982-01-19,I,-0.0234491,0.0000519
44989,1982-01-20,I,-0.0252864,0.0000519
44990,1982-01-21,I,-0.0269973,0.0004932
44991,1982-01-22,I,-0.0286065,0.0007463
44992,1982-01-23,I,-0.0301516,0.0004955
44993,1982-01-24,I,-0.0316810,0.0004955
44994,1982-01-25,I,-0.0332497,0.0004955
44995,1982-01-26,I,-0.0349115,0.0003967
44996,1982-01-27,I,-0.0367096,0.0000647
44997,1982-01-28,I,-0.0386668,0.0000647
44998,1982-01-29,I,-0.0407796,0.0000403
44999,1982-01-30,I,-0.0430177,0.0001070
45000,1982-01-31,I,-0.0453276,0.0001070
45001,1982-02-01,I,-0.0476418,0.0001459
45002,1982-02-02,I,-0.0498919,0.0001459
45003,1982-02-03,I,-0.0520251,0.0001462
45004,1982-02-04,I,-0.0540217,0.0001462
45005,1982-02-05,I,-0.0559059,0.0001466
45006,1982-02-06,I,-0.0577419,0.0001226
45007,1982-02-07,I,-0.0596135,0.0001019
45008,1982-02-08,I,-0.0615946,0.0001019
45009,1982-02-09,I,-0.0637236,0.0000640
45010,1982-02-10,I,-0.0659939,0.0000697
45011,1982-02-11,I,-0.0683618,0.0001279
45012,1982-02-12,I,-0.0707658,0.0001351
45013,1982-02-13,I,-0.0731459,0.0001344
45014,1982-02-14,I,-0.0754554,0.0001344
45015,1982-02-15,I,-0.0776655,0.0001414
45016,1982-02-16,I,-0.0797650,0.0001532
45017,1982-02-17,I,-0.0817608,0.0001204
45018,1982-02-18,I,-0.0836763,0.0001617
45019,1982-02-19,I,-0.0855492,0.0003814
45020,1982-02-20,I,-0.0874278,0.0003509
45021,1982-02-21,I,-0.0893667,0.0003858
45022,1982-02-22,I,-0.0914207,0.0003858
45023,1982-02-23,I,-0.0936370,0.0003858
45024,1982-02-24,I,-0.0960440,0.0004946
45025,1982-02-25,I,-0.0986412,0.0003454
45026,1982-02-26,I,-0.1013933,0.0007739
45027,1982-02-27,I,-0.1042338,0.0007739
45028,1982-02-28,I,-0.1070769,0.0006275
45029,1982-03-01,I,-0.1098376,0.0006275
45030,1982-03-02,I,-0.1124530,0.0006153
45031,1982-03-03,I,-0.1148974,0.0006447
45032,1982-03-04,I,-0.1171872,0.0004401
45033,1982-03-05,I,-0.1193761,0.0004401
45034,1982-03-06,I,-0.1215411,0.0004368
45035,1982-03-07,I,-0.1237611,0.0004368
45036,1982-03-08,I,-0.1260908,0.0004083
45037,1982-03-09,I,-0.1285454,0.0002470
45038,1982-03-10,I,-0.1310981,0.0002470
45039,1982-03-11,I,-0.1336935,0.0002511
45040,1982-03-12,I,-0.1362662,0.0002873
45041,1982-03-13,I,-0.1387587,0.0002873
45042,1982-03-14,I,-0.1411307,0.0002593
45043,1982-03-15,I,-0.1433630,0.0000701
45044,1982-03-16,I,-0.1454582,0.0000701
45045,1982-03-17,I,-0.1474387,0.0000505
45046,1982-03-18,I,-0.1493436,0.0000505
45047,1982-03-19,I,-0.1512237,0.0000505
45048,1982-03-20,I,-0.1531353,0.0000505
45049,1982-03-21,I,-0.1551361,0.0000482
45050,1982-03-22,I,-0.1572808,0.0001229
45051,1982-03-23,I,-0.1596140,0.0000622
45052,1982-03-24,I,-0.1621584,0.0000696
45053,1982-03-25,I,-0.1649019,0.0000696
45054,1982-03-26,I,-0.1677915,0.0001159
45055,1982-03-27,I,-0.1707415,0.0002952
45056,1982-03-28,I,-0.1736550,0.0002952
45057,1982-03-29,I,-0.1764527,0.0002952
45058,1982-03-30,I,-0.1790950,0.0003580
45059,1982-03-31,I,-0.1815903,0.0003580
45060,1982-04-01,I,-0.1839897,0.0004228
45061,1982-04-02,I,-0.1863689,0.0002037
45062,1982-04-03,I,-0.1888058,0.0002037
45063,1982-04-04,I,-0.1913588,0.0002542
45064,1982-04-05,I,-0.1940531,0.0002963
45065,1982-04-06,I,-0.1968752,0.0003762
45066,1982-04-07,I,-0.1997791,0.0003762
45067,1982-04-08,I,-0.2027005,0.0003762
45068,1982-04-09,I,-0.2055739,0.0003762
45069,1982-04-10,I,-0.2083455,0.0002466
45070,1982-04-11,I,-0.2109809,0.0003094
45071,1982-04-12,I,-0.2134670,0.0002560
45072,1982-04-13,I,-0.2158123,0.0002560
45073,1982-04-14,I,-0.2180457,0.0002590
45074,1982-04-15,I,-0.2202126,0.0002590
45075,1982-04-16,I,-0.2223681,0.0003620
45076,1982-04-17,I,-0.2245697,0.0003120
45077,1982-04-18,I,-0.2268738,0.0003120
45078,1982-04-19,I,-0.2293305,0.0003120
45079,1982-04-20,I,-0.2319768,0.0004505
45080,1982-04-21,I,-0.2348241,0.0004505
45081,1982-04-22,I,-0.2378448,0.0004450
45082,1982-04-23,I,-0.2409687,0.0004853
45083,1982-04-24,I,-0.2440945,0.0004853
45084,1982-04-25,I,-0.2471189,0.0004853
45085,1982-04-26,I,-0.2499699,0.0003581
45086,1982-04-27,I,-0.2526301,0.0003581
45087,1982-04-28,I,-0.2551382,0.0001847
45088,1982-04-29,I,-0.2575703,0.0001847
45089,1982-04-30,I,-0.2600099,0.0001847
45090,1982-05-01,I,-0.2625221,0.0001847
45091,1982-05-02,I,-0.2651383,0.0001284
45092,1982-05-03,I,-0.2678529,0.0001284
45093,1982-05-04,I,-0.2706294,0.0003284
45094,1982-05-05,I,-0.2734116,0.0002630
45095,1982-05-06,I,-0.2761374,0.0002630
45096,1982-05-07,I,-0.2787506,0.0002630
45097,1982-05-08,I,-0.2812091,0.0004772
45098,1982-05-09,I,-0.2834916,0.0004772
45099,1982-05-10,I,-0.2855978,0.0004371
45100,1982-05-11,I,-0.2875484,0.0006205
45101,1982-05-12,I,-0.2893827,0.0006205
45102,1982-05-13,I,-0.2911547,0.0005386
45103,1982-05-14,I,-0.2929234,0.0003962
45104,1982-05-15,I,-0.2947468,0.0003962
45105,1982-05-16,I,-0.2966775,0.0004735
45106,1982-05-17,I,-0.2987583,0.0003231
45107,1982-05-18,I,-0.3010159,0.0003231
45108,1982-05-19,I,-0.3034504,0.0003704
45109,1982-05-20,I,-0.3060244,0.0003704
45110,1982-05-21,I,-0.3086614,0.0004092
45111,1982-05-22,I,-0.3112621,0.0003905
45112,1982-05-23,I,-0.3137372,0.0003712
45113,1982-05-24,I,-0.3160402,0.0003712
45114,1982-05-25,I,-0.3181844,0.0003871
45115,1982-05-26,I,-0.3202362,0.0003679
45116,1982-05-27,I,-0.3222861,0.0003015
45117,1982-05-28,I,-0.3244133,0.0002656
45118,1982-05-29,I,-0.3266607,0.0002231
45119,1982-05-30,I,-0.3290274,0.0002231
45120,1982-05-31,I,-0.3314775,0.0002231
45121,1982-06-01,I,-0.3339552,0.0002416
45122,1982-06-02,I,-0.3364009,0.0002416
45123,1982-06-03,I,-0.3387603,0.0003594
45124,1982-06-04,I,-0.3409918,0.0003594
45125,1982-06-05,I,-0.3430701,0.0003594
45126,1982-06-06,I,-0.3449881,0.0003594
45127,1982-06-07,I,-0.3467581,0.0003308
45128,1982-06-08,I,-0.3484110,0.0003308
45129,1982-06-09,I,-0.3499924,0.0001753
45130,1982-06-10,I,-0.3515560,0.0001753
45131,1982-06-11,I,-0.3531558,0.0001753
45132,1982-06-12,I,-0.3548392,0.0001753
45133,1982-06-13,I,-0.3566418,0.0000434
45134,1982-06-14,I,-0.3585851,0.0000934
45135,1982-06-15,I,-0.3606721,0.0000946
45136,1982-06-16,I,-0.3628807,0.0000806
45137,1982-06-17,I,-0.3651570,0.0000799
45138,1982-06-18,I,-0.3674218,0.0000688
45139,1982-06-19,I,-0.3695967,0.0000699
45140,1982-06-20,I,-0.3716219,0.0000699
45141,1982-06-21,I,-0.3734702,0.0000646
45142,1982-06-22,I,-0.3751668,0.0000636
45143,1982-06-23,I,-0.3767885,0.0000594
45144,1982-06-24,I,-0.3784291,0.0000541
45145,1982-06-25,I,-0.3801559,0.0000686
45146,1982-06-26,I,-0.3819872,0.0001025
45147,1982-06-27,I,-0.3838948,0.0001025
45148,1982-06-28,I,-0.3858222,0.0001222
45149,1982-06-29,I,-0.3877067,0.0001222
45150,1982-06-30,I,-0.3894945,0.0001300
45151,1982-07-01,I,0.6088515,0.0001300
45152,1982-07-02,I,0.6073515,0.0001300
45153,1982-07-03,I,0.6060085,0.0001300
45154,1982-07-04,I,0.6048090,0.0001081
45155,1982-07-05,I,0.6037236,0.0001081
45156,1982-07-06,I,0.6027089,0.0001165
45157,1982-07-07,I,0.6017119,0.0001077
45158,1982-07-08,I,0.6006769,0.0001077
45159,1982-07-09,I,0.5995535,0.0001077
45160,1982-07-10,I,0.5983043,0.0001105
45161,1982-07-11,I,0.5969092,0.0001105
45162,1982-07-12,I,0.5953676,0.0001105
45163,1982-07-13,I,0.5936992,0.0001055
45164,1982-07-14,I,0.5919461,0.0001055
45165,1982-07-15,I,0.5901712,0.0002660
45166,1982-07-16,I,0.5884504,0.0004651
45167,1982-07-17,I,0.5868530,0.0004651
45168,1982-07-18,I,0.5854160,0.0004651
45169,1982-07-19,I,0.5841239,0.0004682
45170,1982-07-20,I,0.5829089,0.0004682
45171,1982-07-21,I,0.5816746,0.0004068
45172,1982-07-22,I,0.5803349,0.0001881
45173,1982-07-23,I,0.5788473,0.0001881
45174,1982-07-24,I,0.5772252,0.0001881
45175,1982-07-25,I,0.5755268,0.0001944
45176,1982-07-26,I,0.5738299,0.0001944
45177,1982-07-27,I,0.5722068,0.0002815
45178,1982-07-28,I,0.5707089,0.0002815
45179,1982-07-29,I,0.5693632,0.0002815
45180,1982-07-30,I,0.5681748,0.0002815
45181,1982-07-31,I,0.5671299,0.0003969
45182,1982-08-01,I,0.5661988,0.0003969
45183,1982-08-02,I,0.5653387,0.0004187
45184,1982-08-03,I,0.5644976,0.0003165
45185,1982-08-04,I,0.5636194,0.0003165
45186,1982-08-05,I,0.5626487,0.0003165
45187,1982-08-06,I,0.5615404,0.0002331
45188,1982-08-07,I,0.5602669,0.0002331
45189,1982-08-08,I,0.5588232,0.0003283
45190,1982-08-09,I,0.5572292,0.0003862
45191,1982-08-10,I,0.5555270,0.0003862
45192,1982-08-11,I,0.5537746,0.0008502
45193,1982-08-12,I,0.5520367,0.0010115
45194,1982-08-13,I,0.5503727,0.0010029
45195,1982-08-14,I,0.5488185,0.0009770
45196,1982-08-15,I,0.5473707,0.0009770
45197,1982-08-16,I,0.5459791,0.0009770
45198,1982-08-17,I,0.5445579,0.0003531
45199,1982-08-18,I,0.5430131,0.0003531
45200,1982-08-19,I,0.5412787,0.0002937
45201,1982-08-20,I,0.5393408,0.0002710
45202,1982-08-21,I,0.5372407,0.0001917
45203,1982-08-22,I,0.5350577,0.0001917
45204,1982-08-23,I,0.5328798,0.0000039
45205,1982-08-24,I,0.5307793,0.0001708
45206,1982-08-25,I,0.5288002,0.0001708
45207,1982-08-26,I,0.5269575,0.0001545
45208,1982-08-27,I,0.5252420,0.0001892
45209,1982-08-28,I,0.5236252,0.0001892
45210,1982-08-29,I,0.5220644,0.0001892
45211,1982-08-30,I,0.5205077,0.0002005
45212,1982-08-31,I,0.5188991,0.0002005
45213,1982-09-01,I,0.5171840,0.0004587
45214,1982-09-02,I,0.5153154,0.0004587
45215,1982-09-03,I,0.5132613,0.0004587
45216,1982-09-04,I,0.5110124,0.0004587
45217,1982-09-05,I,0.5085886,0.0006068
45218,1982-09-06,I,0.5060400,0.0006068
45219,1982-09-07,I,0.5034385,0.0006186
45220,1982-09-08,I,0.5008627,0.0005347
45221,1982-09-09,I,0.4983814,0.0005347
45222,1982-09-10,I,0.4960381,0.0005347
45223,1982-09-11,I,0.4938382,0.0004952
45224,1982-09-12,I,0.4917474,0.0004952
45225,1982-09-13,I,0.4896977,0.0004952
45226,1982-09-14,I,0.4876067,0.0005787
45227,1982-09-15,I,0.4854026,0.0005787
45228,1982-09-16,I,0.4830409,0.0006094
45229,1982-09-17,I,0.4805269,0.0005909
45230,1982-09-18,I,0.4779157,0.0010424
45231,1982-09-19,I,0.4752903,0.0010424
45232,1982-09-20,I,0.4727328,0.0006647
45233,1982-09-21,I,0.4703058,0.0006647
45234,1982-09-22,I,0.4680406,0.0002512
45235,1982-09-23,I,0.4659380,0.0002512
45236,1982-09-24,I,0.4639747,0.0002401
45237,1982-09-25,I,0.4621090,0.0002401
45238,1982-09-26,I,0.4602881,0.0002213
45239,1982-09-27,I,0.4584548,0.0002213
45240,1982-09-28,I,0.4565524,0.0001789
45241,1982-09-29,I,0.4545311,0.0001493
45242,1982-09-30,I,0.4523526,0.0001088
45243,1982-10-01,I,0.4499964,0.0002126
45244,1982-10-02,I,0.4474676,0.0001901
45245,1982-10-03,I,0.4448034,0.0001901
45246,1982-10-04,I,0.4420726,0.0001901
45247,1982-10-05,I,0.4393619,0.0001875
45248,1982-10-06,I,0.4367550,0.0001875
45249,1982-10-07,I,0.4343079,0.0000822
45250,1982-10-08,I,0.4320322,0.0000090
45251,1982-10-09,I,0.4298920,0.0000090
45252,1982-10-10,I,0.4278149,0.0000090
45253,1982-10-11,I,0.4257127,0.0001017
45254,1982-10-12,I,0.4235055,0.0001017
45255,1982-10-13,I,0.4211443,0.0001431
45256,1982-10-14,I,0.4186240,0.0001431
45257,1982-10-15,I,0.4159852,0.0001431
45258,1982-10-16,I,0.4133022,0.0000504
45259,1982-10-17,I,0.4106613,0.0000454
45260,1982-10-18,I,0.4081392,0.0000454
45261,1982-10-19,I,0.4057877,0.0000390
45262,1982-10-20,I,0.4036267,0.0000388
45263,1982-10-21,I,0.4016441,0.0000388
45264,1982-10-22,I,0.3998034,0.0000388
45265,1982-10-23,I,0.3980519,0.0001364
45266,1982-10-24,I,0.3963275,0.0001364
45267,1982-10-25,I,0.3945673,0.0001364
45268,1982-10-26,I,0.3927147,0.0001927
45269,1982-10-27,I,0.3907243,0.0001927
45270,1982-10-28,I,0.3885650,0.0001676
45271,1982-10-29,I,0.3862246,0.0001548
45272,1982-10-30,I,0.3837172,0.0001548
45273,1982-10-31,I,0.3810899,0.0001548
45274,1982-11-01,I,0.3784208,0.0002472
45275,1982-11-02,I,0.3758020,0.0002472
45276,1982-11-03,I,0.3733113,0.0003804
45277,1982-11-04,I,0.3709844,0.0002872
45278,1982-11-05,I,0.3688011,0.0002872
45279,1982-11-06,I,0.3666925,0.0003350
45280,1982-11-07,I,0.3645653,0.0003351
45281,1982-11-08,I,0.3623329,0.0003003
45282,1982-11-09,I,0.3599387,0.0002564
45283,1982-11-10,I,0.3573693,0.0002764
45284,1982-11-11,I,0.3546546,0.0002764
45285,1982-11-12,I,0.3518560,0.0001631
45286,1982-11-13,I,0.3490498,0.0001631
45287,1982-11-14,I,0.3463100,0.0001774
45288,1982-11-15,I,0.3436937,0.0001774
45289,1982-11-16,I,0.3412326,0.0001834
45290,1982-11-17,I,0.3389307,0.0001834
45291,1982-11-18,I,0.3367679,0.0002336
45292,1982-11-19,I,0.3347043,0.0002336
45293,1982-11-20,I,0.3326864,0.0002716
45294,1982-11-21,I,0.3306559,0.0002716
45295,1982-11-22,I,0.3285572,0.0002835
45296,1982-11-23,I,0.3263445,0.0002306
45297,1982-11-24,I,0.3239858,0.0001524
45298,1982-11-25,I,0.3214646,0.0001524
45299,1982-11-26,I,0.3187832,0.0001650
45300,1982-11-27,I,0.3159685,0.0001564
45301,1982-11-28,I,0.3130776,0.0001739
45302,1982-11-29,I,0.3101936,0.0001813
45303,1982-11-30,I,0.3074063,0.0001960
45304,1982-12-01,I,0.3047811,0.0001960
45305,1982-12-02,I,0.3023308,0.0002472
45306,1982-12-03,I,0.3000071,0.0002732
45307,1982-12-04,I,0.2977185,0.0002799
45308,1982-12-05,I,0.2953651,0.0002426
45309,1982-12-06,I,0.2928746,0.0002316
45310,1982-12-07,I,0.2902250,0.0002316
45311,1982-12-08,I,0.2874426,0.0001413
45312,1982-12-09,I,0.2845876,0.0001355
45313,1982-12-10,I,0.2817327,0.0001425
45314,1982-12-11,I,0.2789457,0.0001583
45315,1982-12-12,I,0.2762783,0.0001433
45316,1982-12-13,I,0.2737600,0.0000521
45317,1982-12-14,I,0.2713973,0.0000395
45318,1982-12-15,I,0.2691743,0.0000370
45319,1982-12-16,I,0.2670564,0.0000340
45320,1982-12-17,I,0.2649953,0.0000338
45321,1982-12-18,I,0.2629377,0.0000338
45322,1982-12-19,I,0.2608307,0.0000334
45323,1982-12-20,I,0.2586284,0.0000326
45324,1982-12-21,I,0.2562967,0.0000400
45325,1982-12-22,I,0.2538178,0.0000471
45326,1982-12-23,I,0.2511908,0.0000317
45327,1982-12-24,I,0.2484329,0.0000317
45328,1982-12-25,I,0.2455832,0.0000357
45329,1982-12-26,I,0.2427042,0.0000357
45330,1982-12-27,I,0.2398746,0.0001717
45331,1982-12-28,I,0.2371677,0.0001717
45332,1982-12-29,I,0.2346222,0.0001717
45333,1982-12-30,I,0.2322199,0.0001717
45334,1982-12-31,I,0.2298861,0.0001072
45335,1983-01-01,I,0.2275162,0.0001072
45336,1983-01-02,I,0.2250174,0.0001922
45337,1983-01-03,I,0.2223447,0.0001922
45338,1983-01-04,I,0.2195132,0.0001922
45339,1983-01-05,I,0.2165864,0.0002370
45340,1983-01-06,I,0.2136481,0.0002547
45341,1983-01-07,I,0.2107756,0.0002547
45342,1983-01-08,I,0.2080235,0.0002267
45343,1983-01-09,I,0.2054182,0.0002982
45344,1983-01-10,I,0.2029598,0.0002982
45345,1983-01-11,I,0.2006275,0.0003333
45346,1983-01-12,I,0.1983841,0.0004186
45347,1983-01-13,I,0.1961809,0.0004186
45348,1983-01-14,I,0.1939612,0.0004186
45349,1983-01-15,I,0.1916668,0.0006219
45350,1983-01-16,I,0.1892461,0.0006219
45351,1983-01-17,I,0.1866602,0.0006608
45352,1983-01-18,I,0.1838891,0.0006608
45353,1983-01-19,I,0.1809333,0.0006608
45354,1983-01-20,I,0.1778134,0.0005486
45355,1983-01-21,I,0.1745679,0.0003761
45356,1983-01-22,I,0.1712518,0.0004289
45357,1983-01-23,I,0.1679328,0.0002736
45358,1983-01-24,I,0.1646808,0.0002654
45359,1983-01-25,I,0.1615482,0.0002654
45360,1983-01-26,I,0.1585450,0.0002618
45361,1983-01-27,I,0.1556253,0.0002389
45362,1983-01-28,I,0.1526985,0.0001573
45363,1983-01-29,I,0.1496624,0.0001857
45364,1983-01-30,I,0.1464464,0.0001570
45365,1983-01-31,I,0.1430413,0.0001570
45366,1983-02-01,I,0.1395029,0.0001618
45367,1983-02-02,I,0.1359290,0.0001114
45368,1983-02-03,I,0.1324243,0.0001918
45369,1983-02-04,I,0.1290716,0.0001979
45370,1983-02-05,I,0.1259177,0.0001566
45371,1983-02-06,I,0.1229750,0.0001566
45372,1983-02-07,I,0.1202285,0.0001792
45373,1983-02-08,I,0.1176439,0.0001815
45374,1983-02-09,I,0.1151739,0.0001704
45375,1983-02-10,I,0.1127618,0.0001582
45376,1983-02-11,I,0.1103476,0.0001217
45377,1983-02-12,I,0.1078737,0.0002689
45378,1983-02-13,I,0.1052937,0.0000762
45379,1983-02-14,I,0.1025785,0.0000680
45380,1983-02-15,I,0.0997205,0.0000680
45381,1983-02-16,I,0.0967356,0.0002120
45382,1983-02-17,I,0.0936592,0.0002120
45383,1983-02-18,I,0.0905413,0.0002120
45384,1983-02-19,I,0.0874380,0.0002249
45385,1983-02-20,I,0.0844038,0.0005460
45386,1983-02-21,I,0.0814787,0.0005460
45387,1983-02-22,I,0.0786717,0.0006050
45388,1983-02-23,I,0.0759478,0.0005503
45389,1983-02-24,I,0.0732289,0.0005503
45390,1983-02-25,I,0.0704155,0.0005503
45391,1983-02-26,I,0.0674177,0.0000950
45392,1983-02-27,I,0.0641933,0.0000950
45393,1983-02-28,I,0.0607686,0.0000950
45394,1983-03-01,I,0.0572310,0.0000905
45395,1983-03-02,I,0.0536983,0.0000905
45396,1983-03-03,I,0.0502796,0.0001139
45397,1983-03-04,I,0.0470495,0.0001162
45398,1983-03-05,I,0.0440379,0.0002426
45399,1983-03-06,I,0.0412361,0.0002426
45400,1983-03-07,I,0.0386074,0.0001876
45401,1983-03-08,I,0.0360988,0.0001876
45402,1983-03-09,I,0.0336493,0.0002170
45403,1983-03-10,I,0.0311964,0.0002170
45404,1983-03-11,I,0.0286811,0.0002170
45405,1983-03-12,I,0.0260544,0.0000726
45406,1983-03-13,I,0.0232825,0.0000819
45407,1983-03-14,I,0.0203530,0.0000819
45408,1983-03-15,I,0.0172785,0.0000455
45409,1983-03-16,I,0.0140966,0.0000455
45410,1983-03-17,I,0.0108659,0.0000455
45411,1983-03-18,I,0.0076555,0.0000455
45412,1983-03-19,I,0.0045306,0.0001053
45413,1983-03-20,I,0.0015371,0.0001053
45414,1983-03-21,I,-0.0013109,0.0001364
45415,1983-03-22,I,-0.0040393,0.0001497
45416,1983-03-23,I,-0.0067144,0.0002259
45417,1983-03-24,I,-0.0094311,0.0002028
45418,1983-03-25,I,-0.0122879,0.0002164
45419,1983-03-26,I,-0.0153552,0.0002164
45420,1983-03-27,I,-0.0186478,0.0002164
45421,1983-03-28,I,-0.0221153,0.0002018
45422,1983-03-29,I,-0.0256580,0.0000450
45423,1983-03-30,I,-0.0291587,0.0000448
45424,1983-03-31,I,-0.0325178,0.0000448
45425,1983-04-01,I,-0.0356749,0.0000448
45426,1983-04-02,I,-0.0386148,0.0000448
45427,1983-04-03,I,-0.0413595,0.0001825
45428,1983-04-04,I,-0.0439548,0.0001825
45429,1983-04-05,I,-0.0464595,0.0002542
45430,1983-04-06,I,-0.0489363,0.0002133
45431,1983-04-07,I,-0.0514449,0.0002133
45432,1983-04-08,I,-0.0540366,0.0002133
45433,1983-04-09,I,-0.0567483,0.0001807
45434,1983-04-10,I,-0.0596006,0.0001807
45435,1983-04-11,I,-0.0625928,0.0001833
45436,1983-04-12,I,-0.0656991,0.0001891
45437,1983-04-13,I,-0.0688677,0.0001891
45438,1983-04-14,I,-0.0720272,0.0002217
45439,1983-04-15,I,-0.0751004,0.0002410
45440,1983-04-16,I,-0.0780245,0.0002410
45441,1983-04-17,I,-0.0807706,0.0002313
45442,1983-04-18,I,-0.0833549,0.0002261
45443,1983-04-19,I,-0.0858353,0.0002261
45444,1983-04-20,I,-0.0882984,0.0000283
45445,1983-04-21,I,-0.0908370,0.0005120
45446,1983-04-22,I,-0.0935240,0.0005120
45447,1983-04-23,I,-0.0963907,0.0005860
45448,1983-04-24,I,-0.0994141,0.0005154
45449,1983-04-25,I,-0.1025219,0.0005154
45450,1983-04-26,I,-0.1056141,0.0005898
45451,1983-04-27,I,-0.1085892,0.0001333
45452,1983-04-28,I,-0.1113719,0.0001333
45453,1983-04-29,I,-0.1139272,0.0001333
45454,1983-04-30,I,-0.1162615,0.0001417
45455,1983-05-01,I,-0.1184139,0.0001417
45456,1983-05-02,I,-0.1204438,0.0002123
45457,1983-05-03,I,-0.1224196,0.0000536
45458,1983-05-04,I,-0.1244092,0.0000536
45459,1983-05-05,I,-0.1264725,0.0000608
45460,1983-05-06,I,-0.1286562,0.0000608
45461,1983-05-07,I,-0.1309902,0.0000608
45462,1983-05-08,I,-0.1334833,0.0000336
45463,1983-05-09,I,-0.1361219,0.0000662
45464,1983-05-10,I,-0.1388681,0.0003615
45465,1983-05-11,I,-0.1416598,0.0003656
45466,1983-05-12,I,-0.1444174,0.0003656
45467,1983-05-13,I,-0.1470626,0.0003656
45468,1983-05-14,I,-0.1495435,0.0003656
45469,1983-05-15,I,-0.1518561,0.0001910
45470,1983-05-16,I,-0.1540477,0.0001910
45471,1983-05-17,I,-0.1562041,0.0001015
45472,1983-05-18,I,-0.1584216,0.0002116
45473,1983-05-19,I,-0.1607772,0.0002116
45474,1983-05-20,I,-0.1633072,0.0002304
45475,1983-05-21,I,-0.1659979,0.0004384
45476,1983-05-22,I,-0.1687922,0.0003810
45477,1983-05-23,I,-0.1716045,0.0003810
45478,1983-05-24,I,-0.1743432,0.0003828
45479,1983-05-25,I,-0.1769304,0.0003828
45480,1983-05-26,I,-0.1793179,0.0003856
45481,1983-05-27,I,-0.1814945,0.0000959
45482,1983-05-28,I,-0.1834831,0.0000752
45483,1983-05-29,I,-0.1853312,0.0000752
45484,1983-05-30,I,-0.1871007,0.0000520
45485,1983-05-31,I,-0.1888580,0.0002240
45486,1983-06-01,I,-0.1906645,0.0002251
45487,1983-06-02,I,-0.1925689,0.0002251
45488,1983-06-03,I,-0.1946017,0.0002251
45489,1983-06-04,I,-0.1967747,0.0002251
45490,1983-06-05,I,-0.1990816,0.0003223
45491,1983-06-06,I,-0.2014974,0.0002775
45492,1983-06-07,I,-0.2039770,0.0003907
45493,1983-06-08,I,-0.2064550,0.0002943
45494,1983-06-09,I,-0.2088550,0.0002943
45495,1983-06-10,I,-0.2111105,0.0002943
45496,1983-06-11,I,-0.2131924,0.0000532
45497,1983-06-12,I,-0.2151267,0.0000532
45498,1983-06-13,I,-0.2169918,0.0000532
45499,1983-06-14,I,-0.2188927,0.0000596
45500,1983-06-15,I,-0.2209224,0.0000596
45501,1983-06-16,I,-0.2231291,0.0000494
45502,1983-06-17,I,-0.2255023,0.0000500
45503,1983-06-18,I,-0.2279791,0.0000557
45504,1983-06-19,I,-0.2304674,0.0000557
45505,1983-06-20,I,-0.2328710,0.0000855
45506,1983-06-21,I,-0.2351104,0.0000855
45507,1983-06-22,I,-0.2371338,0.0000873
45508,1983-06-23,I,-0.2389222,0.0000873
45509,1983-06-24,I,-0.2404892,0.0000873
45510,1983-06-25,I,-0.2418739,0.0000873
45511,1983-06-26,I,-0.2431316,0.0000633
45512,1983-06-27,I,-0.2443256,0.0000633
45513,1983-06-28,I,-0.2455186,0.0000910
45514,1983-06-29,I,-0.2467632,0.0000910
45515,1983-06-30,I,-0.2480974,0.0000910
45516,1983-07-01,I,0.7504601,0.0000910
45517,1983-07-02,I,0.7489115,0.0000961
45518,1983-07-03,I,0.7472782,0.0000961
45519,1983-07-04,I,0.7455971,0.0001250
45520,1983-07-05,I,0.7439198,0.0001250
45521,1983-07-06,I,0.7423097,0.0001325
45522,1983-07-07,I,0.7408313,0.0001325
45523,1983-07-08,I,0.7395256,0.0001325
45524,1983-07-09,I,0.7383876,0.0001325
45525,1983-07-10,I,0.7373551,0.0000947
45526,1983-07-11,I,0.7363211,0.0000947
45527,1983-07-12,I,0.7351691,0.0000832
45528,1983-07-13,I,0.7338170,0.0001491
45529,1983-07-14,I,0.7322452,0.0002468
45530,1983-07-15,I,0.7304995,0.0002498
45531,1983-07-16,I,0.7286694,0.0003414
45532,1983-07-17,I,0.7268571,0.0002718
45533,1983-07-18,I,0.7251489,0.0002718
45534,1983-07-19,I,0.7235954,0.0003305
45535,1983-07-20,I,0.7222106,0.0001583
45536,1983-07-21,I,0.7209826,0.0001527
45537,1983-07-22,I,0.7198788,0.0001267
45538,1983-07-23,I,0.7188526,0.0002050
45539,1983-07-24,I,0.7178470,0.0002621
45540,1983-07-25,I,0.7168039,0.0002231
45541,1983-07-26,I,0.7156714,0.0002572
45542,1983-07-27,I,0.7144113,0.0002572
45543,1983-07-28,I,0.7130053,0.0002720
45544,1983-07-29,I,0.7114550,0.0002035
45545,1983-07-30,I,0.7097792,0.0001200
45546,1983-07-31,I,0.7080116,0.0000962
45547,1983-08-01,I,0.7061985,0.0001297
45548,1983-08-02,I,0.7043952,0.0001297
45549,1983-08-03,I,0.7026587,0.0000937
45550,1983-08-04,I,0.7010361,0.0000937
45551,1983-08-05,I,0.6995459,0.0000937
45552,1983-08-06,I,0.6981587,0.0001278
45553,1983-08-07,I,0.6967933,0.0000656
45554,1983-08-08,I,0.6953371,0.0000656
45555,1983-08-09,I,0.6936880,0.0001704
45556,1983-08-10,I,0.6917972,0.0001252
45557,1983-08-11,I,0.6896908,0.0001252
45558,1983-08-12,I,0.6874608,0.0001252
45559,1983-08-13,I,0.6852322,0.0001139
45560,1983-08-14,I,0.6831210,0.0001139
45561,1983-08-15,I,0.6812028,0.0000435
45562,1983-08-16,I,0.6795028,0.0000421
45563,1983-08-17,I,0.6780038,0.0000421
45564,1983-08-18,I,0.6766624,0.0000933
45565,1983-08-19,I,0.6754213,0.0002767
45566,1983-08-20,I,0.6742180,0.0002767
45567,1983-08-21,I,0.6729913,0.0002814
45568,1983-08-22,I,0.6716863,0.0002814
45569,1983-08-23,I,0.6702610,0.0002814
45570,1983-08-24,I,0.6686917,0.0001995
45571,1983-08-25,I,0.6669759,0.0000927
45572,1983-08-26,I,0.6651322,0.0001292
45573,1983-08-27,I,0.6631980,0.0001772
45574,1983-08-28,I,0.6612246,0.0001320
45575,1983-08-29,I,0.6592703,0.0001320
45576,1983-08-30,I,0.6573905,0.0001477
45577,1983-08-31,I,0.6556291,0.0001094
45578,1983-09-01,I,0.6540063,0.0000624
45579,1983-09-02,I,0.6525049,0.0000499
45580,1983-09-03,I,0.6510632,0.0000436
45581,1983-09-04,I,0.6495800,0.0001473
45582,1983-09-05,I,0.6479430,0.0001494
45583,1983-09-06,I,0.6460696,0.0001713
45584,1983-09-07,I,0.6439426,0.0001744
45585,1983-09-08,I,0.6416186,0.0001744
45586,1983-09-09,I,0.6392122,0.0001744
45587,1983-09-10,I,0.6368585,0.0001580
45588,1983-09-11,I,0.6346673,0.0001561
45589,1983-09-12,I,0.6326998,0.0001277
45590,1983-09-13,I,0.6309608,0.0000052
45591,1983-09-14,I,0.6294124,0.0000946
45592,1983-09-15,I,0.6279940,0.0000946
45593,1983-09-16,I,0.6266384,0.0000946
45594,1983-09-17,I,0.6252807,0.0001069
45595,1983-09-18,I,0.6238623,0.0001097
45596,1983-09-19,I,0.6223348,0.0001097
45597,1983-09-20,I,0.6206672,0.0000647
45598,1983-09-21,I,0.6188483,0.0001866
45599,1983-09-22,I,0.6168886,0.0001866
45600,1983-09-23,I,0.6148200,0.0001814
45601,1983-09-24,I,0.6126926,0.0001825
45602,1983-09-25,I,0.6105654,0.0001825
45603,1983-09-26,I,0.6084951,0.0001978
45604,1983-09-27,I,0.6065239,0.0000932
45605,1983-09-28,I,0.6046690,0.0000930
45606,1983-09-29,I,0.6029143,0.0000787
45607,1983-09-30,I,0.6012065,0.0000874
45608,1983-10-01,I,0.5994608,0.0000874
45609,1983-10-02,I,0.5975750,0.0000456
45610,1983-10-03,I,0.5954578,0.0000433
45611,1983-10-04,I,0.5930642,0.0000494
45612,1983-10-05,I,0.5904186,0.0001075
45613,1983-10-06,I,0.5876153,0.0001075
45614,1983-10-07,I,0.5847934,0.0001075
45615,1983-10-08,I,0.5820926,0.0001423
45616,1983-10-09,I,0.5796131,0.0001060
45617,1983-10-10,I,0.5773946,0.0001036
45618,1983-10-11,I,0.5754209,0.0000983
45619,1983-10-12,I,0.5736376,0.0001369
45620,1983-10-13,I,0.5719722,0.0001369
45621,1983-10-14,I,0.5703506,0.0001369
45622,1983-10-15,I,0.5687067,0.0001650
45623,1983-10-16,I,0.5669849,0.0001650
45624,1983-10-17,I,0.5651460,0.0001534
45625,1983-10-18,I,0.5631707,0.0001502
45626,1983-10-19,I,0.5610581,0.0001556
45627,1983-10-20,I,0.5588267,0.0001332
45628,1983-10-21,I,0.5565148,0.0001306
45629,1983-10-22,I,0.5541771,0.0001306
45630,1983-10-23,I,0.5518736,0.0001306
45631,1983-10-24,I,0.5496557,0.0001696
45632,1983-10-25,I,0.5475509,0.0001208
45633,1983-10-26,I,0.5455492,0.0001434
45634,1983-10-27,I,0.5435992,0.0001434
45635,1983-10-28,I,0.5416204,0.0001434
45636,1983-10-29,I,0.5395172,0.0001434
45637,1983-10-30,I,0.5371975,0.0001079
45638,1983-10-31,I,0.5346047,0.0001064
45639,1983-11-01,I,0.5317372,0.0000832
45640,1983-11-02,I,0.5286549,0.0001485
45641,1983-11-03,I,0.5254704,0.0001618
45642,1983-11-04,I,0.5223186,0.0001618
45643,1983-11-05,I,0.5193194,0.0002222
45644,1983-11-06,I,0.5165493,0.0002222
45645,1983-11-07,I,0.5140290,0.0002230
45646,1983-11-08,I,0.5117311,0.0001868
45647,1983-11-09,I,0.5095951,0.0001755
45648,1983-11-10,I,0.5075441,0.0001576
45649,1983-11-11,I,0.5055044,0.0000959
45650,1983-11-12,I,0.5034134,0.0000959
45651,1983-11-13,I,0.5012261,0.0001155
45652,1983-11-14,I,0.4989183,0.0001128
45653,1983-11-15,I,0.4964856,0.0001129
45654,1983-11-16,I,0.4939437,0.0001082
45655,1983-11-17,I,0.4913271,0.0001075
45656,1983-11-18,I,0.4886891,0.0001133
45657,1983-11-19,I,0.4860939,0.0001136
45658,1983-11-20,I,0.4836084,0.0000652
45659,1983-11-21,I,0.4812844,0.0000876
45660,1983-11-22,I,0.4791380,0.0000604
45661,1983-11-23,I,0.4771374,0.0000599
45662,1983-11-24,I,0.4752071,0.0000270
45663,1983-11-25,I,0.4732469,0.0000425
45664,1983-11-26,I,0.4711618,0.0000439
45665,1983-11-27,I,0.4688893,0.0001751
45666,1983-11-28,I,0.4664169,0.0002407
45667,1983-11-29,I,0.4637860,0.0001827
45668,1983-11-30,I,0.4610830,0.0001827
45669,1983-12-01,I,0.4584156,0.0001809
45670,1983-12-02,I,0.4558864,0.0003115
45671,1983-12-03,I,0.4535700,0.0002663
45672,1983-12-04,I,0.4514976,0.0002663
45673,1983-12-05,I,0.4496539,0.0002657
45674,1983-12-06,I,0.4479860,0.0002657
45675,1983-12-07,I,0.4464213,0.0002172
45676,1983-12-08,I,0.4448837,0.0000522
45677,1983-12-09,I,0.4433035,0.0001438
45678,1983-12-10,I,0.4416268,0.0001438
45679,1983-12-11,I,0.4398205,0.0001353
45680,1983-12-12,I,0.4378741,0.0001353
45681,1983-12-13,I,0.4357983,0.0001589
45682,1983-12-14,I,0.4336221,0.0001592
45683,1983-12-15,I,0.4313877,0.0000885
45684,1983-12-16,I,0.4291483,0.0000929
45685,1983-12-17,I,0.4269650,0.0001000
45686,1983-12-18,I,0.4248974,0.0001000
45687,1983-12-19,I,0.4229814,0.0000882
45688,1983-12-20,I,0.4212099,0.0000875
45689,1983-12-21,I,0.4195234,0.0000874
45690,1983-12-22,I,0.4178229,0.0000796
45691,1983-12-23,I,0.4160021,0.0000843
45692,1983-12-24,I,0.4139816,0.0000843
45693,1983-12-25,I,0.4117373,0.0001028
45694,1983-12-26,I,0.4093081,0.0001076
45695,1983-12-27,I,0.4067800,0.0001077
45696,1983-12-28,I,0.4042590,0.0001278
45697,1983-12-29,I,0.4018441,0.0001278
45698,1983-12-30,I,0.3996064,0.0001278
45699,1983-12-31,I,0.3975795,0.0001028
45700,1984-01-01,I,0.3957582,0.0000875
45701,1984-01-02,I,0.3941071,0.0000873
45702,1984-01-03,I,0.3925702,0.0000633
45703,1984-01-04,I,0.3910842,0.0000568
45704,1984-01-05,I,0.3895893,0.0000568
45705,1984-01-06,I,0.3880369,0.0000568
45706,1984-01-07,I,0.3863944,0.0000506
45707,1984-01-08,I,0.3846493,0.0000450
45708,1984-01-09,I,0.3828108,0.0000406
45709,1984-01-10,I,0.3809067,0.0000657
45710,1984-01-11,I,0.3789766,0.0000663
45711,1984-01-12,I,0.3770702,0.0000663
45712,1984-01-13,I,0.3752434,0.0000636
45713,1984-01-14,I,0.3735466,0.0001467
45714,1984-01-15,I,0.3720162,0.0001467
45715,1984-01-16,I,0.3706567,0.0001198
45716,1984-01-17,I,0.3694237,0.0001177
45717,1984-01-18,I,0.3682231,0.0001088
45718,1984-01-19,I,0.3669347,0.0001088
45719,1984-01-20,I,0.3654554,0.0001119
45720,1984-01-21,I,0.3637371,0.0002443
45721,1984-01-22,I,0.3618062,0.0001355
45722,1984-01-23,I,0.3597547,0.0000880
45723,1984-01-24,I,0.3577070,0.0000879
45724,1984-01-25,I,0.3557785,0.0000879
45725,1984-01-26,I,0.3540485,0.0000873
45726,1984-01-27,I,0.3525517,0.0000316
45727,1984-01-28,I,0.3512783,0.0000382
45728,1984-01-29,I,0.3501851,0.0000497
45729,1984-01-30,I,0.3492107,0.0000517
45730,1984-01-31,I,0.3482856,0.0000499
45731,1984-02-01,I,0.3473375,0.0000464
45732,1984-02-02,I,0.3463029,0.0000642
45733,1984-02-03,I,0.3451347,0.0000876
45734,1984-02-04,I,0.3438073,0.0000876
45735,1984-02-05,I,0.3423177,0.0000876
45736,1984-02-06,I,0.3406896,0.0000980
45737,1984-02-07,I,0.3389685,0.0000943
45738,1984-02-08,I,0.3372082,0.0000975
45739,1984-02-09,I,0.3354641,0.0000933
45740,1984-02-10,I,0.3337909,0.0000962
45741,1984-02-11,I,0.3322269,0.0000937
45742,1984-02-12,I,0.3307868,0.0000798
45743,1984-02-13,I,0.3294511,0.0000968
45744,1984-02-14,I,0.3281535,0.0001100
45745,1984-02-15,I,0.3267865,0.0001206
45746,1984-02-16,I,0.3252288,0.0000823
45747,1984-02-17,I,0.3233925,0.0000708
45748,1984-02-18,I,0.3212624,0.0001076
45749,1984-02-19,I,0.3189109,0.0001076
45750,1984-02-20,I,0.3164745,0.0001076
45751,1984-02-21,I,0.3141078,0.0000752
45752,1984-02-22,I,0.3119404,0.0000744
45753,1984-02-23,I,0.3100456,0.0001045
45754,1984-02-24,I,0.3084352,0.0000924
45755,1984-02-25,I,0.3070736,0.0000924
45756,1984-02-26,I,0.3058842,0.0001036
45757,1984-02-27,I,0.3047733,0.0001065
45758,1984-02-28,I,0.3036466,0.0001558
45759,1984-02-29,I,0.3024211,0.0001251
45760,1984-03-01,I,0.3010335,0.0001228
45761,1984-03-02,I,0.2994587,0.0000983
45762,1984-03-03,I,0.2977010,0.0000816
45763,1984-03-04,I,0.2957867,0.0000953
45764,1984-03-05,I,0.2937584,0.0000953
45765,1984-03-06,I,0.2916714,0.0000956
45766,1984-03-07,I,0.2895828,0.0000879
45767,1984-03-08,I,0.2875494,0.0000828
45768,1984-03-09,I,0.2856198,0.0001267
45769,1984-03-10,I,0.2838229,0.0000600
45770,1984-03-11,I,0.2821564,0.0000600
45771,1984-03-12,I,0.2805711,0.0000483
45772,1984-03-13,I,0.2789747,0.0000351
45773,1984-03-14,I,0.2772484,0.0000283
45774,1984-03-15,I,0.2752812,0.0000183
45775,1984-03-16,I,0.2730125,0.0000475
45776,1984-03-17,I,0.2704625,0.0000444
45777,1984-03-18,I,0.2677332,0.0000433
45778,1984-03-19,I,0.2649764,0.0000694
45779,1984-03-20,I,0.2623416,0.0000820
45780,1984-03-21,I,0.2599304,0.0000898
45781,1984-03-22,I,0.2577817,0.0000649
45782,1984-03-23,I,0.2558761,0.0000617
45783,1984-03-24,I,0.2541553,0.0000747
45784,1984-03-25,I,0.2525470,0.0000968
45785,1984-03-26,I,0.2509782,0.0000888
45786,1984-03-27,I,0.2493771,0.0000803
45787,1984-03-28,I,0.2476848,0.0000799
45788,1984-03-29,I,0.2458675,0.0001811
45789,1984-03-30,I,0.2439182,0.0001863
45790,1984-03-31,I,0.2418529,0.0000596
45791,1984-04-01,I,0.2397096,0.0000461
45792,1984-04-02,I,0.2375427,0.0000377
45793,1984-04-03,I,0.2354138,0.0000682
45794,1984-04-04,I,0.2333819,0.0000667
45795,1984-04-05,I,0.2314908,0.0000776
45796,1984-04-06,I,0.2297600,0.0000893
45797,1984-04-07,I,0.2281758,0.0000817
45798,1984-04-08,I,0.2266885,0.0001049
45799,1984-04-09,I,0.2252140,0.0001207
45800,1984-04-10,I,0.2236441,0.0001221
45801,1984-04-11,I,0.2218677,0.0001148
45802,1984-04-12,I,0.2198005,0.0000933
45803,1984-04-13,I,0.2174211,0.0001216
45804,1984-04-14,I,0.2147900,0.0001224
45805,1984-04-15,I,0.2120386,0.0001050
45806,1984-04-16,I,0.2093306,0.0000816
45807,1984-04-17,I,0.2068083,0.0000493
45808,1984-04-18,I,0.2045502,0.0000808
45809,1984-04-19,I,0.2025581,0.0000705
45810,1984-04-20,I,0.2007738,0.0000704
45811,1984-04-21,I,0.1991176,0.0000662
45812,1984-04-22,I,0.1975056,0.0000638
45813,1984-04-23,I,0.1958665,0.0000875
45814,1984-04-24,I,0.1941500,0.0000489
45815,1984-04-25,I,0.1923267,0.0000482
45816,1984-04-26,I,0.1903852,0.0000432
45817,1984-04-27,I,0.1883326,0.0000378
45818,1984-04-28,I,0.1861949,0.0000435
45819,1984-04-29,I,0.1840142,0.0000393
45820,1984-04-30,I,0.1818451,0.0000571
45821,1984-05-01,I,0.1797522,0.0000617
45822,1984-05-02,I,0.1777936,0.0000681
45823,1984-05-03,I,0.1760074,0.0001050
45824,1984-05-04,I,0.1744012,0.0001036
45825,1984-05-05,I,0.1729440,0.0001031
45826,1984-05-06,I,0.1715659,0.0000711
45827,1984-05-07,I,0.1701682,0.0000589
45828,1984-05-08,I,0.1686447,0.0000519
45829,1984-05-09,I,0.1669073,0.0000706
45830,1984-05-10,I,0.1649122,0.0001065
45831,1984-05-11,I,0.1626841,0.0000973
45832,1984-05-12,I,0.1603162,0.0000883
45833,1984-05-13,I,0.1579464,0.0001100
45834,1984-05-14,I,0.1557197,0.0001171
45835,1984-05-15,I,0.1537447,0.0001002
45836,1984-05-16,I,0.1520625,0.0000503
45837,1984-05-17,I,0.1506448,0.0000488
45838,1984-05-18,I,0.1494152,0.0000575
45839,1984-05-19,I,0.1482799,0.0000569
45840,1984-05-20,I,0.1471519,0.0000572
45841,1984-05-21,I,0.1459637,0.0000487
45842,1984-05-22,I,0.1446738,0.0000449
45843,1984-05-23,I,0.1432668,0.0000499
45844,1984-05-24,I,0.1417508,0.0000413
45845,1984-05-25,I,0.1401545,0.0000463
45846,1984-05-26,I,0.1385176,0.0000522
45847,1984-05-27,I,0.1368879,0.0000488
45848,1984-05-28,I,0.1353168,0.0000631
45849,1984-05-29,I,0.1338526,0.0000622
45850,1984-05-30,I,0.1325325,0.0000644
45851,1984-05-31,I,0.1313760,0.0000546
45852,1984-06-01,I,0.1303658,0.0000450
45853,1984-06-02,I,0.1294432,0.0000594
45854,1984-06-03,I,0.1285205,0.0000562
45855,1984-06-04,I,0.1275022,0.0000633
45856,1984-06-05,I,0.1263082,0.0000540
45857,1984-06-06,I,0.1248990,0.0000512
45858,1984-06-07,I,0.1232903,0.0000808
45859,1984-06-08,I,0.1215544,0.0001060
45860,1984-06-09,I,0.1198048,0.0001056
45861,1984-06-10,I,0.1181633,0.0000846
45862,1984-06-11,I,0.1167280,0.0000755
45863,1984-06-12,I,0.1155489,0.0000949
45864,1984-06-13,I,0.1146165,0.0000884
45865,1984-06-14,I,0.1138714,0.0000558
45866,1984-06-15,I,0.1132296,0.0000471
45867,1984-06-16,I,0.1126038,0.0000401
45868,1984-06-17,I,0.1119198,0.0000473
45869,1984-06-18,I,0.1111256,0.0000384
45870,1984-06-19,I,0.1101944,0.0000275
45871,1984-06-20,I,0.1091254,0.0000299
45872,1984-06-21,I,0.1079382,0.0000464
45873,1984-06-22,I,0.1066690,0.0000752
45874,1984-06-23,I,0.1053636,0.0000740
45875,1984-06-24,I,0.1040729,0.0000754
45876,1984-06-25,I,0.1028558,0.0000658
45877,1984-06-26,I,0.1017684,0.0000633
45878,1984-06-27,I,0.1008493,0.0000760
45879,1984-06-28,I,0.1001049,0.0000671
45880,1984-06-29,I,0.0994975,0.0000685
45881,1984-06-30,I,0.0989482,0.0000657
45882,1984-07-01,I,0.0983560,0.0000604
45883,1984-07-02,I,0.0976307,0.0000710
45884,1984-07-03,I,0.0967263,0.0000501
45885,1984-07-04,I,0.0956576,0.0000618
45886,1984-07-05,I,0.0944846,0.0000557
45887,1984-07-06,I,0.0933000,0.0000621
45888,1984-07-07,I,0.0922050,0.0000709
45889,1984-07-08,I,0.0912813,0.0000737
45890,1984-07-09,I,0.0905740,0.0000737
45891,1984-07-10,I,0.0900881,0.0000646
45892,1984-07-11,I,0.0897854,0.0000577
45893,1984-07-12,I,0.0895977,0.0000594
45894,1984-07-13,I,0.0894462,0.0000594
45895,1984-07-14,I,0.0892569,0.0000674
45896,1984-07-15,I,0.0889679,0.0000593
45897,1984-07-16,I,0.0885400,0.0000507
45898,1984-07-17,I,0.0879610,0.0000580
45899,1984-07-18,I,0.0872415,0.0000526
45900,1984-07-19,I,0.0864095,0.0000725
45901,1984-07-20,I,0.0855113,0.0000711
45902,1984-07-21,I,0.0846016,0.0000711
45903,1984-07-22,I,0.0837331,0.0000990
45904,1984-07-23,I,0.0829500,0.0001016
45905,1984-07-24,I,0.0822783,0.0001016
45906,1984-07-25,I,0.0817233,0.0001061
45907,1984-07-26,I,0.0812556,0.0000332
45908,1984-07-27,I,0.0808025,0.0000363
45909,1984-07-28,I,0.0802564,0.0000379
45910,1984-07-29,I,0.0795038,0.0000453
45911,1984-07-30,I,0.0784655,0.0000398
45912,1984-07-31,I,0.0771344,0.0000349
45913,1984-08-01,I,0.0755878,0.0000357
45914,1984-08-02,I,0.0739594,0.0000405
45915,1984-08-03,I,0.0723995,0.0000383
45916,1984-08-04,I,0.0710330,0.0000365
45917,1984-08-05,I,0.0699322,0.0000341
45918,1984-08-06,I,0.0691069,0.0000392
45919,1984-08-07,I,0.0685041,0.0000388
45920,1984-08-08,I,0.0680327,0.0000378
45921,1984-08-09,I,0.0675941,0.0000498
45922,1984-08-10,I,0.0670961,0.0000607
45923,1984-08-11,I,0.0664639,0.0000819
45924,1984-08-12,I,0.0656464,0.0000819
45925,1984-08-13,I,0.0646221,0.0001043
45926,1984-08-14,I,0.0634058,0.0000764
45927,1984-08-15,I,0.0620372,0.0000596
45928,1984-08-16,I,0.0605719,0.0000622
45929,1984-08-17,I,0.0590760,0.0000622
45930,1984-08-18,I,0.0576148,0.0000622
45931,1984-08-19,I,0.0562448,0.0000641
45932,1984-08-20,I,0.0550085,0.0000674
45933,1984-08-21,I,0.0539296,0.0000986
45934,1984-08-22,I,0.0530050,0.0000729
45935,1984-08-23,I,0.0521899,0.0000746
45936,1984-08-24,I,0.0513765,0.0000658
45937,1984-08-25,I,0.0504239,0.0000585
45938,1984-08-26,I,0.0492045,0.0000289
45939,1984-08-27,I,0.0476506,0.0000289
45940,1984-08-28,I,0.0457809,0.0000122
45941,1984-08-29,I,0.0437022,0.0000091
45942,1984-08-30,I,0.0415708,0.0000119
45943,1984-08-31,I,0.0395373,0.0000089
45944,1984-09-01,I,0.0377058,0.0000089
45945,1984-09-02,I,0.0361291,0.0000090
45946,1984-09-03,I,0.0348056,0.0000118
45947,1984-09-04,I,0.0336891,0.0000165
45948,1984-09-05,I,0.0326946,0.0000153
45949,1984-09-06,I,0.0317380,0.0000153
45950,1984-09-07,I,0.0307500,0.0000481
45951,1984-09-08,I,0.0296741,0.0000459
45952,1984-09-09,I,0.0284734,0.0000374
45953,1984-09-10,I,0.0271351,0.0000336
45954,1984-09-11,I,0.0256687,0.0000458
45955,1984-09-12,I,0.0241046,0.0000458
45956,1984-09-13,I,0.0224955,0.0000463
45957,1984-09-14,I,0.0208997,0.0000463
45958,1984-09-15,I,0.0193671,0.0000800
45959,1984-09-16,I,0.0179335,0.0000800
45960,1984-09-17,I,0.0166165,0.0000540
45961,1984-09-18,I,0.0154137,0.0001445
45962,1984-09-19,I,0.0142939,0.0001206
45963,1984-09-20,I,0.0131906,0.0001288
45964,1984-09-21,I,0.0120066,0.0001340
45965,1984-09-22,I,0.0106287,0.0001340
45966,1984-09-23,I,0.0089587,0.0001038
45967,1984-09-24,I,0.0069624,0.0000537
45968,1984-09-25,I,0.0046949,0.0000487
45969,1984-09-26,I,0.0022872,0.0000519
45970,1984-09-27,I,-0.0000970,0.0000519
45971,1984-09-28,I,-0.0023051,0.0000468
45972,1984-09-29,I,-0.0042499,0.0000441
45973,1984-09-30,I,-0.0059279,0.0000382
45974,1984-10-01,I,-0.0073988,0.0000382
45975,1984-10-02,I,-0.0087535,0.0000336
45976,1984-10-03,I,-0.0100868,0.0000286
45977,1984-10-04,I,-0.0114774,0.0000249
45978,1984-10-05,I,-0.0129767,0.0000326
45979,1984-10-06,I,-0.0146090,0.0000412
45980,1984-10-07,I,-0.0163734,0.0000412
45981,1984-10-08,I,-0.0182483,0.0000446
45982,1984-10-09,I,-0.0201941,0.0000447
45983,1984-10-10,I,-0.0221614,0.0000650
45984,1984-10-11,I,-0.0240968,0.0000655
45985,1984-10-12,I,-0.0259501,0.0000904
45986,1984-10-13,I,-0.0276754,0.0000900
45987,1984-10-14,I,-0.0292454,0.0000868
45988,1984-10-15,I,-0.0306600,0.0001380
45989,1984-10-16,I,-0.0319526,0.0001565
45990,1984-10-17,I,-0.0331875,0.0001552
45991,1984-10-18,I,-0.0344605,0.0001296
45992,1984-10-19,I,-0.0358872,0.0001050
45993,1984-10-20,I,-0.0375788,0.0001292
45994,1984-10-21,I,-0.0396037,0.0000869
45995,1984-10-22,I,-0.0419531,0.0000446
45996,1984-10-23,I,-0.0445216,0.0000420
45997,1984-10-24,I,-0.0471394,0.0000358
45998,1984-10-25,I,-0.0496295,0.0000321
45999,1984-10-26,I,-0.0518618,0.0000321
46000,1984-10-27,I,-0.0537872,0.0000442
46001,1984-10-28,I,-0.0554395,0.0000410
46002,1984-10-29,I,-0.0569086,0.0000322
46003,1984-10-30,I,-0.0583007,0.0000417
46004,1984-10-31,I,-0.0597100,0.0000417
46005,1984-11-01,I,-0.0612023,0.0000533
46006,1984-11-02,I,-0.0628134,0.0000475
46007,1984-11-03,I,-0.0645525,0.0000443
46008,1984-11-04,I,-0.0664059,0.0000610
46009,1984-11-05,I,-0.0683428,0.0000610
46010,1984-11-06,I,-0.0703182,0.0000610
46011,1984-11-07,I,-0.0722694,0.0000487
46012,1984-11-08,I,-0.0741305,0.0000509
46013,1984-11-09,I,-0.0758451,0.0000514
46014,1984-11-10,I,-0.0773755,0.0000532
46015,1984-11-11,I,-0.0787138,0.0000683
46016,1984-11-12,I,-0.0798973,0.0000610
46017,1984-11-13,I,-0.0809999,0.0000653
46018,1984-11-14,I,-0.0821181,0.0000722
46019,1984-11-15,I,-0.0833560,0.0000722
46020,1984-11-16,I,-0.0848107,0.0000722
46021,1984-11-17,I,-0.0865525,0.0000718
46022,1984-11-18,I,-0.0885955,0.0000595
46023,1984-11-19,I,-0.0908858,0.0000709
46024,1984-11-20,I,-0.0933085,0.0000709
46025,1984-11-21,I,-0.0957120,0.0000709
46026,1984-11-22,I,-0.0979486,0.0000636
46027,1984-11-23,I,-0.0999235,0.0000536
46028,1984-11-24,I,-0.1016168,0.0000699
46029,1984-11-25,I,-0.1030785,0.0000590
46030,1984-11-26,I,-0.1043996,0.0000613
46031,1984-11-27,I,-0.1056874,0.0000608
46032,1984-11-28,I,-0.1070300,0.0000500
46033,1984-11-29,I,-0.1084801,0.0000411
46034,1984-11-30,I,-0.1100592,0.0000431
46035,1984-12-01,I,-0.1117622,0.0000431
46036,1984-12-02,I,-0.1135605,0.0000351
46037,1984-12-03,I,-0.1154113,0.0000349
46038,1984-12-04,I,-0.1172637,0.0000509
46039,1984-12-05,I,-0.1190658,0.0000509
46040,1984-12-06,I,-0.1207718,0.0000491
46041,1984-12-07,I,-0.1223422,0.0000436
46042,1984-12-08,I,-0.1237556,0.0000545
46043,1984-12-09,I,-0.1250232,0.0000623
46044,1984-12-10,I,-0.1261900,0.0000615
46045,1984-12-11,I,-0.1273298,0.0000662
46046,1984-12-12,I,-0.1285315,0.0000610
46047,1984-12-13,I,-0.1298801,0.0000559
46048,1984-12-14,I,-0.1314314,0.0000502
46049,1984-12-15,I,-0.1331958,0.0000614
46050,1984-12-16,I,-0.1351298,0.0000577
46051,1984-12-17,I,-0.1371409,0.0000461
46052,1984-12-18,I,-0.1391081,0.0000419
46053,1984-12-19,I,-0.1409111,0.0000536
46054,1984-12-20,I,-0.1424658,0.0000501
46055,1984-12-21,I,-0.1437496,0.0000299
46056,1984-12-22,I,-0.1448064,0.0000511
46057,1984-12-23,I,-0.1457265,0.0000511
46058,1984-12-24,I,-0.1466187,0.0000566
46059,1984-12-25,I,-0.1475905,0.0000629
46060,1984-12-26,I,-0.1487180,0.0000629
46061,1984-12-27,I,-0.1500341,0.0001505
46062,1984-12-28,I,-0.1515390,0.0001235
46063,1984-12-29,I,-0.1532078,0.0001235
46064,1984-12-30,I,-0.1549960,0.0001235
46065,1984-12-31,I,-0.1568485,0.0000972
46066,1985-01-01,I,-0.1587024,0.0000681
46067,1985-01-02,I,-0.1604985,0.0000457
46068,1985-01-03,I,-0.1621898,0.0000189
46069,1985-01-04,I,-0.1637475,0.0000189
46070,1985-01-05,I,-0.1651692,0.0000189
46071,1985-01-06,I,-0.1664894,0.0000238
46072,1985-01-07,I,-0.1677786,0.0000191
46073,1985-01-08,I,-0.1691310,0.0000184
46074,1985-01-09,I,-0.1706416,0.0000231
46075,1985-01-10,I,-0.1723776,0.0000231
46076,1985-01-11,I,-0.1743582,0.0000386
46077,1985-01-12,I,-0.1765408,0.0000399
46078,1985-01-13,I,-0.1788282,0.0000702
46079,1985-01-14,I,-0.1810959,0.0000702
46080,1985-01-15,I,-0.1832243,0.0000723
46081,1985-01-16,I,-0.1851221,0.0000634
46082,1985-01-17,I,-0.1867494,0.0000415
46083,1985-01-18,I,-0.1881254,0.0000287
46084,1985-01-19,I,-0.1893172,0.0000307
46085,1985-01-20,I,-0.1904198,0.0000307
46086,1985-01-21,I,-0.1915325,0.0000300
46087,1985-01-22,I,-0.1927319,0.0000180
46088,1985-01-23,I,-0.1940590,0.0000153
46089,1985-01-24,I,-0.1955181,0.0000699
46090,1985-01-25,I,-0.1970843,0.0000741
46091,1985-01-26,I,-0.1987141,0.0000676
46092,1985-01-27,I,-0.2003543,0.0000561
46093,1985-01-28,I,-0.2019500,0.0000776
46094,1985-01-29,I,-0.2034525,0.0000776
46095,1985-01-30,I,-0.2048253,0.0000631
46096,1985-01-31,I,-0.2060393,0.0000652
46097,1985-02-01,I,-0.2070864,0.0000537
46098,1985-02-02,I,-0.2079876,0.0000677
46099,1985-02-03,I,-0.2087992,0.0000541
46100,1985-02-04,I,-0.2096142,0.0000541
46101,1985-02-05,I,-0.2105515,0.0000395
46102,1985-02-06,I,-0.2117173,0.0000331
46103,1985-02-07,I,-0.2131689,0.0000278
46104,1985-02-08,I,-0.2148902,0.0000390
46105,1985-02-09,I,-0.2167934,0.0000511
46106,1985-02-10,I,-0.2187426,0.0000455
46107,1985-02-11,I,-0.2206003,0.0000373
46108,1985-02-12,I,-0.2222693,0.0000500
46109,1985-02-13,I,-0.2237131,0.0000500
46110,1985-02-14,I,-0.2249583,0.0000417
46111,1985-02-15,I,-0.2260776,0.0000244
46112,1985-02-16,I,-0.2271657,0.0000248
46113,1985-02-17,I,-0.2283172,0.0000319
46114,1985-02-18,I,-0.2296066,0.0000319
46115,1985-02-19,I,-0.2310769,0.0000319
46116,1985-02-20,I,-0.2327332,0.0000318
46117,1985-02-21,I,-0.2345458,0.0000275
46118,1985-02-22,I,-0.2364631,0.0000267
46119,1985-02-23,I,-0.2384191,0.0000221
46120,1985-02-24,I,-0.2403446,0.0000221
46121,1985-02-25,I,-0.2421794,0.0000235
46122,1985-02-26,I,-0.2438770,0.0000196
46123,1985-02-27,I,-0.2454103,0.0000173
46124,1985-02-28,I,-0.2467737,0.0000177
46125,1985-03-01,I,-0.2479877,0.0000177
46126,1985-03-02,I,-0.2491099,0.0000291
46127,1985-03-03,I,-0.2502332,0.0000274
46128,1985-03-04,I,-0.2514761,0.0000341
46129,1985-03-05,I,-0.2529621,0.0000341
46130,1985-03-06,I,-0.2547844,0.0000339
46131,1985-03-07,I,-0.2569729,0.0000339
46132,1985-03-08,I,-0.2594551,0.0000478
46133,1985-03-09,I,-0.2620822,0.0000509
46134,1985-03-10,I,-0.2646794,0.0002710
46135,1985-03-11,I,-0.2671017,0.0001939
46136,1985-03-12,I,-0.2692698,0.0000962
46137,1985-03-13,I,-0.2711812,0.0000602
46138,1985-03-14,I,-0.2728985,0.0000372
46139,1985-03-15,I,-0.2745181,0.0000372
46140,1985-03-16,I,-0.2761381,0.0000147
46141,1985-03-17,I,-0.2778392,0.0000159
46142,1985-03-18,I,-0.2796716,0.0000141
46143,1985-03-19,I,-0.2816519,0.0000336
46144,1985-03-20,I,-0.2837655,0.0000336
46145,1985-03-21,I,-0.2859721,0.0000336
46146,1985-03-22,I,-0.2882180,0.0000645
46147,1985-03-23,I,-0.2904451,0.0000640
46148,1985-03-24,I,-0.2925996,0.0001032
46149,1985-03-25,I,-0.2946393,0.0000948
46150,1985-03-26,I,-0.2965388,0.0001039
46151,1985-03-27,I,-0.2982838,0.0000813
46152,1985-03-28,I,-0.2998803,0.0000538
46153,1985-03-29,I,-0.3013587,0.0000585
46154,1985-03-30,I,-0.3027741,0.0000843
46155,1985-03-31,I,-0.3042083,0.0000871
46156,1985-04-01,I,-0.3057699,0.0000679
46157,1985-04-02,I,-0.3075603,0.0000574
46158,1985-04-03,I,-0.3096395,0.0000629
46159,1985-04-04,I,-0.3119925,0.0000639
46160,1985-04-05,I,-0.3145206,0.0000378
46161,1985-04-06,I,-0.3170582,0.0000326
46162,1985-04-07,I,-0.3194308,0.0000249
46163,1985-04-08,I,-0.3215179,0.0000268
46164,1985-04-09,I,-0.3232883,0.0000291
46165,1985-04-10,I,-0.3247995,0.0000268
46166,1985-04-11,I,-0.3261666,0.0000235
46167,1985-04-12,I,-0.3275176,0.0000237
46168,1985-04-13,I,-0.3289597,0.0000261
46169,1985-04-14,I,-0.3305615,0.0000258
46170,1985-04-15,I,-0.3323518,0.0000288
46171,1985-04-16,I,-0.3343216,0.0000263
46172,1985-04-17,I,-0.3364336,0.0000268
46173,1985-04-18,I,-0.3386320,0.0000324
46174,1985-04-19,I,-0.3408504,0.0000329
46175,1985-04-20,I,-0.3430228,0.0000346
46176,1985-04-21,I,-0.3450892,0.0000301
46177,1985-04-22,I,-0.3470025,0.0000284
46178,1985-04-23,I,-0.3487397,0.0000302
46179,1985-04-24,I,-0.3503052,0.0000457
46180,1985-04-25,I,-0.3517320,0.0000579
46181,1985-04-26,I,-0.3530818,0.0000542
46182,1985-04-27,I,-0.3544347,0.0000542
46183,1985-04-28,I,-0.3558846,0.0001053
46184,1985-04-29,I,-0.3575265,0.0001074
46185,1985-04-30,I,-0.3594340,0.0000898
46186,1985-05-01,I,-0.3616360,0.0000609
46187,1985-05-02,I,-0.3640839,0.0000575
46188,1985-05-03,I,-0.3666535,0.0000684
46189,1985-05-04,I,-0.3691808,0.0000594
46190,1985-05-05,I,-0.3715135,0.0000621
46191,1985-05-06,I,-0.3735509,0.0000546
46192,1985-05-07,I,-0.3752815,0.0000448
46193,1985-05-08,I,-0.3767753,0.0000419
46194,1985-05-09,I,-0.3781449,0.0000399
46195,1985-05-10,I,-0.3795045,0.0000400
46196,1985-05-11,I,-0.3809268,0.0000372
46197,1985-05-12,I,-0.3824566,0.0000342
46198,1985-05-13,I,-0.3841048,0.0000309
46199,1985-05-14,I,-0.3858549,0.0000268
46200,1985-05-15,I,-0.3876707,0.0000270
46201,1985-05-16,I,-0.3894939,0.0000271
46202,1985-05-17,I,-0.3912588,0.0000270
46203,1985-05-18,I,-0.3929113,0.0000268
46204,1985-05-19,I,-0.3944104,0.0000284
46205,1985-05-20,I,-0.3957362,0.0000377
46206,1985-05-21,I,-0.3968926,0.0000461
46207,1985-05-22,I,-0.3979085,0.0000385
46208,1985-05-23,I,-0.3988384,0.0000460
46209,1985-05-24,I,-0.3997580,0.0000584
46210,1985-05-25,I,-0.4007565,0.0000660
46211,1985-05-26,I,-0.4019311,0.0000625
46212,1985-05-27,I,-0.4033630,0.0000542
46213,1985-05-28,I,-0.4050957,0.0000684
46214,1985-05-29,I,-0.4071132,0.0000693
46215,1985-05-30,I,-0.4093302,0.0000598
46216,1985-05-31,I,-0.4115962,0.0000588
46217,1985-06-01,I,-0.4137410,0.0000453
46218,1985-06-02,I,-0.4156320,0.0000568
46219,1985-06-03,I,-0.4172123,0.0000586
46220,1985-06-04,I,-0.4185133,0.0000578
46221,1985-06-05,I,-0.4196413,0.0000570
46222,1985-06-06,I,-0.4207246,0.0000434
46223,1985-06-07,I,-0.4218666,0.0000487
46224,1985-06-08,I,-0.4231233,0.0000500
46225,1985-06-09,I,-0.4245033,0.0000473
46226,1985-06-10,I,-0.4259840,0.0000406
46227,1985-06-11,I,-0.4275212,0.0000230
46228,1985-06-12,I,-0.4290608,0.0000374
46229,1985-06-13,I,-0.4305462,0.0000367
46230,1985-06-14,I,-0.4319251,0.0000344
46231,1985-06-15,I,-0.4331574,0.0000421
46232,1985-06-16,I,-0.4342243,0.0000612
46233,1985-06-17,I,-0.4351318,0.0000321
46234,1985-06-18,I,-0.4359130,0.0000305
46235,1985-06-19,I,-0.4366264,0.0000325
46236,1985-06-20,I,-0.4373143,0.0000340
46237,1985-06-21,I,-0.4380268,0.0000362
46238,1985-06-22,I,-0.4388666,0.0000290
46239,1985-06-23,I,-0.4399306,0.0000392
46240,1985-06-24,I,-0.4412745,0.0001093
46241,1985-06-25,I,-0.4428733,0.0000918
46242,1985-06-26,I,-0.4446372,0.0000815
46243,1985-06-27,I,-0.4464363,0.0000913
46244,1985-06-28,I,-0.4481239,0.0000899
46245,1985-06-29,I,-0.4495697,0.0000692
46246,1985-06-30,I,-0.4506950,0.0000646
46247,1985-07-01,I,0.5485038,0.0000650
46248,1985-07-02,I,0.5479567,0.0000806
46249,1985-07-03,I,0.5475517,0.0000743
46250,1985-07-04,I,0.5471715,0.0000801
46251,1985-07-05,I,0.5467238,0.0000655
46252,1985-07-06,I,0.5461623,0.0000607
46253,1985-07-07,I,0.5454889,0.0000616
46254,1985-07-08,I,0.5447398,0.0000708
46255,1985-07-09,I,0.5439675,0.0000697
46256,1985-07-10,I,0.5432201,0.0000499
46257,1985-07-11,I,0.5425412,0.0000512
46258,1985-07-12,I,0.5419664,0.0000571
46259,1985-07-13,I,0.5415204,0.0000571
46260,1985-07-14,I,0.5412047,0.0000466
46261,1985-07-15,I,0.5410011,0.0000457
46262,1985-07-16,I,0.5408741,0.0000384
46263,1985-07-17,I,0.5407652,0.0000381
46264,1985-07-18,I,0.5405949,0.0000375
46265,1985-07-19,I,0.5402746,0.0000455
46266,1985-07-20,I,0.5397209,0.0000430
46267,1985-07-21,I,0.5388898,0.0000394
46268,1985-07-22,I,0.5378020,0.0000437
46269,1985-07-23,I,0.5365473,0.0000456
46270,1985-07-24,I,0.5352523,0.0000453
46271,1985-07-25,I,0.5340505,0.0000542
46272,1985-07-26,I,0.5330528,0.0000726
46273,1985-07-27,I,0.5323222,0.0000918
46274,1985-07-28,I,0.5318552,0.0000920
46275,1985-07-29,I,0.5315821,0.0000892
46276,1985-07-30,I,0.5313851,0.0000794
46277,1985-07-31,I,0.5311439,0.0000668
46278,1985-08-01,I,0.5307648,0.0000400
46279,1985-08-02,I,0.5301969,0.0000316
46280,1985-08-03,I,0.5294384,0.0000339
46281,1985-08-04,I,0.5285317,0.0000405
46282,1985-08-05,I,0.5275450,0.0000414
46283,1985-08-06,I,0.5265533,0.0000501
46284,1985-08-07,I,0.5256277,0.0000657
46285,1985-08-08,I,0.5248259,0.0000648
46286,1985-08-09,I,0.5241828,0.0000615
46287,1985-08-10,I,0.5237117,0.0000600
46288,1985-08-11,I,0.5234032,0.0000636
46289,1985-08-12,I,0.5232225,0.0000645
46290,1985-08-13,I,0.5230958,0.0000562
46291,1985-08-14,I,0.5229319,0.0000390
46292,1985-08-15,I,0.5226284,0.0000378
46293,1985-08-16,I,0.5220862,0.0000303
46294,1985-08-17,I,0.5212385,0.0000342
46295,1985-08-18,I,0.5200779,0.0000340
46296,1985-08-19,I,0.5186741,0.0000295
46297,1985-08-20,I,0.5171573,0.0000321
46298,1985-08-21,I,0.5156806,0.0000375
46299,1985-08-22,I,0.5143765,0.0000473
46300,1985-08-23,I,0.5133225,0.0000467
46301,1985-08-24,I,0.5125351,0.0000456
46302,1985-08-25,I,0.5119700,0.0000574
46303,1985-08-26,I,0.5115321,0.0000719
46304,1985-08-27,I,0.5110924,0.0000701
46305,1985-08-28,I,0.5105346,0.0000690
46306,1985-08-29,I,0.5097895,0.0000683
46307,1985-08-30,I,0.5088366,0.0000724
46308,1985-08-31,I,0.5076929,0.0000783
46309,1985-09-01,I,0.5064060,0.0000749
46310,1985-09-02,I,0.5050416,0.0000700
46311,1985-09-03,I,0.5036798,0.0000746
46312,1985-09-04,I,0.5023956,0.0000655
46313,1985-09-05,I,0.5012414,0.0000776
46314,1985-09-06,I,0.5002459,0.0000775
46315,1985-09-07,I,0.4994173,0.0000714
46316,1985-09-08,I,0.4987303,0.0000686
46317,1985-09-09,I,0.4981323,0.0000607
46318,1985-09-10,I,0.4975475,0.0000657
46319,1985-09-11,I,0.4968790,0.0000432
46320,1985-09-12,I,0.4960204,0.0000532
46321,1985-09-13,I,0.4948742,0.0000527
46322,1985-09-14,I,0.4933905,0.0000454
46323,1985-09-15,I,0.4915952,0.0000546
46324,1985-09-16,I,0.4895964,0.0000584
46325,1985-09-17,I,0.4875584,0.0000566
46326,1985-09-18,I,0.4856490,0.0000496
46327,1985-09-19,I,0.4839873,0.0000443
46328,1985-09-20,I,0.4826109,0.0000484
46329,1985-09-21,I,0.4814778,0.0000495
46330,1985-09-22,I,0.4804895,0.0000475
46331,1985-09-23,I,0.4795176,0.0000453
46332,1985-09-24,I,0.4784473,0.0000400
46333,1985-09-25,I,0.4772010,0.0000444
46334,1985-09-26,I,0.4757446,0.0000452
46335,1985-09-27,I,0.4740863,0.0000436
46336,1985-09-28,I,0.4722721,0.0000390
46337,1985-09-29,I,0.4703729,0.0000384
46338,1985-09-30,I,0.4684689,0.0000461
46339,1985-10-01,I,0.4666357,0.0000480
46340,1985-10-02,I,0.4649305,0.0000508
46341,1985-10-03,I,0.4633780,0.0000526
46342,1985-10-04,I,0.4619783,0.0000482
46343,1985-10-05,I,0.4607050,0.0000656
46344,1985-10-06,I,0.4595111,0.0000647
46345,1985-10-07,I,0.4583344,0.0000613
46346,1985-10-08,I,0.4570897,0.0000584
46347,1985-10-09,I,0.4556811,0.0000534
46348,1985-10-10,I,0.4540203,0.0000618
46349,1985-10-11,I,0.4520493,0.0000631
46350,1985-10-12,I,0.4497670,0.0000613
46351,1985-10-13,I,0.4472462,0.0000617
46352,1985-10-14,I,0.4446337,0.0000513
46353,1985-10-15,I,0.4421096,0.0000559
46354,1985-10-16,I,0.4398265,0.0000593
46355,1985-10-17,I,0.4378582,0.0000942
46356,1985-10-18,I,0.4361807,0.0000830
46357,1985-10-19,I,0.4346926,0.0000694
46358,1985-10-20,I,0.4332550,0.0001027
46359,1985-10-21,I,0.4317426,0.0001066
46360,1985-10-22,I,0.4300719,0.0001030
46361,1985-10-23,I,0.4282081,0.0000612
46362,1985-10-24,I,0.4261608,0.0000538
46363,1985-10-25,I,0.4239694,0.0000690
46364,1985-10-26,I,0.4216922,0.0000296
46365,1985-10-27,I,0.4193983,0.0000252
46366,1985-10-28,I,0.4171647,0.0000299
46367,1985-10-29,I,0.4150614,0.0000373
46368,1985-10-30,I,0.4131396,0.0000430
46369,1985-10-31,I,0.4114242,0.0000451
46370,1985-11-01,I,0.4099043,0.0000447
46371,1985-11-02,I,0.4085396,0.0000539
46372,1985-11-03,I,0.4072712,0.0000623
46373,1985-11-04,I,0.4060266,0.0000627
46374,1985-11-05,I,0.4047250,0.0000677
46375,1985-11-06,I,0.4032825,0.0000731
46376,1985-11-07,I,0.4016172,0.0000670
46377,1985-11-08,I,0.3996793,0.0000653
46378,1985-11-09,I,0.3974790,0.0000657
46379,1985-11-10,I,0.3950995,0.0000657
46380,1985-11-11,I,0.3926824,0.0000650
46381,1985-11-12,I,0.3903947,0.0000635
46382,1985-11-13,I,0.3883684,0.0000594
46383,1985-11-14,I,0.3866464,0.0000580
46384,1985-11-15,I,0.3851739,0.0000611
46385,1985-11-16,I,0.3838234,0.0000685
46386,1985-11-17,I,0.3824478,0.0000551
46387,1985-11-18,I,0.3809319,0.0000557
46388,1985-11-19,I,0.3792178,0.0000219
46389,1985-11-20,I,0.3773048,0.0000224
46390,1985-11-21,I,0.3752355,0.0000307
46391,1985-11-22,I,0.3730954,0.0000390
46392,1985-11-23,I,0.3709805,0.0000385
46393,1985-11-24,I,0.3689505,0.0000367
46394,1985-11-25,I,0.3670495,0.0000368
46395,1985-11-26,I,0.3653072,0.0001087
46396,1985-11-27,I,0.3637393,0.0000827
46397,1985-11-28,I,0.3623383,0.0000413
46398,1985-11-29,I,0.3610709,0.0000514
46399,1985-11-30,I,0.3598815,0.0000653
46400,1985-12-01,I,0.3586977,0.0000687
46401,1985-12-02,I,0.3574421,0.0000630
46402,1985-12-03,I,0.3560418,0.0000620
46403,1985-12-04,I,0.3544335,0.0000686
46404,1985-12-05,I,0.3525745,0.0000746
46405,1985-12-06,I,0.3504624,0.0000675
46406,1985-12-07,I,0.3481569,0.0000595
46407,1985-12-08,I,0.3457790,0.0000557
46408,1985-12-09,I,0.3434813,0.0000583
46409,1985-12-10,I,0.3414028,0.0000609
46410,1985-12-11,I,0.3396208,0.0000567
46411,1985-12-12,I,0.3381291,0.0000578
46412,1985-12-13,I,0.3368413,0.0000527
46413,1985-12-14,I,0.3356254,0.0000593
46414,1985-12-15,I,0.3343543,0.0000617
46415,1985-12-16,I,0.3329457,0.0000613
46416,1985-12-17,I,0.3313753,0.0000603
46417,1985-12-18,I,0.3296716,0.0000541
46418,1985-12-19,I,0.3278943,0.0000592
46419,1985-12-20,I,0.3261116,0.0000617
46420,1985-12-21,I,0.3243840,0.0000603
46421,1985-12-22,I,0.3227687,0.0000587
46422,1985-12-23,I,0.3213131,0.0000490
46423,1985-12-24,I,0.3200444,0.0000924
46424,1985-12-25,I,0.3189663,0.0000813
46425,1985-12-26,I,0.3180578,0.0000540
46426,1985-12-27,I,0.3172731,0.0000786
46427,1985-12-28,I,0.3165460,0.0000516
46428,1985-12-29,I,0.3157992,0.0000516
46429,1985-12-30,I,0.3149569,0.0000491
46430,1985-12-31,I,0.3139556,0.0000492
46431,1986-01-01,I,0.3127488,0.0000493
46432,1986-01-02,I,0.3113274,0.0000486
46433,1986-01-03,I,0.3097276,0.0000712
46434,1986-01-04,I,0.3080284,0.0000765
46435,1986-01-05,I,0.3063385,0.0000767
46436,1986-01-06,I,0.3047745,0.0000735
46437,1986-01-07,I,0.3034249,0.0000656
46438,1986-01-08,I,0.3023108,0.0000882
46439,1986-01-09,I,0.3013713,0.0000563
46440,1986-01-10,I,0.3004860,0.0000405
46441,1986-01-11,I,0.2995195,0.0000452
46442,1986-01-12,I,0.2983631,0.0000473
46443,1986-01-13,I,0.2969669,0.0000746
46444,1986-01-14,I,0.2953462,0.0000773
46445,1986-01-15,I,0.2935662,0.0000856
46446,1986-01-16,I,0.2917281,0.0000821
46447,1986-01-17,I,0.2899339,0.0000791
46448,1986-01-18,I,0.2882517,0.0001051
46449,1986-01-19,I,0.2867252,0.0001040
46450,1986-01-20,I,0.2853748,0.0000922
46451,1986-01-21,I,0.2841888,0.0000702
46452,1986-01-22,I,0.2831394,0.0000581
46453,1986-01-23,I,0.2821802,0.0000612
46454,1986-01-24,I,0.2812455,0.0000345
46455,1986-01-25,I,0.2802567,0.0000358
46456,1986-01-26,I,0.2791292,0.0000354
46457,1986-01-27,I,0.2777884,0.0000383
46458,1986-01-28,I,0.2761882,0.0000473
46459,1986-01-29,I,0.2743264,0.0000467
46460,1986-01-30,I,0.2722484,0.0000648
46461,1986-01-31,I,0.2700491,0.0000566
46462,1986-02-01,I,0.2678540,0.0000466
46463,1986-02-02,I,0.2657865,0.0000465
46464,1986-02-03,I,0.2639402,0.0000490
46465,1986-02-04,I,0.2623517,0.0000550
46466,1986-02-05,I,0.2609880,0.0000429
46467,1986-02-06,I,0.2597569,0.0000403
46468,1986-02-07,I,0.2585362,0.0000489
46469,1986-02-08,I,0.2572082,0.0000532
46470,1986-02-09,I,0.2556970,0.0000538
46471,1986-02-10,I,0.2539859,0.0000436
46472,1986-02-11,I,0.2521160,0.0000395
46473,1986-02-12,I,0.2501631,0.0000448
46474,1986-02-13,I,0.2482124,0.0000527
46475,1986-02-14,I,0.2463422,0.0000527
46476,1986-02-15,I,0.2446187,0.0000551
46477,1986-02-16,I,0.2430887,0.0000448
46478,1986-02-17,I,0.2417748,0.0000526
46479,1986-02-18,I,0.2406717,0.0000562
46480,1986-02-19,I,0.2397458,0.0000506
46481,1986-02-20,I,0.2389280,0.0000594
46482,1986-02-21,I,0.2381308,0.0000500
46483,1986-02-22,I,0.2372596,0.0000583
46484,1986-02-23,I,0.2362265,0.0000578
46485,1986-02-24,I,0.2349627,0.0000601
46486,1986-02-25,I,0.2334362,0.0000558
46487,1986-02-26,I,0.2316716,0.0000492
46488,1986-02-27,I,0.2297533,0.0000798
46489,1986-02-28,I,0.2278028,0.0000781
46490,1986-03-01,I,0.2259465,0.0000817
46491,1986-03-02,I,0.2242917,0.0000751
46492,1986-03-03,I,0.2228908,0.0000634
46493,1986-03-04,I,0.2217202,0.0000766
46494,1986-03-05,I,0.2206991,0.0000478
46495,1986-03-06,I,0.2197162,0.0000783
46496,1986-03-07,I,0.2186525,0.0000696
46497,1986-03-08,I,0.2174198,0.0000648
46498,1986-03-09,I,0.2159823,0.0000799
46499,1986-03-10,I,0.2143628,0.0000762
46500,1986-03-11,I,0.2126321,0.0000890
46501,1986-03-12,I,0.2108925,0.0000694
46502,1986-03-13,I,0.2092503,0.0000653
46503,1986-03-14,I,0.2077933,0.0000797
46504,1986-03-15,I,0.2065707,0.0000834
46505,1986-03-16,I,0.2055769,0.0000828
46506,1986-03-17,I,0.2047848,0.0000828
46507,1986-03-18,I,0.2041497,0.0000592
46508,1986-03-19,I,0.2036051,0.0000618
46509,1986-03-20,I,0.2030694,0.0000687
46510,1986-03-21,I,0.2024476,0.0000699
46511,1986-03-22,I,0.2016333,0.0000584
46512,1986-03-23,I,0.2005292,0.0000632
46513,1986-03-24,I,0.1990719,0.0000674
46514,1986-03-25,I,0.1972580,0.0000671
46515,1986-03-26,I,0.1951541,0.0000619
46516,1986-03-27,I,0.1929030,0.0000637
46517,1986-03-28,I,0.1906872,0.0000635
46518,1986-03-29,I,0.1886672,0.0000722
46519,1986-03-30,I,0.1869378,0.0000794
46520,1986-03-31,I,0.1855035,0.0000795
46521,1986-04-01,I,0.1842814,0.0000669
46522,1986-04-02,I,0.1831467,0.0000452
46523,1986-04-03,I,0.1819681,0.0000407
46524,1986-04-04,I,0.1806353,0.0000403
46525,1986-04-05,I,0.1790861,0.0000328
46526,1986-04-06,I,0.1773201,0.0000265
46527,1986-04-07,I,0.1753909,0.0000283
46528,1986-04-08,I,0.1733811,0.0000270
46529,1986-04-09,I,0.1713846,0.0000329
46530,1986-04-10,I,0.1694872,0.0000423
46531,1986-04-11,I,0.1677442,0.0000355
46532,1986-04-12,I,0.1661804,0.0000348
46533,1986-04-13,I,0.1647902,0.0000476
46534,1986-04-14,I,0.1635413,0.0000480
46535,1986-04-15,I,0.1623801,0.0000479
46536,1986-04-16,I,0.1612452,0.0000443
46537,1986-04-17,I,0.1600723,0.0000487
46538,1986-04-18,I,0.1587962,0.0000707
46539,1986-04-19,I,0.1573557,0.0000649
46540,1986-04-20,I,0.1557019,0.0000893
46541,1986-04-21,I,0.1538015,0.0000749
46542,1986-04-22,I,0.1516723,0.0000620
46543,1986-04-23,I,0.1494010,0.0000609
46544,1986-04-24,I,0.1471320,0.0000582
46545,1986-04-25,I,0.1450208,0.0000611
46546,1986-04-26,I,0.1431791,0.0000274
46547,1986-04-27,I,0.1416339,0.0000251
46548,1986-04-28,I,0.1403200,0.0000319
46549,1986-04-29,I,0.1391068,0.0000319
46550,1986-04-30,I,0.1378475,0.0000278
46551,1986-05-01,I,0.1364290,0.0000250
46552,1986-05-02,I,0.1347961,0.0000203
46553,1986-05-03,I,0.1329516,0.0000297
46554,1986-05-04,I,0.1309427,0.0000359
46555,1986-05-05,I,0.1288453,0.0000445
46556,1986-05-06,I,0.1267458,0.0000374
46557,1986-05-07,I,0.1247264,0.0000388
46558,1986-05-08,I,0.1228541,0.0000404
46559,1986-05-09,I,0.1211703,0.0000486
46560,1986-05-10,I,0.1196884,0.0000461
46561,1986-05-11,I,0.1184023,0.0000370
46562,1986-05-12,I,0.1172812,0.0000569
46563,1986-05-13,I,0.1162741,0.0000673
46564,1986-05-14,I,0.1153183,0.0000679
46565,1986-05-15,I,0.1143529,0.0000575
46566,1986-05-16,I,0.1133222,0.0000578
46567,1986-05-17,I,0.1121424,0.0000616
46568,1986-05-18,I,0.1107449,0.0000760
46569,1986-05-19,I,0.1091144,0.0000692
46570,1986-05-20,I,0.1073034,0.0000787
46571,1986-05-21,I,0.1054253,0.0000821
46572,1986-05-22,I,0.1036311,0.0000789
46573,1986-05-23,I,0.1020607,0.0000816
46574,1986-05-24,I,0.1007935,0.0000806
46575,1986-05-25,I,0.0998149,0.0000723
46576,1986-05-26,I,0.0990217,0.0000565
46577,1986-05-27,I,0.0982724,0.0000493
46578,1986-05-28,I,0.0974415,0.0000640
46579,1986-05-29,I,0.0964606,0.0000523
46580,1986-05-30,I,0.0953312,0.0000545
46581,1986-05-31,I,0.0940954,0.0000523
46582,1986-06-01,I,0.0928222,0.0000390
46583,1986-06-02,I,0.0915886,0.0000554
46584,1986-06-03,I,0.0904643,0.0000439
46585,1986-06-04,I,0.0895028,0.0000442
46586,1986-06-05,I,0.0887405,0.0000383
46587,1986-06-06,I,0.0881923,0.0000261
46588,1986-06-07,I,0.0878477,0.0000657
46589,1986-06-08,I,0.0876685,0.0000776
46590,1986-06-09,I,0.0875946,0.0000793
46591,1986-06-10,I,0.0875566,0.0000801
46592,1986-06-11,I,0.0874811,0.0000721
46593,1986-06-12,I,0.0872937,0.0001104
46594,1986-06-13,I,0.0869304,0.0001352
46595,1986-06-14,I,0.0863451,0.0001329
46596,1986-06-15,I,0.0855227,0.0001080
46597,1986-06-16,I,0.0844807,0.0000425
46598,1986-06-17,I,0.0832817,0.0000433
46599,1986-06-18,I,0.0820359,0.0000394
46600,1986-06-19,I,0.0808705,0.0000246
46601,1986-06-20,I,0.0799042,0.0000275
46602,1986-06-21,I,0.0791816,0.0000271
46603,1986-06-22,I,0.0786557,0.0000237
46604,1986-06-23,I,0.0782125,0.0000861
46605,1986-06-24,I,0.0777163,0.0000901
46606,1986-06-25,I,0.0770549,0.0000795
46607,1986-06-26,I,0.0761849,0.0000850
46608,1986-06-27,I,0.0751358,0.0001089
46609,1986-06-28,I,0.0739825,0.0001171
46610,1986-06-29,I,0.0728159,0.0001078
46611,1986-06-30,I,0.0717222,0.0000968
46612,1986-07-01,I,0.0707614,0.0000867
46613,1986-07-02,I,0.0699709,0.0000717
46614,1986-07-03,I,0.0693670,0.0000516
46615,1986-07-04,I,0.0689412,0.0000358
46616,1986-07-05,I,0.0686625,0.0000351
46617,1986-07-06,I,0.0684785,0.0000376
46618,1986-07-07,I,0.0683187,0.0000404
46619,1986-07-08,I,0.0681008,0.0000442
46620,1986-07-09,I,0.0677496,0.0000444
46621,1986-07-10,I,0.0672144,0.0000666
46622,1986-07-11,I,0.0664710,0.0000652
46623,1986-07-12,I,0.0655274,0.0000698
46624,1986-07-13,I,0.0644334,0.0000690
46625,1986-07-14,I,0.0632724,0.0000685
46626,1986-07-15,I,0.0621389,0.0000639
46627,1986-07-16,I,0.0611374,0.0000619
46628,1986-07-17,I,0.0603540,0.0000458
46629,1986-07-18,I,0.0598251,0.0000560
46630,1986-07-19,I,0.0595136,0.0000566
46631,1986-07-20,I,0.0593065,0.0000499
46632,1986-07-21,I,0.0590548,0.0000471
46633,1986-07-22,I,0.0586225,0.0000527
46634,1986-07-23,I,0.0579349,0.0000522
46635,1986-07-24,I,0.0569992,0.0000374
46636,1986-07-25,I,0.0558980,0.0000329
46637,1986-07-26,I,0.0547533,0.0000385
46638,1986-07-27,I,0.0536835,0.0000407
46639,1986-07-28,I,0.0527776,0.0000396
46640,1986-07-29,I,0.0520778,0.0000403
46641,1986-07-30,I,0.0515974,0.0000405
46642,1986-07-31,I,0.0513261,0.0000501
46643,1986-08-01,I,0.0512260,0.0000565
46644,1986-08-02,I,0.0512339,0.0000585
46645,1986-08-03,I,0.0512737,0.0000583
46646,1986-08-04,I,0.0512729,0.0000533
46647,1986-08-05,I,0.0511340,0.0000501
46648,1986-08-06,I,0.0507705,0.0000467
46649,1986-08-07,I,0.0501277,0.0000415
46650,1986-08-08,I,0.0491930,0.0000375
46651,1986-08-09,I,0.0480159,0.0000626
46652,1986-08-10,I,0.0466961,0.0000564
46653,1986-08-11,I,0.0453587,0.0000762
46654,1986-08-12,I,0.0441308,0.0000760
46655,1986-08-13,I,0.0431124,0.0000717
46656,1986-08-14,I,0.0423556,0.0000658
46657,1986-08-15,I,0.0418480,0.0000277
46658,1986-08-16,I,0.0415055,0.0000336
46659,1986-08-17,I,0.0411966,0.0000364
46660,1986-08-18,I,0.0407812,0.0000381
46661,1986-08-19,I,0.0401517,0.0000356
46662,1986-08-20,I,0.0392677,0.0000284
46663,1986-08-21,I,0.0381660,0.0000374
46664,1986-08-22,I,0.0369417,0.0000429
46665,1986-08-23,I,0.0357128,0.0000359
46666,1986-08-24,I,0.0345818,0.0000299
46667,1986-08-25,I,0.0336178,0.0000296
46668,1986-08-26,I,0.0328505,0.0000378
46669,1986-08-27,I,0.0322762,0.0000410
46670,1986-08-28,I,0.0318657,0.0000546
46671,1986-08-29,I,0.0315723,0.0000553
46672,1986-08-30,I,0.0313351,0.0000506
46673,1986-08-31,I,0.0310858,0.0000567
46674,1986-09-01,I,0.0307577,0.0000550
46675,1986-09-02,I,0.0302882,0.0000533
46676,1986-09-03,I,0.0296094,0.0000348
46677,1986-09-04,I,0.0286777,0.0000394
46678,1986-09-05,I,0.0274936,0.0000485
46679,1986-09-06,I,0.0261070,0.0000639
46680,1986-09-07,I,0.0246089,0.0000699
46681,1986-09-08,I,0.0231196,0.0000659
46682,1986-09-09,I,0.0217530,0.0000630
46683,1986-09-10,I,0.0205860,0.0000776
46684,1986-09-11,I,0.0196405,0.0000743
46685,1986-09-12,I,0.0188731,0.0000612
46686,1986-09-13,I,0.0181707,0.0000466
46687,1986-09-14,I,0.0173944,0.0000449
46688,1986-09-15,I,0.0164212,0.0000461
46689,1986-09-16,I,0.0151742,0.0000448
46690,1986-09-17,I,0.0136440,0.0000368
46691,1986-09-18,I,0.0118957,0.0000357
46692,1986-09-19,I,0.0100397,0.0000333
46693,1986-09-20,I,0.0081958,0.0000375
46694,1986-09-21,I,0.0064660,0.0000350
46695,1986-09-22,I,0.0049175,0.0000414
46696,1986-09-23,I,0.0035730,0.0000347
46697,1986-09-24,I,0.0024156,0.0000291
46698,1986-09-25,I,0.0014001,0.0000313
46699,1986-09-26,I,0.0004592,0.0000491
46700,1986-09-27,I,-0.0004874,0.0000475
46701,1986-09-28,I,-0.0015203,0.0000375
46702,1986-09-29,I,-0.0027139,0.0000373
46703,1986-09-30,I,-0.0041289,0.0000561
46704,1986-10-01,I,-0.0058003,0.0000565
46705,1986-10-02,I,-0.0077263,0.0000373
46706,1986-10-03,I,-0.0098608,0.0000429
46707,1986-10-04,I,-0.0121055,0.0000442
46708,1986-10-05,I,-0.0143239,0.0000500
46709,1986-10-06,I,-0.0163802,0.0000506
46710,1986-10-07,I,-0.0181820,0.0000551
46711,1986-10-08,I,-0.0197064,0.0000489
46712,1986-10-09,I,-0.0210044,0.0000425
46713,1986-10-10,I,-0.0221855,0.0000450
46714,1986-10-11,I,-0.0233788,0.0000443
46715,1986-10-12,I,-0.0246927,0.0000400
46716,1986-10-13,I,-0.0262035,0.0000311
46717,1986-10-14,I,-0.0279313,0.0000292
46718,1986-10-15,I,-0.0298396,0.0000250
46719,1986-10-16,I,-0.0318521,0.0000274
46720,1986-10-17,I,-0.0338758,0.0000278
46721,1986-10-18,I,-0.0358129,0.0000322
46722,1986-10-19,I,-0.0375965,0.0000305
46723,1986-10-20,I,-0.0391958,0.0000318
46724,1986-10-21,I,-0.0406149,0.0000384
46725,1986-10-22,I,-0.0418875,0.0000357
46726,1986-10-23,I,-0.0430674,0.0000410
46727,1986-10-24,I,-0.0442210,0.0000437
46728,1986-10-25,I,-0.0454145,0.0000491
46729,1986-10-26,I,-0.0466908,0.0000483
46730,1986-10-27,I,-0.0480845,0.0000490
46731,1986-10-28,I,-0.0496441,0.0000527
46732,1986-10-29,I,-0.0514033,0.0000457
46733,1986-10-30,I,-0.0533552,0.0000285
46734,1986-10-31,I,-0.0554416,0.0000286
46735,1986-11-01,I,-0.0575531,0.0000286
46736,1986-11-02,I,-0.0595465,0.0000236
46737,1986-11-03,I,-0.0612940,0.0000120
46738,1986-11-04,I,-0.0627318,0.0000090
46739,1986-11-05,I,-0.0638844,0.0000149
46740,1986-11-06,I,-0.0648547,0.0000199
46741,1986-11-07,I,-0.0657888,0.0000204
46742,1986-11-08,I,-0.0668277,0.0000238
46743,1986-11-09,I,-0.0680639,0.0000279
46744,1986-11-10,I,-0.0695324,0.0000932
46745,1986-11-11,I,-0.0712069,0.0000951
46746,1986-11-12,I,-0.0730151,0.0000875
46747,1986-11-13,I,-0.0748640,0.0000550
46748,1986-11-14,I,-0.0766574,0.0000534
46749,1986-11-15,I,-0.0783136,0.0000494
46750,1986-11-16,I,-0.0797790,0.0000274
46751,1986-11-17,I,-0.0810361,0.0000247
46752,1986-11-18,I,-0.0821015,0.0000217
46753,1986-11-19,I,-0.0830210,0.0000308
46754,1986-11-20,I,-0.0838608,0.0000293
46755,1986-11-21,I,-0.0846963,0.0000296
46756,1986-11-22,I,-0.0856042,0.0000208
46757,1986-11-23,I,-0.0866508,0.0000218
46758,1986-11-24,I,-0.0878854,0.0000326
46759,1986-11-25,I,-0.0893359,0.0000362
46760,1986-11-26,I,-0.0910023,0.0000367
46761,1986-11-27,I,-0.0928436,0.0000418
46762,1986-11-28,I,-0.0947719,0.0000322
46763,1986-11-29,I,-0.0966592,0.0000354
46764,1986-11-30,I,-0.0983685,0.0000339
46765,1986-12-01,I,-0.0998030,0.0000348
46766,1986-12-02,I,-0.1009513,0.0000305
46767,1986-12-03,I,-0.1018935,0.0000321
46768,1986-12-04,I,-0.1027738,0.0000434
46769,1986-12-05,I,-0.1037469,0.0000454
46770,1986-12-06,I,-0.1049210,0.0000454
46771,1986-12-07,I,-0.1063235,0.0000390
46772,1986-12-08,I,-0.1079170,0.0000355
46773,1986-12-09,I,-0.1096183,0.0000445
46774,1986-12-10,I,-0.1113269,0.0000321
46775,1986-12-11,I,-0.1129513,0.0000285
46776,1986-12-12,I,-0.1144196,0.0000877
46777,1986-12-13,I,-0.1156850,0.0000735
46778,1986-12-14,I,-0.1167276,0.0000930
46779,1986-12-15,I,-0.1175559,0.0000943
46780,1986-12-16,I,-0.1182141,0.0000976
46781,1986-12-17,I,-0.1187843,0.0000840
46782,1986-12-18,I,-0.1193623,0.0000607
46783,1986-12-19,I,-0.1200421,0.0000748
46784,1986-12-20,I,-0.1209007,0.0000743
46785,1986-12-21,I,-0.1219906,0.0000597
46786,1986-12-22,I,-0.1233260,0.0000561
46787,1986-12-23,I,-0.1248903,0.0000562
46788,1986-12-24,I,-0.1266374,0.0000303
46789,1986-12-25,I,-0.1284950,0.0000594
46790,1986-12-26,I,-0.1303680,0.0000626
46791,1986-12-27,I,-0.1321440,0.0000779
46792,1986-12-28,I,-0.1337238,0.0000629
46793,1986-12-29,I,-0.1350576,0.0000623
46794,1986-12-30,I,-0.1361719,0.0000617
46795,1986-12-31,I,-0.1371719,0.0000287
46796,1987-01-01,I,-0.1382105,0.0000175
46797,1987-01-02,I,-0.1394269,0.0000256
46798,1987-01-03,I,-0.1408929,0.0000381
46799,1987-01-04,I,-0.1425920,0.0000419
46800,1987-01-05,I,-0.1444363,0.0000471
46801,1987-01-06,I,-0.1463044,0.0000361
46802,1987-01-07,I,-0.1480795,0.0000303
46803,1987-01-08,I,-0.1496760,0.0000265
46804,1987-01-09,I,-0.1510451,0.0000314
46805,1987-01-10,I,-0.1521722,0.0000290
46806,1987-01-11,I,-0.1530771,0.0000238
46807,1987-01-12,I,-0.1538053,0.0000276
46808,1987-01-13,I,-0.1544225,0.0000402
46809,1987-01-14,I,-0.1550095,0.0000410
46810,1987-01-15,I,-0.1556502,0.0000378
46811,1987-01-16,I,-0.1564149,0.0000354
46812,1987-01-17,I,-0.1573613,0.0000384
46813,1987-01-18,I,-0.1585208,0.0000415
46814,1987-01-19,I,-0.1598938,0.0000422
46815,1987-01-20,I,-0.1614490,0.0000441
46816,1987-01-21,I,-0.1631200,0.0000383
46817,1987-01-22,I,-0.1648127,0.0000352
46818,1987-01-23,I,-0.1664250,0.0000329
46819,1987-01-24,I,-0.1678617,0.0000358
46820,1987-01-25,I,-0.1690630,0.0000319
46821,1987-01-26,I,-0.1700355,0.0000278
46822,1987-01-27,I,-0.1708621,0.0000262
46823,1987-01-28,I,-0.1716852,0.0000315
46824,1987-01-29,I,-0.1726620,0.0000313
46825,1987-01-30,I,-0.1739095,0.0000274
46826,1987-01-31,I,-0.1754637,0.0000270
46827,1987-02-01,I,-0.1772676,0.0000285
46828,1987-02-02,I,-0.1792026,0.0000284
46829,1987-02-03,I,-0.1811346,0.0000301
46830,1987-02-04,I,-0.1829543,0.0000297
46831,1987-02-05,I,-0.1845907,0.0000279
46832,1987-02-06,I,-0.1860159,0.0000697
46833,1987-02-07,I,-0.1872412,0.0000761
46834,1987-02-08,I,-0.1883039,0.0000843
46835,1987-02-09,I,-0.1892573,0.0001011
46836,1987-02-10,I,-0.1901681,0.0000879
46837,1987-02-11,I,-0.1911175,0.0000807
46838,1987-02-12,I,-0.1921833,0.0000655
46839,1987-02-13,I,-0.1934247,0.0000675
46840,1987-02-14,I,-0.1948763,0.0000703
46841,1987-02-15,I,-0.1965486,0.0000461
46842,1987-02-16,I,-0.1984156,0.0000398
46843,1987-02-17,I,-0.2004144,0.0000466
46844,1987-02-18,I,-0.2024549,0.0000309
46845,1987-02-19,I,-0.2044354,0.0000313
46846,1987-02-20,I,-0.2062694,0.0000223
46847,1987-02-21,I,-0.2079068,0.0000180
46848,1987-02-22,I,-0.2093507,0.0000173
46849,1987-02-23,I,-0.2106682,0.0000166
46850,1987-02-24,I,-0.2119817,0.0000160
46851,1987-02-25,I,-0.2134399,0.0000157
46852,1987-02-26,I,-0.2151744,0.0000173
46853,1987-02-27,I,-0.2172510,0.0000205
46854,1987-02-28,I,-0.2196479,0.0000239
46855,1987-03-01,I,-0.2222620,0.0000269
46856,1987-03-02,I,-0.2249359,0.0000248
46857,1987-03-03,I,-0.2275097,0.0000285
46858,1987-03-04,I,-0.2298622,0.0000383
46859,1987-03-05,I,-0.2319251,0.0000481
46860,1987-03-06,I,-0.2336810,0.0000507
46861,1987-03-07,I,-0.2351653,0.0000408
46862,1987-03-08,I,-0.2364452,0.0000349
46863,1987-03-09,I,-0.2376034,0.0000368
46864,1987-03-10,I,-0.2387312,0.0000365
46865,1987-03-11,I,-0.2399209,0.0000298
46866,1987-03-12,I,-0.2412554,0.0000209
46867,1987-03-13,I,-0.2427898,0.0000167
46868,1987-03-14,I,-0.2445485,0.0000205
46869,1987-03-15,I,-0.2465190,0.0000178
46870,1987-03-16,I,-0.2486492,0.0000165
46871,1987-03-17,I,-0.2508542,0.0000231
46872,1987-03-18,I,-0.2530304,0.0000213
46873,1987-03-19,I,-0.2550779,0.0000349
46874,1987-03-20,I,-0.2569290,0.0000350
46875,1987-03-21,I,-0.2585674,0.0000370
46876,1987-03-22,I,-0.2600297,0.0000329
46877,1987-03-23,I,-0.2614050,0.0000247
46878,1987-03-24,I,-0.2628126,0.0000262
46879,1987-03-25,I,-0.2643678,0.0000279
46880,1987-03-26,I,-0.2661481,0.0000281
46881,1987-03-27,I,-0.2681724,0.0000218
46882,1987-03-28,I,-0.2703867,0.0000197
46883,1987-03-29,I,-0.2726823,0.0000202
46884,1987-03-30,I,-0.2749299,0.0000265
46885,1987-03-31,I,-0.2770162,0.0000285
46886,1987-04-01,I,-0.2788719,0.0000269
46887,1987-04-02,I,-0.2804804,0.0000381
46888,1987-04-03,I,-0.2818702,0.0000600
46889,1987-04-04,I,-0.2831008,0.0000601
46890,1987-04-05,I,-0.2842471,0.0000545
46891,1987-04-06,I,-0.2853842,0.0000375
46892,1987-04-07,I,-0.2865842,0.0000263
46893,1987-04-08,I,-0.2879088,0.0000113
46894,1987-04-09,I,-0.2894035,0.0000136
46895,1987-04-10,I,-0.2910912,0.0000149
46896,1987-04-11,I,-0.2929698,0.0000151
46897,1987-04-12,I,-0.2950066,0.0000173
46898,1987-04-13,I,-0.2971309,0.0000242
46899,1987-04-14,I,-0.2992408,0.0000285
46900,1987-04-15,I,-0.3012266,0.0000263
46901,1987-04-16,I,-0.3030008,0.0000235
46902,1987-04-17,I,-0.3045195,0.0000266
46903,1987-04-18,I,-0.3058088,0.0000530
46904,1987-04-19,I,-0.3069597,0.0000866
46905,1987-04-20,I,-0.3081004,0.0000861
46906,1987-04-21,I,-0.3093603,0.0000724
46907,1987-04-22,I,-0.3108288,0.0000661
46908,1987-04-23,I,-0.3125389,0.0000777
46909,1987-04-24,I,-0.3144828,0.0000709
46910,1987-04-25,I,-0.3165997,0.0000710
46911,1987-04-26,I,-0.3187708,0.0000508
46912,1987-04-27,I,-0.3208656,0.0000461
46913,1987-04-28,I,-0.3227795,0.0000650
46914,1987-04-29,I,-0.3244536,0.0000337
46915,1987-04-30,I,-0.3258783,0.0000325
46916,1987-05-01,I,-0.3270909,0.0000323
46917,1987-05-02,I,-0.3281539,0.0000253
46918,1987-05-03,I,-0.3291403,0.0000273
46919,1987-05-04,I,-0.3301188,0.0000407
46920,1987-05-05,I,-0.3311506,0.0000428
46921,1987-05-06,I,-0.3322962,0.0000416
46922,1987-05-07,I,-0.3335959,0.0000430
46923,1987-05-08,I,-0.3350698,0.0000583
46924,1987-05-09,I,-0.3367271,0.0000741
46925,1987-05-10,I,-0.3385405,0.0000746
46926,1987-05-11,I,-0.3404244,0.0000488
46927,1987-05-12,I,-0.3422580,0.0000418
46928,1987-05-13,I,-0.3439203,0.0000428
46929,1987-05-14,I,-0.3453306,0.0000275
46930,1987-05-15,I,-0.3464794,0.0000607
46931,1987-05-16,I,-0.3474435,0.0000522
46932,1987-05-17,I,-0.3483597,0.0000466
46933,1987-05-18,I,-0.3493744,0.0000669
46934,1987-05-19,I,-0.3505967,0.0000665
46935,1987-05-20,I,-0.3520703,0.0000917
46936,1987-05-21,I,-0.3537712,0.0000597
46937,1987-05-22,I,-0.3556234,0.0000465
46938,1987-05-23,I,-0.3575245,0.0000576
46939,1987-05-24,I,-0.3593754,0.0000578
46940,1987-05-25,I,-0.3610990,0.0000593
46941,1987-05-26,I,-0.3626348,0.0000324
46942,1987-05-27,I,-0.3639528,0.0000337
46943,1987-05-28,I,-0.3650600,0.0000353
46944,1987-05-29,I,-0.3659926,0.0000410
46945,1987-05-30,I,-0.3668065,0.0000408
46946,1987-05-31,I,-0.3675780,0.0000378
46947,1987-06-01,I,-0.3683777,0.0000457
46948,1987-06-02,I,-0.3692588,0.0000543
46949,1987-06-03,I,-0.3702526,0.0000599
46950,1987-06-04,I,-0.3713708,0.0000608
46951,1987-06-05,I,-0.3726286,0.0000621
46952,1987-06-06,I,-0.3740264,0.0000620
46953,1987-06-07,I,-0.3755337,0.0000586
46954,1987-06-08,I,-0.3770730,0.0000632
46955,1987-06-09,I,-0.3785244,0.0000640
46956,1987-06-10,I,-0.3797816,0.0000559
46957,1987-06-11,I,-0.3807935,0.0000368
46958,1987-06-12,I,-0.3815903,0.0000418
46959,1987-06-13,I,-0.3822791,0.0000525
46960,1987-06-14,I,-0.3830048,0.0000520
46961,1987-06-15,I,-0.3839004,0.0000657
46962,1987-06-16,I,-0.3850359,0.0000521
46963,1987-06-17,I,-0.3863981,0.0000706
46964,1987-06-18,I,-0.3879049,0.0000728
46965,1987-06-19,I,-0.3894426,0.0000669
46966,1987-06-20,I,-0.3908996,0.0000560
46967,1987-06-21,I,-0.3921822,0.0000359
46968,1987-06-22,I,-0.3932339,0.0000183
46969,1987-06-23,I,-0.3940360,0.0000136
46970,1987-06-24,I,-0.3946032,0.0000088
46971,1987-06-25,I,-0.3949750,0.0000162
46972,1987-06-26,I,-0.3952123,0.0000197
46973,1987-06-27,I,-0.3954025,0.0000205
46974,1987-06-28,I,-0.3956345,0.0000214
46975,1987-06-29,I,-0.3959826,0.0000549
46976,1987-06-30,I,-0.3964936,0.0000515
46977,1987-07-01,I,-0.3971877,0.0000366
46978,1987-07-02,I,-0.3980574,0.0000396
46979,1987-07-03,I,-0.3990660,0.0000545
46980,1987-07-04,I,-0.4001529,0.0000559
46981,1987-07-05,I,-0.4012378,0.0000448
46982,1987-07-06,I,-0.4022275,0.0000470
46983,1987-07-07,I,-0.4030377,0.0000504
46984,1987-07-08,I,-0.4036215,0.0000617
46985,1987-07-09,I,-0.4039925,0.0000600
46986,1987-07-10,I,-0.4042298,0.0000610
46987,1987-07-11,I,-0.4044705,0.0000622
46988,1987-07-12,I,-0.4048669,0.0000753
46989,1987-07-13,I,-0.4055332,0.0000913
46990,1987-07-14,I,-0.4064930,0.0000958
46991,1987-07-15,I,-0.4076606,0.0000949
46992,1987-07-16,I,-0.4088921,0.0000721
46993,1987-07-17,I,-0.4100431,0.0000768
46994,1987-07-18,I,-0.4110080,0.0000750
46995,1987-07-19,I,-0.4117376,0.0000753
46996,1987-07-20,I,-0.4122167,0.0000576
46997,1987-07-21,I,-0.4124667,0.0000463
46998,1987-07-22,I,-0.4125380,0.0000412
46999,1987-07-23,I,-0.4125039,0.0000468
47000,1987-07-24,I,-0.4124448,0.0000471
47001,1987-07-25,I,-0.4124401,0.0000386
47002,1987-07-26,I,-0.4125534,0.0000378
47003,1987-07-27,I,-0.4128271,0.0000365
47004,1987-07-28,I,-0.4132823,0.0000553
47005,1987-07-29,I,-0.4139161,0.0000696
47006,1987-07-30,I,-0.4146942,0.0000367
47007,1987-07-31,I,-0.4155590,0.0000378
47008,1987-08-01,I,-0.4164372,0.0000407
47009,1987-08-02,I,-0.4172506,0.0000413
47010,1987-08-03,I,-0.4179303,0.0000482
47011,1987-08-04,I,-0.4184242,0.0000531
47012,1987-08-05,I,-0.4187224,0.0000525
47013,1987-08-06,I,-0.4188798,0.0000917
47014,1987-08-07,I,-0.4190189,0.0000699
47015,1987-08-08,I,-0.4193021,0.0000705
47016,1987-08-09,I,-0.4198559,0.0000661
47017,1987-08-10,I,-0.4207305,0.0000604
47018,1987-08-11,I,-0.4218842,0.0000535
47019,1987-08-12,I,-0.4232046,0.0000430
47020,1987-08-13,I,-0.4245424,0.0000467
47021,1987-08-14,I,-0.4257538,0.0000745
47022,1987-08-15,I,-0.4267460,0.0000718
47023,1987-08-16,I,-0.4274927,0.0000726
47024,1987-08-17,I,-0.4280233,0.0000752
47025,1987-08-18,I,-0.4284028,0.0000731
47026,1987-08-19,I,-0.4287061,0.0000696
47027,1987-08-20,I,-0.4290106,0.0000455
47028,1987-08-21,I,-0.4293936,0.0000438
47029,1987-08-22,I,-0.4299291,0.0000694
47030,1987-08-23,I,-0.4306769,0.0000731
47031,1987-08-24,I,-0.4316628,0.0000636
47032,1987-08-25,I,-0.4328692,0.0000662
47033,1987-08-26,I,-0.4342537,0.0000767
47034,1987-08-27,I,-0.4357534,0.0000973
47035,1987-08-28,I,-0.4372917,0.0000899
47036,1987-08-29,I,-0.4387851,0.0000787
47037,1987-08-30,I,-0.4401396,0.0000738
47038,1987-08-31,I,-0.4412866,0.0000911
47039,1987-09-01,I,-0.4422020,0.0000767
47040,1987-09-02,I,-0.4429225,0.0000595
47041,1987-09-03,I,-0.4435509,0.0000626
47042,1987-09-04,I,-0.4442340,0.0000554
47043,1987-09-05,I,-0.4451240,0.0001191
47044,1987-09-06,I,-0.4463339,0.0001191
47045,1987-09-07,I,-0.4478957,0.0001191
47046,1987-09-08,I,-0.4497292,0.0001035
47047,1987-09-09,I,-0.4516813,0.0000836
47048,1987-09-10,I,-0.4535815,0.0000926
47049,1987-09-11,I,-0.4552923,0.0000591
47050,1987-09-12,I,-0.4567412,0.0000854
47051,1987-09-13,I,-0.4579157,0.0000786
47052,1987-09-14,I,-0.4588525,0.0000750
47053,1987-09-15,I,-0.4596229,0.0000830
47054,1987-09-16,I,-0.4603190,0.0000965
47055,1987-09-17,I,-0.4610445,0.0001062
47056,1987-09-18,I,-0.4618919,0.0000827
47057,1987-09-19,I,-0.4629249,0.0000685
47058,1987-09-20,I,-0.4641842,0.0000912
47059,1987-09-21,I,-0.4656859,0.0000734
47060,1987-09-22,I,-0.4674193,0.0000725
47061,1987-09-23,I,-0.4693262,0.0000513
47062,1987-09-24,I,-0.4713171,0.0000449
47063,1987-09-25,I,-0.4732897,0.0000593
47064,1987-09-26,I,-0.4751469,0.0000618
47065,1987-09-27,I,-0.4768124,0.0000776
47066,1987-09-28,I,-0.4782455,0.0000804
47067,1987-09-29,I,-0.4794643,0.0000713
47068,1987-09-30,I,-0.4805488,0.0000787
47069,1987-10-01,I,-0.4816271,0.0000668
47070,1987-10-02,I,-0.4828474,0.0000659
47071,1987-10-03,I,-0.4843299,0.0000427
47072,1987-10-04,I,-0.4861326,0.0000541
47073,1987-10-05,I,-0.4882336,0.0000769
47074,1987-10-06,I,-0.4905342,0.0000769
47075,1987-10-07,I,-0.4928867,0.0000822
47076,1987-10-08,I,-0.4951299,0.0000754
47077,1987-10-09,I,-0.4971413,0.0000633
47078,1987-10-10,I,-0.4988659,0.0000552
47079,1987-10-11,I,-0.5003134,0.0000904
47080,1987-10-12,I,-0.5015413,0.0001136
47081,1987-10-13,I,-0.5026389,0.0000839
47082,1987-10-14,I,-0.5037024,0.0000599
47083,1987-10-15,I,-0.5048198,0.0000651
47084,1987-10-16,I,-0.5060628,0.0000687
47085,1987-10-17,I,-0.5074828,0.0000500
47086,1987-10-18,I,-0.5090996,0.0000278
47087,1987-10-19,I,-0.5109007,0.0000288
47088,1987-10-20,I,-0.5128490,0.0000412
47089,1987-10-21,I,-0.5148832,0.0000484
47090,1987-10-22,I,-0.5169265,0.0000398
47091,1987-10-23,I,-0.5189004,0.0000439
47092,1987-10-24,I,-0.5207295,0.0000479
47093,1987-10-25,I,-0.5223526,0.0000551
47094,1987-10-26,I,-0.5237596,0.0000516
47095,1987-10-27,I,-0.5250048,0.0000571
47096,1987-10-28,I,-0.5262058,0.0000515
47097,1987-10-29,I,-0.5274997,0.0000400
47098,1987-10-30,I,-0.5290006,0.0000335
47099,1987-10-31,I,-0.5307692,0.0000351
47100,1987-11-01,I,-0.5327999,0.0000365
47101,1987-11-02,I,-0.5350249,0.0000324
47102,1987-11-03,I,-0.5373266,0.0000163
47103,1987-11-04,I,-0.5395710,0.0000152
47104,1987-11-05,I,-0.5416456,0.0000272
47105,1987-11-06,I,-0.5434840,0.0000286
47106,1987-11-07,I,-0.5450654,0.0000274
47107,1987-11-08,I,-0.5464298,0.0000270
47108,1987-11-09,I,-0.5476583,0.0000385
47109,1987-11-10,I,-0.5488479,0.0001038
47110,1987-11-11,I,-0.5500894,0.0000898
47111,1987-11-12,I,-0.5514568,0.0000768
47112,1987-11-13,I,-0.5529967,0.0000689
47113,1987-11-14,I,-0.5547231,0.0000806
47114,1987-11-15,I,-0.5566183,0.0000697
47115,1987-11-16,I,-0.5586416,0.0000457
47116,1987-11-17,I,-0.5607468,0.0000420
47117,1987-11-18,I,-0.5628720,0.0000461
47118,1987-11-19,I,-0.5649386,0.0000643
47119,1987-11-20,I,-0.5668659,0.0000664
47120,1987-11-21,I,-0.5685939,0.0000558
47121,1987-11-22,I,-0.5701038,0.0000523
47122,1987-11-23,I,-0.5714376,0.0000579
47123,1987-11-24,I,-0.5726937,0.0000626
47124,1987-11-25,I,-0.5739980,0.0000571
47125,1987-11-26,I,-0.5754680,0.0000989
47126,1987-11-27,I,-0.5771837,0.0000788
47127,1987-11-28,I,-0.5791552,0.0000772
47128,1987-11-29,I,-0.5813241,0.0000836
47129,1987-11-30,I,-0.5835847,0.0000834
47130,1987-12-01,I,-0.5858097,0.0000831
47131,1987-12-02,I,-0.5878816,0.0000291
47132,1987-12-03,I,-0.5897234,0.0000607
47133,1987-12-04,I,-0.5913070,0.0000910
47134,1987-12-05,I,-0.5926508,0.0000993
47135,1987-12-06,I,-0.5938102,0.0000893
47136,1987-12-07,I,-0.5948685,0.0000706
47137,1987-12-08,I,-0.5959118,0.0000653
47138,1987-12-09,I,-0.5970130,0.0000536
47139,1987-12-10,I,-0.5982298,0.0000447
47140,1987-12-11,I,-0.5996019,0.0000444
47141,1987-12-12,I,-0.6011407,0.0000369
47142,1987-12-13,I,-0.6028336,0.0000242
47143,1987-12-14,I,-0.6046452,0.0000297
47144,1987-12-15,I,-0.6065196,0.0000355
47145,1987-12-16,I,-0.6083840,0.0000332
47146,1987-12-17,I,-0.6101611,0.0000346
47147,1987-12-18,I,-0.6117822,0.0000340
47148,1987-12-19,I,-0.6132118,0.0000637
47149,1987-12-20,I,-0.6144719,0.0000559
47150,1987-12-21,I,-0.6156514,0.0000362
47151,1987-12-22,I,-0.6168848,0.0000348
47152,1987-12-23,I,-0.6183055,0.0000300
47153,1987-12-24,I,-0.6200012,0.0000425
47154,1987-12-25,I,-0.6219847,0.0000396
47155,1987-12-26,I,-0.6241884,0.0000661
47156,1987-12-27,I,-0.6264885,0.0001007
47157,1987-12-28,I,-0.6287460,0.0000797
47158,1987-12-29,I,-0.6308434,0.0000802
47159,1987-12-30,I,-0.6327042,0.0000730
47160,1987-12-31,I,-0.6343015,0.0000907
47161,1988-01-01,I,0.3643391,0.0000548
47162,1988-01-02,I,0.3631572,0.0000549
47163,1988-01-03,I,0.3620737,0.0000696
47164,1988-01-04,I,0.3610047,0.0000680
47165,1988-01-05,I,0.3598785,0.0000641
47166,1988-01-06,I,0.3586397,0.0000450
47167,1988-01-07,I,0.3572503,0.0000430
47168,1988-01-08,I,0.3556980,0.0000925
47169,1988-01-09,I,0.3539945,0.0000931
47170,1988-01-10,I,0.3521697,0.0000936
47171,1988-01-11,I,0.3502810,0.0000808
47172,1988-01-12,I,0.3484034,0.0000772
47173,1988-01-13,I,0.3466079,0.0000862
47174,1988-01-14,I,0.3449580,0.0000547
47175,1988-01-15,I,0.3434961,0.0000628
47176,1988-01-16,I,0.3422334,0.0000562
47177,1988-01-17,I,0.3411257,0.0000509
47178,1988-01-18,I,0.3400704,0.0000548
47179,1988-01-19,I,0.3389347,0.0000542
47180,1988-01-20,I,0.3376077,0.0000556
47181,1988-01-21,I,0.3360362,0.0000352
47182,1988-01-22,I,0.3342511,0.0000293
47183,1988-01-23,I,0.3323647,0.0000347
47184,1988-01-24,I,0.3305253,0.0000359
47185,1988-01-25,I,0.3288589,0.0000335
47186,1988-01-26,I,0.3274454,0.0000328
47187,1988-01-27,I,0.3263037,0.0000276
47188,1988-01-28,I,0.3253945,0.0000427
47189,1988-01-29,I,0.3246443,0.0000363
47190,1988-01-30,I,0.3239692,0.0000291
47191,1988-01-31,I,0.3232813,0.0000205
47192,1988-02-01,I,0.3224972,0.0000167
47193,1988-02-02,I,0.3215485,0.0000168
47194,1988-02-03,I,0.3203896,0.0000145
47195,1988-02-04,I,0.3190024,0.0000149
47196,1988-02-05,I,0.3173992,0.0000161
47197,1988-02-06,I,0.3156167,0.0000164
47198,1988-02-07,I,0.3137102,0.0000193
47199,1988-02-08,I,0.3117456,0.0000222
47200,1988-02-09,I,0.3097938,0.0000225
47201,1988-02-10,I,0.3079291,0.0000231
47202,1988-02-11,I,0.3062131,0.0000248
47203,1988-02-12,I,0.3046751,0.0000271
47204,1988-02-13,I,0.3032924,0.0000380
47205,1988-02-14,I,0.3019738,0.0000392
47206,1988-02-15,I,0.3005708,0.0000343
47207,1988-02-16,I,0.2989235,0.0000307
47208,1988-02-17,I,0.2969211,0.0000368
47209,1988-02-18,I,0.2945468,0.0000489
47210,1988-02-19,I,0.2918898,0.0000418
47211,1988-02-20,I,0.2891212,0.0000373
47212,1988-02-21,I,0.2864326,0.0000328
47213,1988-02-22,I,0.2839763,0.0000394
47214,1988-02-23,I,0.2818358,0.0000405
47215,1988-02-24,I,0.2800168,0.0000243
47216,1988-02-25,I,0.2784534,0.0000674
47217,1988-02-26,I,0.2770448,0.0000673
47218,1988-02-27,I,0.2756852,0.0001011
47219,1988-02-28,I,0.2742752,0.0001154
47220,1988-02-29,I,0.2727334,0.0001137
47221,1988-03-01,I,0.2710117,0.0000830
47222,1988-03-02,I,0.2690901,0.0000139
47223,1988-03-03,I,0.2669788,0.0000439
47224,1988-03-04,I,0.2647180,0.0000432
47225,1988-03-05,I,0.2623726,0.0000425
47226,1988-03-06,I,0.2600238,0.0000343
47227,1988-03-07,I,0.2577578,0.0000397
47228,1988-03-08,I,0.2556557,0.0000519
47229,1988-03-09,I,0.2537812,0.0000463
47230,1988-03-10,I,0.2521702,0.0000465
47231,1988-03-11,I,0.2508219,0.0000494
47232,1988-03-12,I,0.2496692,0.0000451
47233,1988-03-13,I,0.2485880,0.0000626
47234,1988-03-14,I,0.2474275,0.0000570
47235,1988-03-15,I,0.2460500,0.0000315
47236,1988-03-16,I,0.2443702,0.0000371
47237,1988-03-17,I,0.2423948,0.0000266
47238,1988-03-18,I,0.2402232,0.0000321
47239,1988-03-19,I,0.2380114,0.0000444
47240,1988-03-20,I,0.2359220,0.0000459
47241,1988-03-21,I,0.2340768,0.0000625
47242,1988-03-22,I,0.2325209,0.0000639
47243,1988-03-23,I,0.2312189,0.0000843
47244,1988-03-24,I,0.2300844,0.0000884
47245,1988-03-25,I,0.2290168,0.0000810
47246,1988-03-26,I,0.2279140,0.0000669
47247,1988-03-27,I,0.2266917,0.0000426
47248,1988-03-28,I,0.2252886,0.0000422
47249,1988-03-29,I,0.2236735,0.0000422
47250,1988-03-30,I,0.2218443,0.0000264
47251,1988-03-31,I,0.2198219,0.0000374
47252,1988-04-01,I,0.2176526,0.0000363
47253,1988-04-02,I,0.2154028,0.0000557
47254,1988-04-03,I,0.2131499,0.0000569
47255,1988-04-04,I,0.2109755,0.0000567
47256,1988-04-05,I,0.2089488,0.0000488
47257,1988-04-06,I,0.2071069,0.0000246
47258,1988-04-07,I,0.2054428,0.0000416
47259,1988-04-08,I,0.2039017,0.0000363
47260,1988-04-09,I,0.2023878,0.0000379
47261,1988-04-10,I,0.2007825,0.0000314
47262,1988-04-11,I,0.1989702,0.0000237
47263,1988-04-12,I,0.1968642,0.0000298
47264,1988-04-13,I,0.1944488,0.0000271
47265,1988-04-14,I,0.1917951,0.0000222
47266,1988-04-15,I,0.1890522,0.0000196
47267,1988-04-16,I,0.1864062,0.0000231
47268,1988-04-17,I,0.1840175,0.0000278
47269,1988-04-18,I,0.1819779,0.0000313
47270,1988-04-19,I,0.1802974,0.0000485
47271,1988-04-20,I,0.1789135,0.0000428
47272,1988-04-21,I,0.1777201,0.0000372
47273,1988-04-22,I,0.1766070,0.0000430
47274,1988-04-23,I,0.1754784,0.0000404
47275,1988-04-24,I,0.1742598,0.0000415
47276,1988-04-25,I,0.1728986,0.0000258
47277,1988-04-26,I,0.1713676,0.0000374
47278,1988-04-27,I,0.1696654,0.0000631
47279,1988-04-28,I,0.1678156,0.0000630
47280,1988-04-29,I,0.1658668,0.0000616
47281,1988-04-30,I,0.1638957,0.0000423
47282,1988-05-01,I,0.1619898,0.0000319
47283,1988-05-02,I,0.1602277,0.0000217
47284,1988-05-03,I,0.1586604,0.0000208
47285,1988-05-04,I,0.1572926,0.0000225
47286,1988-05-05,I,0.1560735,0.0000184
47287,1988-05-06,I,0.1549079,0.0000198
47288,1988-05-07,I,0.1536752,0.0000270
47289,1988-05-08,I,0.1522597,0.0000260
47290,1988-05-09,I,0.1505810,0.0000290
47291,1988-05-10,I,0.1486168,0.0000240
47292,1988-05-11,I,0.1464149,0.0000261
47293,1988-05-12,I,0.1440838,0.0000331
47294,1988-05-13,I,0.1417637,0.0000340
47295,1988-05-14,I,0.1395894,0.0000323
47296,1988-05-15,I,0.1376640,0.0000288
47297,1988-05-16,I,0.1360288,0.0000397
47298,1988-05-17,I,0.1346574,0.0000599
47299,1988-05-18,I,0.1334793,0.0000588
47300,1988-05-19,I,0.1324141,0.0000479
47301,1988-05-20,I,0.1313745,0.0000486
47302,1988-05-21,I,0.1302795,0.0000561
47303,1988-05-22,I,0.1290715,0.0000680
47304,1988-05-23,I,0.1277202,0.0000640
47305,1988-05-24,I,0.1262165,0.0000674
47306,1988-05-25,I,0.1245788,0.0000730
47307,1988-05-26,I,0.1228523,0.0000837
47308,1988-05-27,I,0.1210956,0.0000776
47309,1988-05-28,I,0.1193732,0.0000726
47310,1988-05-29,I,0.1177502,0.0000715
47311,1988-05-30,I,0.1162955,0.0000560
47312,1988-05-31,I,0.1150485,0.0000458
47313,1988-06-01,I,0.1139985,0.0000467
47314,1988-06-02,I,0.1130834,0.0000450
47315,1988-06-03,I,0.1122017,0.0000541
47316,1988-06-04,I,0.1112229,0.0000445
47317,1988-06-05,I,0.1100429,0.0000413
47318,1988-06-06,I,0.1086222,0.0000504
47319,1988-06-07,I,0.1069952,0.0000509
47320,1988-06-08,I,0.1052676,0.0000496
47321,1988-06-09,I,0.1035758,0.0000513
47322,1988-06-10,I,0.1020464,0.0000324
47323,1988-06-11,I,0.1007698,0.0000335
47324,1988-06-12,I,0.0997809,0.0000346
47325,1988-06-13,I,0.0990566,0.0000338
47326,1988-06-14,I,0.0985306,0.0000359
47327,1988-06-15,I,0.0981126,0.0000216
47328,1988-06-16,I,0.0977104,0.0000226
47329,1988-06-17,I,0.0972491,0.0000292
47330,1988-06-18,I,0.0966836,0.0000331
47331,1988-06-19,I,0.0960067,0.0000349
47332,1988-06-20,I,0.0952299,0.0000327
47333,1988-06-21,I,0.0943709,0.0000374
47334,1988-06-22,I,0.0934619,0.0000378
47335,1988-06-23,I,0.0925512,0.0000639
47336,1988-06-24,I,0.0917026,0.0000514
47337,1988-06-25,I,0.0909808,0.0000444
47338,1988-06-26,I,0.0904415,0.0000460
47339,1988-06-27,I,0.0901208,0.0000472
47340,1988-06-28,I,0.0900180,0.0000484
47341,1988-06-29,I,0.0900655,0.0000362
47342,1988-06-30,I,0.0901400,0.0000220
47343,1988-07-01,I,0.0900965,0.0000822
47344,1988-07-02,I,0.0898133,0.0000812
47345,1988-07-03,I,0.0892348,0.0000882
47346,1988-07-04,I,0.0883882,0.0000784
47347,1988-07-05,I,0.0873765,0.0000785
47348,1988-07-06,I,0.0863472,0.0000815
47349,1988-07-07,I,0.0854367,0.0000793
47350,1988-07-08,I,0.0847450,0.0000653
47351,1988-07-09,I,0.0843173,0.0000598
47352,1988-07-10,I,0.0841351,0.0000581
47353,1988-07-11,I,0.0841282,0.0000649
47354,1988-07-12,I,0.0842057,0.0000667
47355,1988-07-13,I,0.0842702,0.0000696
47356,1988-07-14,I,0.0842317,0.0000612
47357,1988-07-15,I,0.0840321,0.0000652
47358,1988-07-16,I,0.0836510,0.0000815
47359,1988-07-17,I,0.0830968,0.0000767
47360,1988-07-18,I,0.0824008,0.0000808
47361,1988-07-19,I,0.0816045,0.0000785
47362,1988-07-20,I,0.0807624,0.0000727
47363,1988-07-21,I,0.0799349,0.0000813
47364,1988-07-22,I,0.0791762,0.0000512
47365,1988-07-23,I,0.0785285,0.0000518
47366,1988-07-24,I,0.0780301,0.0000384
47367,1988-07-25,I,0.0776942,0.0000345
47368,1988-07-26,I,0.0774927,0.0000350
47369,1988-07-27,I,0.0773393,0.0000386
47370,1988-07-28,I,0.0770997,0.0000353
47371,1988-07-29,I,0.0766355,0.0000316
47372,1988-07-30,I,0.0758623,0.0000311
47373,1988-07-31,I,0.0747922,0.0000323
47374,1988-08-01,I,0.0735370,0.0000340
47375,1988-08-02,I,0.0722505,0.0000340
47376,1988-08-03,I,0.0710878,0.0000312
47377,1988-08-04,I,0.0701627,0.0000323
47378,1988-08-05,I,0.0695180,0.0000419
47379,1988-08-06,I,0.0691308,0.0000437
47380,1988-08-07,I,0.0689399,0.0000429
47381,1988-08-08,I,0.0688849,0.0000398
47382,1988-08-09,I,0.0688718,0.0000367
47383,1988-08-10,I,0.0688053,0.0000397
47384,1988-08-11,I,0.0686103,0.0000260
47385,1988-08-12,I,0.0682377,0.0000186
47386,1988-08-13,I,0.0676731,0.0000182
47387,1988-08-14,I,0.0669348,0.0000218
47388,1988-08-15,I,0.0660663,0.0000306
47389,1988-08-16,I,0.0651271,0.0000331
47390,1988-08-17,I,0.0641818,0.0000291
47391,1988-08-18,I,0.0632978,0.0000322
47392,1988-08-19,I,0.0625359,0.0000272
47393,1988-08-20,I,0.0619383,0.0000282
47394,1988-08-21,I,0.0615202,0.0000276
47395,1988-08-22,I,0.0612633,0.0000261
47396,1988-08-23,I,0.0611001,0.0000241
47397,1988-08-24,I,0.0609137,0.0000141
47398,1988-08-25,I,0.0605631,0.0000241
47399,1988-08-26,I,0.0599264,0.0000238
47400,1988-08-27,I,0.0589488,0.0000335
47401,1988-08-28,I,0.0576714,0.0000418
47402,1988-08-29,I,0.0562298,0.0000435
47403,1988-08-30,I,0.0548094,0.0000664
47404,1988-08-31,I,0.0535782,0.0000692
47405,1988-09-01,I,0.0526264,0.0000687
47406,1988-09-02,I,0.0519614,0.0000626
47407,1988-09-03,I,0.0515249,0.0000535
47408,1988-09-04,I,0.0512189,0.0000654
47409,1988-09-05,I,0.0509438,0.0000532
47410,1988-09-06,I,0.0506166,0.0000448
47411,1988-09-07,I,0.0501735,0.0000359
47412,1988-09-08,I,0.0495759,0.0000669
47413,1988-09-09,I,0.0488117,0.0000770
47414,1988-09-10,I,0.0478926,0.0000769
47415,1988-09-11,I,0.0468522,0.0000800
47416,1988-09-12,I,0.0457403,0.0000686
47417,1988-09-13,I,0.0446119,0.0000631
47418,1988-09-14,I,0.0435205,0.0000830
47419,1988-09-15,I,0.0425126,0.0000321
47420,1988-09-16,I,0.0416208,0.0000331
47421,1988-09-17,I,0.0408569,0.0000298
47422,1988-09-18,I,0.0402052,0.0000277
47423,1988-09-19,I,0.0396149,0.0000337
47424,1988-09-20,I,0.0389966,0.0000379
47425,1988-09-21,I,0.0382336,0.0000394
47426,1988-09-22,I,0.0372042,0.0000563
47427,1988-09-23,I,0.0358299,0.0000519
47428,1988-09-24,I,0.0341065,0.0000616
47429,1988-09-25,I,0.0321194,0.0000641
47430,1988-09-26,I,0.0300301,0.0000608
47431,1988-09-27,I,0.0280358,0.0000503
47432,1988-09-28,I,0.0262990,0.0000161
47433,1988-09-29,I,0.0248943,0.0000552
47434,1988-09-30,I,0.0237979,0.0000590
47435,1988-10-01,I,0.0229161,0.0000584
47436,1988-10-02,I,0.0221288,0.0000512
47437,1988-10-03,I,0.0213207,0.0000486
47438,1988-10-04,I,0.0203962,0.0000659
47439,1988-10-05,I,0.0192910,0.0000377
47440,1988-10-06,I,0.0179704,0.0000315
47441,1988-10-07,I,0.0164394,0.0000273
47442,1988-10-08,I,0.0147330,0.0000269
47443,1988-10-09,I,0.0129039,0.0000290
47444,1988-10-10,I,0.0110195,0.0000285
47445,1988-10-11,I,0.0091531,0.0000266
47446,1988-10-12,I,0.0073790,0.0000304
47447,1988-10-13,I,0.0057583,0.0000339
47448,1988-10-14,I,0.0043242,0.0000561
47449,1988-10-15,I,0.0030754,0.0000584
47450,1988-10-16,I,0.0019703,0.0000331
47451,1988-10-17,I,0.0009247,0.0000318
47452,1988-10-18,I,-0.0001748,0.0000332
47453,1988-10-19,I,-0.0014468,0.0000282
47454,1988-10-20,I,-0.0029904,0.0000327
47455,1988-10-21,I,-0.0048569,0.0000335
47456,1988-10-22,I,-0.0070096,0.0000327
47457,1988-10-23,I,-0.0093265,0.0000370
47458,1988-10-24,I,-0.0116338,0.0000348
47459,1988-10-25,I,-0.0137554,0.0000348
47460,1988-10-26,I,-0.0155717,0.0000283
47461,1988-10-27,I,-0.0170590,0.0000358
47462,1988-10-28,I,-0.0182804,0.0000359
47463,1988-10-29,I,-0.0193532,0.0000397
47464,1988-10-30,I,-0.0204058,0.0000387
47465,1988-10-31,I,-0.0215455,0.0000401
47466,1988-11-01,I,-0.0228432,0.0000361
47467,1988-11-02,I,-0.0243307,0.0000233
47468,1988-11-03,I,-0.0260098,0.0000245
47469,1988-11-04,I,-0.0278594,0.0000408
47470,1988-11-05,I,-0.0298382,0.0000432
47471,1988-11-06,I,-0.0318800,0.0000383
47472,1988-11-07,I,-0.0339009,0.0000363
47473,1988-11-08,I,-0.0358233,0.0000253
47474,1988-11-09,I,-0.0376000,0.0000249
47475,1988-11-10,I,-0.0392095,0.0000215
47476,1988-11-11,I,-0.0406457,0.0000168
47477,1988-11-12,I,-0.0419323,0.0000169
47478,1988-11-13,I,-0.0431459,0.0000162
47479,1988-11-14,I,-0.0443952,0.0000174
47480,1988-11-15,I,-0.0457959,0.0000374
47481,1988-11-16,I,-0.0474426,0.0000234
47482,1988-11-17,I,-0.0493834,0.0000229
47483,1988-11-18,I,-0.0516004,0.0000817
47484,1988-11-19,I,-0.0540051,0.0000813
47485,1988-11-20,I,-0.0564582,0.0000789
47486,1988-11-21,I,-0.0588033,0.0000661
47487,1988-11-22,I,-0.0609119,0.0000656
47488,1988-11-23,I,-0.0627171,0.0000944
47489,1988-11-24,I,-0.0642305,0.0000222
47490,1988-11-25,I,-0.0655306,0.0000225
47491,1988-11-26,I,-0.0667364,0.0000199
47492,1988-11-27,I,-0.0679649,0.0000339
47493,1988-11-28,I,-0.0693018,0.0000386
47494,1988-11-29,I,-0.0707922,0.0000389
47495,1988-11-30,I,-0.0724465,0.0000386
47496,1988-12-01,I,-0.0742503,0.0000384
47497,1988-12-02,I,-0.0761600,0.0000382
47498,1988-12-03,I,-0.0781131,0.0000321
47499,1988-12-04,I,-0.0800369,0.0000344
47500,1988-12-05,I,-0.0818602,0.0000333
47501,1988-12-06,I,-0.0835287,0.0000276
47502,1988-12-07,I,-0.0850071,0.0000316
47503,1988-12-08,I,-0.0862881,0.0000263
47504,1988-12-09,I,-0.0874021,0.0000346
47505,1988-12-10,I,-0.0884172,0.0000355
47506,1988-12-11,I,-0.0894141,0.0000335
47507,1988-12-12,I,-0.0904824,0.0000315
47508,1988-12-13,I,-0.0917216,0.0000319
47509,1988-12-14,I,-0.0931914,0.0000317
47510,1988-12-15,I,-0.0948885,0.0000303
47511,1988-12-16,I,-0.0967439,0.0000238
47512,1988-12-17,I,-0.0986328,0.0000199
47513,1988-12-18,I,-0.1004165,0.0000285
47514,1988-12-19,I,-0.1019779,0.0000243
47515,1988-12-20,I,-0.1032494,0.0000242
47516,1988-12-21,I,-0.1042362,0.0000174
47517,1988-12-22,I,-0.1050037,0.0000175
47518,1988-12-23,I,-0.1056551,0.0000210
47519,1988-12-24,I,-0.1063018,0.0000321
47520,1988-12-25,I,-0.1070381,0.0000322
47521,1988-12-26,I,-0.1079260,0.0000346
47522,1988-12-27,I,-0.1089889,0.0000404
47523,1988-12-28,I,-0.1102202,0.0000467
47524,1988-12-29,I,-0.1115932,0.0000578
47525,1988-12-30,I,-0.1130642,0.0000432
47526,1988-12-31,I,-0.1145681,0.0000356
47527,1989-01-01,I,-0.1160349,0.0000337
47528,1989-01-02,I,-0.1174047,0.0000405
47529,1989-01-03,I,-0.1186354,0.0000415
47530,1989-01-04,I,-0.1197061,0.0000277
47531,1989-01-05,I,-0.1206183,0.0000262
47532,1989-01-06,I,-0.1214101,0.0000288
47533,1989-01-07,I,-0.1221614,0.0000386
47534,1989-01-08,I,-0.1229796,0.0000377
47535,1989-01-09,I,-0.1239712,0.0000372
47536,1989-01-10,I,-0.1252219,0.0000316
47537,1989-01-11,I,-0.1267512,0.0000238
47538,1989-01-12,I,-0.1284973,0.0000202
47539,1989-01-13,I,-0.1303419,0.0000181
47540,1989-01-14,I,-0.1321460,0.0000180
47541,1989-01-15,I,-0.1337743,0.0000165
47542,1989-01-16,I,-0.1351474,0.0000147
47543,1989-01-17,I,-0.1362545,0.0000141
47544,1989-01-18,I,-0.1371424,0.0000178
47545,1989-01-19,I,-0.1378982,0.0000178
47546,1989-01-20,I,-0.1386342,0.0000183
47547,1989-01-21,I,-0.1394585,0.0000172
47548,1989-01-22,I,-0.1404543,0.0000230
47549,1989-01-23,I,-0.1416705,0.0000201
47550,1989-01-24,I,-0.1431174,0.0000193
47551,1989-01-25,I,-0.1447585,0.0000183
47552,1989-01-26,I,-0.1465270,0.0000190
47553,1989-01-27,I,-0.1483442,0.0000385
47554,1989-01-28,I,-0.1501307,0.0000364
47555,1989-01-29,I,-0.1518158,0.0000365
47556,1989-01-30,I,-0.1533522,0.0000327
47557,1989-01-31,I,-0.1547139,0.0000331
47558,1989-02-01,I,-0.1559020,0.0000452
47559,1989-02-02,I,-0.1569507,0.0000362
47560,1989-02-03,I,-0.1579319,0.0000396
47561,1989-02-04,I,-0.1589547,0.0000304
47562,1989-02-05,I,-0.1601504,0.0000266
47563,1989-02-06,I,-0.1616292,0.0000264
47564,1989-02-07,I,-0.1634401,0.0000263
47565,1989-02-08,I,-0.1655440,0.0000258
47566,1989-02-09,I,-0.1678139,0.0000244
47567,1989-02-10,I,-0.1700631,0.0000228
47568,1989-02-11,I,-0.1721158,0.0000329
47569,1989-02-12,I,-0.1738568,0.0000277
47570,1989-02-13,I,-0.1752522,0.0000284
47571,1989-02-14,I,-0.1763520,0.0000303
47572,1989-02-15,I,-0.1772543,0.0000266
47573,1989-02-16,I,-0.1780702,0.0000308
47574,1989-02-17,I,-0.1788996,0.0000466
47575,1989-02-18,I,-0.1798216,0.0000458
47576,1989-02-19,I,-0.1809010,0.0000417
47577,1989-02-20,I,-0.1821639,0.0000387
47578,1989-02-21,I,-0.1836029,0.0000405
47579,1989-02-22,I,-0.1851780,0.0000409
47580,1989-02-23,I,-0.1868181,0.0000349
47581,1989-02-24,I,-0.1884540,0.0000350
47582,1989-02-25,I,-0.1900241,0.0000277
47583,1989-02-26,I,-0.1914809,0.0000389
47584,1989-02-27,I,-0.1927958,0.0000399
47585,1989-02-28,I,-0.1939620,0.0000394
47586,1989-03-01,I,-0.1949995,0.0000320
47587,1989-03-02,I,-0.1959628,0.0000240
47588,1989-03-03,I,-0.1969440,0.0000264
47589,1989-03-04,I,-0.1980628,0.0000244
47590,1989-03-05,I,-0.1994421,0.0000261
47591,1989-03-06,I,-0.2011754,0.0000236
47592,1989-03-07,I,-0.2032762,0.0000248
47593,1989-03-08,I,-0.2056620,0.0000281
47594,1989-03-09,I,-0.2081766,0.0000340
47595,1989-03-10,I,-0.2106368,0.0000322
47596,1989-03-11,I,-0.2128720,0.0000451
47597,1989-03-12,I,-0.2147857,0.0000451
47598,1989-03-13,I,-0.2163757,0.0000741
47599,1989-03-14,I,-0.2177083,0.0000734
47600,1989-03-15,I,-0.2188855,0.0000743
47601,1989-03-16,I,-0.2200363,0.0000577
47602,1989-03-17,I,-0.2212672,0.0000497
47603,1989-03-18,I,-0.2226472,0.0000394
47604,1989-03-19,I,-0.2242124,0.0000377
47605,1989-03-20,I,-0.2259687,0.0000386
47606,1989-03-21,I,-0.2278751,0.0000336
47607,1989-03-22,I,-0.2298630,0.0000244
47608,1989-03-23,I,-0.2318548,0.0000258
47609,1989-03-24,I,-0.2337735,0.0000449
47610,1989-03-25,I,-0.2355568,0.0000402
47611,1989-03-26,I,-0.2371691,0.0000379
47612,1989-03-27,I,-0.2385998,0.0000357
47613,1989-03-28,I,-0.2398599,0.0000469
47614,1989-03-29,I,-0.2409806,0.0000441
47615,1989-03-30,I,-0.2420207,0.0000289
47616,1989-03-31,I,-0.2430805,0.0000373
47617,1989-04-01,I,-0.2442839,0.0000354
47618,1989-04-02,I,-0.2457404,0.0000383
47619,1989-04-03,I,-0.2475107,0.0000374
47620,1989-04-04,I,-0.2495702,0.0000376
47621,1989-04-05,I,-0.2517986,0.0000356
47622,1989-04-06,I,-0.2540165,0.0000153
47623,1989-04-07,I,-0.2560478,0.0000224
47624,1989-04-08,I,-0.2577798,0.0000230
47625,1989-04-09,I,-0.2591964,0.0000235
47626,1989-04-10,I,-0.2603694,0.0000136
47627,1989-04-11,I,-0.2614231,0.0000097
47628,1989-04-12,I,-0.2624876,0.0000098
47629,1989-04-13,I,-0.2636642,0.0000114
47630,1989-04-14,I,-0.2650128,0.0000211
47631,1989-04-15,I,-0.2665550,0.0000184
47632,1989-04-16,I,-0.2682829,0.0000165
47633,1989-04-17,I,-0.2701665,0.0000243
47634,1989-04-18,I,-0.2721616,0.0000273
47635,1989-04-19,I,-0.2742155,0.0000352
47636,1989-04-20,I,-0.2762725,0.0000284
47637,1989-04-21,I,-0.2782853,0.0000298
47638,1989-04-22,I,-0.2802210,0.0000375
47639,1989-04-23,I,-0.2820548,0.0000391
47640,1989-04-24,I,-0.2837691,0.0000393
47641,1989-04-25,I,-0.2853743,0.0000339
47642,1989-04-26,I,-0.2869129,0.0000217
47643,1989-04-27,I,-0.2884636,0.0000240
47644,1989-04-28,I,-0.2901180,0.0000239
47645,1989-04-29,I,-0.2919599,0.0000237
47646,1989-04-30,I,-0.2940507,0.0000207
47647,1989-05-01,I,-0.2963947,0.0000183
47648,1989-05-02,I,-0.2989186,0.0000247
47649,1989-05-03,I,-0.3014823,0.0000202
47650,1989-05-04,I,-0.3039179,0.0000202
47651,1989-05-05,I,-0.3060813,0.0000154
47652,1989-05-06,I,-0.3079029,0.0000173
47653,1989-05-07,I,-0.3094084,0.0000230
47654,1989-05-08,I,-0.3106996,0.0000229
47655,1989-05-09,I,-0.3119116,0.0000227
47656,1989-05-10,I,-0.3131666,0.0000177
47657,1989-05-11,I,-0.3145445,0.0000232
47658,1989-05-12,I,-0.3160782,0.0000273
47659,1989-05-13,I,-0.3177621,0.0000348
47660,1989-05-14,I,-0.3195647,0.0000374
47661,1989-05-15,I,-0.3214363,0.0000359
47662,1989-05-16,I,-0.3233196,0.0000337
47663,1989-05-17,I,-0.3251571,0.0000451
47664,1989-05-18,I,-0.3269014,0.0000471
47665,1989-05-19,I,-0.3285192,0.0000409
47666,1989-05-20,I,-0.3299942,0.0000337
47667,1989-05-21,I,-0.3313368,0.0000289
47668,1989-05-22,I,-0.3325832,0.0000281
47669,1989-05-23,I,-0.3337945,0.0000281
47670,1989-05-24,I,-0.3350515,0.0000134
47671,1989-05-25,I,-0.3364376,0.0000146
47672,1989-05-26,I,-0.3380276,0.0000158
47673,1989-05-27,I,-0.3398757,0.0000272
47674,1989-05-28,I,-0.3419885,0.0000323
47675,1989-05-29,I,-0.3443113,0.0000379
47676,1989-05-30,I,-0.3467271,0.0000299
47677,1989-05-31,I,-0.3490799,0.0000271
47678,1989-06-01,I,-0.3512164,0.0000369
47679,1989-06-02,I,-0.3530292,0.0000287
47680,1989-06-03,I,-0.3544885,0.0000535
47681,1989-06-04,I,-0.3556479,0.0000469
47682,1989-06-05,I,-0.3566198,0.0000467
47683,1989-06-06,I,-0.3575406,0.0000722
47684,1989-06-07,I,-0.3585321,0.0000709
47685,1989-06-08,I,-0.3596685,0.0000655
47686,1989-06-09,I,-0.3609657,0.0000462
47687,1989-06-10,I,-0.3624006,0.0000417
47688,1989-06-11,I,-0.3639254,0.0000479
47689,1989-06-12,I,-0.3654801,0.0000326
47690,1989-06-13,I,-0.3669911,0.0000345
47691,1989-06-14,I,-0.3683952,0.0000314
47692,1989-06-15,I,-0.3696435,0.0000155
47693,1989-06-16,I,-0.3707053,0.0000288
47694,1989-06-17,I,-0.3715743,0.0000284
47695,1989-06-18,I,-0.3722738,0.0000277
47696,1989-06-19,I,-0.3728655,0.0000247
47697,1989-06-20,I,-0.3734413,0.0000228
47698,1989-06-21,I,-0.3741075,0.0000318
47699,1989-06-22,I,-0.3749631,0.0000247
47700,1989-06-23,I,-0.3760711,0.0000388
47701,1989-06-24,I,-0.3774292,0.0000368
47702,1989-06-25,I,-0.3789744,0.0000332
47703,1989-06-26,I,-0.3805941,0.0000395
47704,1989-06-27,I,-0.3821463,0.0000451
47705,1989-06-28,I,-0.3834928,0.0000450
47706,1989-06-29,I,-0.3845465,0.0000232
47707,1989-06-30,I,-0.3852834,0.0000267
47708,1989-07-01,I,-0.3857487,0.0000268
47709,1989-07-02,I,-0.3860450,0.0000280
47710,1989-07-03,I,-0.3863009,0.0000253
47711,1989-07-04,I,-0.3866416,0.0000241
47712,1989-07-05,I,-0.3871546,0.0000309
47713,1989-07-06,I,-0.3878747,0.0000339
47714,1989-07-07,I,-0.3887914,0.0000244
47715,1989-07-08,I,-0.3898604,0.0000242
47716,1989-07-09,I,-0.3910151,0.0000244
47717,1989-07-10,I,-0.3921757,0.0000266
47718,1989-07-11,I,-0.3932722,0.0000291
47719,1989-07-12,I,-0.3942669,0.0000300
47720,1989-07-13,I,-0.3951416,0.0000342
47721,1989-07-14,I,-0.3959008,0.0000611
47722,1989-07-15,I,-0.3965763,0.0000594
47723,1989-07-16,I,-0.3972135,0.0000504
47724,1989-07-17,I,-0.3978628,0.0000511
47725,1989-07-18,I,-0.3985897,0.0000502
47726,1989-07-19,I,-0.3994865,0.0000460
47727,1989-07-20,I,-0.4006310,0.0000303
47728,1989-07-21,I,-0.4020545,0.0000525
47729,1989-07-22,I,-0.4037197,0.0000637
47730,1989-07-23,I,-0.4055208,0.0000825
47731,1989-07-24,I,-0.4072988,0.0000681
47732,1989-07-25,I,-0.4089021,0.0000651
47733,1989-07-26,I,-0.4102402,0.0000707
47734,1989-07-27,I,-0.4112808,0.0000611
47735,1989-07-28,I,-0.4120472,0.0000542
47736,1989-07-29,I,-0.4126264,0.0000494
47737,1989-07-30,I,-0.4131275,0.0000450
47738,1989-07-31,I,-0.4136584,0.0000480
47739,1989-08-01,I,-0.4143102,0.0000463
47740,1989-08-02,I,-0.4151292,0.0000459
47741,1989-08-03,I,-0.4161154,0.0000237
47742,1989-08-04,I,-0.4172334,0.0000416
47743,1989-08-05,I,-0.4184299,0.0000478
47744,1989-08-06,I,-0.4196426,0.0000485
47745,1989-08-07,I,-0.4208167,0.0000544
47746,1989-08-08,I,-0.4219023,0.0000515
47747,1989-08-09,I,-0.4228632,0.0000511
47748,1989-08-10,I,-0.4236929,0.0000446
47749,1989-08-11,I,-0.4244021,0.0000444
47750,1989-08-12,I,-0.4250144,0.0000449
47751,1989-08-13,I,-0.4255955,0.0000389
47752,1989-08-14,I,-0.4262419,0.0000259
47753,1989-08-15,I,-0.4270639,0.0000381
47754,1989-08-16,I,-0.4281600,0.0000351
47755,1989-08-17,I,-0.4295845,0.0000351
47756,1989-08-18,I,-0.4313258,0.0000343
47757,1989-08-19,I,-0.4332933,0.0000361
47758,1989-08-20,I,-0.4353218,0.0000539
47759,1989-08-21,I,-0.4372287,0.0000545
47760,1989-08-22,I,-0.4388712,0.0000345
47761,1989-08-23,I,-0.4401855,0.0000255
47762,1989-08-24,I,-0.4411928,0.0000201
47763,1989-08-25,I,-0.4419764,0.0000141
47764,1989-08-26,I,-0.4426466,0.0000144
47765,1989-08-27,I,-0.4433117,0.0000138
47766,1989-08-28,I,-0.4440718,0.0000133
47767,1989-08-29,I,-0.4449967,0.0000181
47768,1989-08-30,I,-0.4461135,0.0000259
47769,1989-08-31,I,-0.4474090,0.0000277
47770,1989-09-01,I,-0.4488326,0.0000281
47771,1989-09-02,I,-0.4503104,0.0000326
47772,1989-09-03,I,-0.4517592,0.0000268
47773,1989-09-04,I,-0.4531034,0.0000287
47774,1989-09-05,I,-0.4542861,0.0000286
47775,1989-09-06,I,-0.4552793,0.0000289
47776,1989-09-07,I,-0.4560988,0.0000259
47777,1989-09-08,I,-0.4567912,0.0000223
47778,1989-09-09,I,-0.4574237,0.0000264
47779,1989-09-10,I,-0.4580759,0.0000264
47780,1989-09-11,I,-0.4588413,0.0000279
47781,1989-09-12,I,-0.4598142,0.0000277
47782,1989-09-13,I,-0.4610861,0.0000288
47783,1989-09-14,I,-0.4627008,0.0000291
47784,1989-09-15,I,-0.4646257,0.0000390
47785,1989-09-16,I,-0.4667494,0.0000416
47786,1989-09-17,I,-0.4688936,0.0000345
47787,1989-09-18,I,-0.4708799,0.0000287
47788,1989-09-19,I,-0.4725877,0.0000261
47789,1989-09-20,I,-0.4739864,0.0000239
47790,1989-09-21,I,-0.4751349,0.0000278
47791,1989-09-22,I,-0.4761491,0.0000516
47792,1989-09-23,I,-0.4771580,0.0000419
47793,1989-09-24,I,-0.4782659,0.0000482
47794,1989-09-25,I,-0.4795362,0.0000484
47795,1989-09-26,I,-0.4809976,0.0000502
47796,1989-09-27,I,-0.4826408,0.0000446
47797,1989-09-28,I,-0.4844230,0.0000201
47798,1989-09-29,I,-0.4862767,0.0000263
47799,1989-09-30,I,-0.4881223,0.0000263
47800,1989-10-01,I,-0.4898814,0.0000293
47801,1989-10-02,I,-0.4915025,0.0000185
47802,1989-10-03,I,-0.4929657,0.0000137
47803,1989-10-04,I,-0.4942776,0.0000178
47804,1989-10-05,I,-0.4954708,0.0000241
47805,1989-10-06,I,-0.4966012,0.0000195
47806,1989-10-07,I,-0.4977390,0.0000210
47807,1989-10-08,I,-0.4989679,0.0000186
47808,1989-10-09,I,-0.5003764,0.0000216
47809,1989-10-10,I,-0.5020430,0.0000198
47810,1989-10-11,I,-0.5040190,0.0000164
47811,1989-10-12,I,-0.5063092,0.0000164
47812,1989-10-13,I,-0.5088360,0.0000250
47813,1989-10-14,I,-0.5114535,0.0000271
47814,1989-10-15,I,-0.5139882,0.0000231
47815,1989-10-16,I,-0.5163023,0.0000217
47816,1989-10-17,I,-0.5183552,0.0000232
47817,1989-10-18,I,-0.5201807,0.0000229
47818,1989-10-19,I,-0.5218821,0.0000188
47819,1989-10-20,I,-0.5235875,0.0000170
47820,1989-10-21,I,-0.5253966,0.0000241
47821,1989-10-22,I,-0.5273690,0.0000235
47822,1989-10-23,I,-0.5295201,0.0000234
47823,1989-10-24,I,-0.5318237,0.0000245
47824,1989-10-25,I,-0.5342181,0.0000211
47825,1989-10-26,I,-0.5366175,0.0000179
47826,1989-10-27,I,-0.5389732,0.0000183
47827,1989-10-28,I,-0.5412707,0.0000133
47828,1989-10-29,I,-0.5434715,0.0000108
47829,1989-10-30,I,-0.5455347,0.0000118
47830,1989-10-31,I,-0.5474450,0.0000140
47831,1989-11-01,I,-0.5492116,0.0000157
47832,1989-11-02,I,-0.5508622,0.0000171
47833,1989-11-03,I,-0.5524428,0.0000202
47834,1989-11-04,I,-0.5540217,0.0000237
47835,1989-11-05,I,-0.5556885,0.0000332
47836,1989-11-06,I,-0.5575408,0.0000310
47837,1989-11-07,I,-0.5596524,0.0000268
47838,1989-11-08,I,-0.5620482,0.0000342
47839,1989-11-09,I,-0.5646954,0.0000342
47840,1989-11-10,I,-0.5674907,0.0000376
47841,1989-11-11,I,-0.5702703,0.0000323
47842,1989-11-12,I,-0.5728730,0.0000248
47843,1989-11-13,I,-0.5751947,0.0000275
47844,1989-11-14,I,-0.5772224,0.0000265
47845,1989-11-15,I,-0.5790283,0.0000227
47846,1989-11-16,I,-0.5807437,0.0000201
47847,1989-11-17,I,-0.5825050,0.0000148
47848,1989-11-18,I,-0.5844129,0.0000145
47849,1989-11-19,I,-0.5865157,0.0000144
47850,1989-11-20,I,-0.5888078,0.0000145
47851,1989-11-21,I,-0.5912498,0.0000153
47852,1989-11-22,I,-0.5937826,0.0000148
47853,1989-11-23,I,-0.5963429,0.0000192
47854,1989-11-24,I,-0.5988717,0.0000189
47855,1989-11-25,I,-0.6013194,0.0000192
47856,1989-11-26,I,-0.6036329,0.0000206
47857,1989-11-27,I,-0.6057728,0.0000171
47858,1989-11-28,I,-0.6077485,0.0000215
47859,1989-11-29,I,-0.6095996,0.0000219
47860,1989-11-30,I,-0.6113828,0.0000266
47861,1989-12-01,I,-0.6131596,0.0000269
47862,1989-12-02,I,-0.6149960,0.0000224
47863,1989-12-03,I,-0.6169522,0.0000233
47864,1989-12-04,I,-0.6190704,0.0000340
47865,1989-12-05,I,-0.6213625,0.0000424
47866,1989-12-06,I,-0.6238147,0.0000513
47867,1989-12-07,I,-0.6263694,0.0000533
47868,1989-12-08,I,-0.6289230,0.0001537
47869,1989-12-09,I,-0.6313513,0.0001982
47870,1989-12-10,I,-0.6335460,0.0000265
47871,1989-12-11,I,-0.6354566,0.0000226
47872,1989-12-12,I,-0.6371141,0.0000169
47873,1989-12-13,I,-0.6386168,0.0000140
47874,1989-12-14,I,-0.6400927,0.0000062
47875,1989-12-15,I,-0.6416503,0.0000077
47876,1989-12-16,I,-0.6433649,0.0000088
47877,1989-12-17,I,-0.6452577,0.0000114
47878,1989-12-18,I,-0.6473040,0.0000118
47879,1989-12-19,I,-0.6494535,0.0000124
47880,1989-12-20,I,-0.6516454,0.0000121
47881,1989-12-21,I,-0.6538100,0.0000112
47882,1989-12-22,I,-0.6558848,0.0000114
47883,1989-12-23,I,-0.6578201,0.0000130
47884,1989-12-24,I,-0.6595778,0.0000171
47885,1989-12-25,I,-0.6611469,0.0000168
47886,1989-12-26,I,-0.6625538,0.0000126
47887,1989-12-27,I,-0.6638512,0.0000157
47888,1989-12-28,I,-0.6651098,0.0000134
47889,1989-12-29,I,-0.6664093,0.0000158
47890,1989-12-30,I,-0.6678277,0.0000158
47891,1989-12-31,I,-0.6694346,0.0000127
47892,1990-01-01,I,0.3287299,0.0000150
47893,1990-01-02,I,0.3266755,0.0000168
47894,1990-01-03,I,0.3244612,0.0000188
47895,1990-01-04,I,0.3221827,0.0000211
47896,1990-01-05,I,0.3199666,0.0000182
47897,1990-01-06,I,0.3179327,0.0000180
47898,1990-01-07,I,0.3161554,0.0000203
47899,1990-01-08,I,0.3146479,0.0000201
47900,1990-01-09,I,0.3133590,0.0000185
47901,1990-01-10,I,0.3121743,0.0000163
47902,1990-01-11,I,0.3109595,0.0000131
47903,1990-01-12,I,0.3096018,0.0000146
47904,1990-01-13,I,0.3080388,0.0000147
47905,1990-01-14,I,0.3062707,0.0000156
47906,1990-01-15,I,0.3043627,0.0000138
47907,1990-01-16,I,0.3024028,0.0000183
47908,1990-01-17,I,0.3004731,0.0000241
47909,1990-01-18,I,0.2986380,0.0000231
47910,1990-01-19,I,0.2969392,0.0000230
47911,1990-01-20,I,0.2953849,0.0000195
47912,1990-01-21,I,0.2939698,0.0000165
47913,1990-01-22,I,0.2926678,0.0000195
47914,1990-01-23,I,0.2914283,0.0000122
47915,1990-01-24,I,0.2901819,0.0000147
47916,1990-01-25,I,0.2888420,0.0000146
47917,1990-01-26,I,0.2873146,0.0000152
47918,1990-01-27,I,0.2855226,0.0000226
47919,1990-01-28,I,0.2834268,0.0000253
47920,1990-01-29,I,0.2810372,0.0000249
47921,1990-01-30,I,0.2784068,0.0000264
47922,1990-01-31,I,0.2756331,0.0000357
47923,1990-02-01,I,0.2728622,0.0000512
47924,1990-02-02,I,0.2702280,0.0000516
47925,1990-02-03,I,0.2678168,0.0000547
47926,1990-02-04,I,0.2656382,0.0000490
47927,1990-02-05,I,0.2636275,0.0000440
47928,1990-02-06,I,0.2616782,0.0000363
47929,1990-02-07,I,0.2596732,0.0000395
47930,1990-02-08,I,0.2575205,0.0000389
47931,1990-02-09,I,0.2551654,0.0000365
47932,1990-02-10,I,0.2526112,0.0000291
47933,1990-02-11,I,0.2499077,0.0000263
47934,1990-02-12,I,0.2471273,0.0000258
47935,1990-02-13,I,0.2443503,0.0000233
47936,1990-02-14,I,0.2416508,0.0000218
47937,1990-02-15,I,0.2390857,0.0000205
47938,1990-02-16,I,0.2366892,0.0000205
47939,1990-02-17,I,0.2344671,0.0000291
47940,1990-02-18,I,0.2324190,0.0000271
47941,1990-02-19,I,0.2305295,0.0000269
47942,1990-02-20,I,0.2287768,0.0000227
47943,1990-02-21,I,0.2271069,0.0000269
47944,1990-02-22,I,0.2254056,0.0000344
47945,1990-02-23,I,0.2235538,0.0000395
47946,1990-02-24,I,0.2214677,0.0000357
47947,1990-02-25,I,0.2191119,0.0000337
47948,1990-02-26,I,0.2165203,0.0000492
47949,1990-02-27,I,0.2137950,0.0000491
47950,1990-02-28,I,0.2110790,0.0000326
47951,1990-03-01,I,0.2085275,0.0000252
47952,1990-03-02,I,0.2062450,0.0000262
47953,1990-03-03,I,0.2042473,0.0000280
47954,1990-03-04,I,0.2024744,0.0000287
47955,1990-03-05,I,0.2008204,0.0000278
47956,1990-03-06,I,0.1991629,0.0000262
47957,1990-03-07,I,0.1973892,0.0000283
47958,1990-03-08,I,0.1954224,0.0000293
47959,1990-03-09,I,0.1932302,0.0000289
47960,1990-03-10,I,0.1908252,0.0000282
47961,1990-03-11,I,0.1882804,0.0000293
47962,1990-03-12,I,0.1856908,0.0000333
47963,1990-03-13,I,0.1831488,0.0000476
47964,1990-03-14,I,0.1807307,0.0000552
47965,1990-03-15,I,0.1784817,0.0000558
47966,1990-03-16,I,0.1763881,0.0000498
47967,1990-03-17,I,0.1744136,0.0000498
47968,1990-03-18,I,0.1725138,0.0000561
47969,1990-03-19,I,0.1706279,0.0000500
47970,1990-03-20,I,0.1686844,0.0000206
47971,1990-03-21,I,0.1666143,0.0000200
47972,1990-03-22,I,0.1643506,0.0000172
47973,1990-03-23,I,0.1618382,0.0000165
47974,1990-03-24,I,0.1590458,0.0000158
47975,1990-03-25,I,0.1559830,0.0000124
47976,1990-03-26,I,0.1527418,0.0000114
47977,1990-03-27,I,0.1494752,0.0000138
47978,1990-03-28,I,0.1463557,0.0000132
47979,1990-03-29,I,0.1435257,0.0000133
47980,1990-03-30,I,0.1410556,0.0000189
47981,1990-03-31,I,0.1388943,0.0000176
47982,1990-04-01,I,0.1369228,0.0000190
47983,1990-04-02,I,0.1350002,0.0000269
47984,1990-04-03,I,0.1329978,0.0000270
47985,1990-04-04,I,0.1308293,0.0000270
47986,1990-04-05,I,0.1284821,0.0000210
47987,1990-04-06,I,0.1259920,0.0000180
47988,1990-04-07,I,0.1234035,0.0000254
47989,1990-04-08,I,0.1207725,0.0000266
47990,1990-04-09,I,0.1181634,0.0000214
47991,1990-04-10,I,0.1156414,0.0000186
47992,1990-04-11,I,0.1132566,0.0000123
47993,1990-04-12,I,0.1110349,0.0000146
47994,1990-04-13,I,0.1089757,0.0000132
47995,1990-04-14,I,0.1070634,0.0000211
47996,1990-04-15,I,0.1052598,0.0000205
47997,1990-04-16,I,0.1034993,0.0000173
47998,1990-04-17,I,0.1017055,0.0000209
47999,1990-04-18,I,0.0997972,0.0000213
48000,1990-04-19,I,0.0976858,0.0000213
48001,1990-04-20,I,0.0953157,0.0000191
48002,1990-04-21,I,0.0926757,0.0000146
48003,1990-04-22,I,0.0898164,0.0000157
48004,1990-04-23,I,0.0868525,0.0000172
48005,1990-04-24,I,0.0839438,0.0000185
48006,1990-04-25,I,0.0812443,0.0000175
48007,1990-04-26,I,0.0788675,0.0000207
48008,1990-04-27,I,0.0768409,0.0000261
48009,1990-04-28,I,0.0751001,0.0000308
48010,1990-04-29,I,0.0735384,0.0000300
48011,1990-04-30,I,0.0720096,0.0000268
48012,1990-05-01,I,0.0703872,0.0000263
48013,1990-05-02,I,0.0686030,0.0000282
48014,1990-05-03,I,0.0666480,0.0000295
48015,1990-05-04,I,0.0645590,0.0000230
48016,1990-05-05,I,0.0623985,0.0000210
48017,1990-05-06,I,0.0602422,0.0000229
48018,1990-05-07,I,0.0581609,0.0000282
48019,1990-05-08,I,0.0562105,0.0000255
48020,1990-05-09,I,0.0544221,0.0000222
48021,1990-05-10,I,0.0527826,0.0000204
48022,1990-05-11,I,0.0512668,0.0000202
48023,1990-05-12,I,0.0498338,0.0000222
48024,1990-05-13,I,0.0484244,0.0000236
48025,1990-05-14,I,0.0469688,0.0000253
48026,1990-05-15,I,0.0453861,0.0000230
48027,1990-05-16,I,0.0436049,0.0000263
48028,1990-05-17,I,0.0415965,0.0000304
48029,1990-05-18,I,0.0393498,0.0000313
48030,1990-05-19,I,0.0368903,0.0000268
48031,1990-05-20,I,0.0342836,0.0000262
48032,1990-05-21,I,0.0316328,0.0000193
48033,1990-05-22,I,0.0290653,0.0000155
48034,1990-05-23,I,0.0266965,0.0000157
48035,1990-05-24,I,0.0246069,0.0000149
48036,1990-05-25,I,0.0228081,0.0000143
48037,1990-05-26,I,0.0212166,0.0000120
48038,1990-05-27,I,0.0196804,0.0000114
48039,1990-05-28,I,0.0180611,0.0000305
48040,1990-05-29,I,0.0162813,0.0000512
48041,1990-05-30,I,0.0143374,0.0000451
48042,1990-05-31,I,0.0122766,0.0000384
48043,1990-06-01,I,0.0101690,0.0000510
48044,1990-06-02,I,0.0080890,0.0000499
48045,1990-06-03,I,0.0061014,0.0000366
48046,1990-06-04,I,0.0042559,0.0000155
48047,1990-06-05,I,0.0025887,0.0000143
48048,1990-06-06,I,0.0011131,0.0000141
48049,1990-06-07,I,-0.0001929,0.0000162
48050,1990-06-08,I,-0.0013779,0.0000184
48051,1990-06-09,I,-0.0025105,0.0000153
48052,1990-06-10,I,-0.0036700,0.0000151
48053,1990-06-11,I,-0.0049304,0.0000177
48054,1990-06-12,I,-0.0063454,0.0000178
48055,1990-06-13,I,-0.0079399,0.0000183
48056,1990-06-14,I,-0.0097238,0.0000164
48057,1990-06-15,I,-0.0116874,0.0000138
48058,1990-06-16,I,-0.0137844,0.0000189
48059,1990-06-17,I,-0.0159328,0.0000226
48060,1990-06-18,I,-0.0180254,0.0000252
48061,1990-06-19,I,-0.0199602,0.0000273
48062,1990-06-20,I,-0.0216762,0.0000244
48063,1990-06-21,I,-0.0231643,0.0000335
48064,1990-06-22,I,-0.0244731,0.0000338
48065,1990-06-23,I,-0.0256936,0.0000298
48066,1990-06-24,I,-0.0269587,0.0000273
48067,1990-06-25,I,-0.0283702,0.0000204
48068,1990-06-26,I,-0.0299604,0.0000298
48069,1990-06-27,I,-0.0316925,0.0000288
48070,1990-06-28,I,-0.0334874,0.0000298
48071,1990-06-29,I,-0.0352726,0.0000281
48072,1990-06-30,I,-0.0369906,0.0000301
48073,1990-07-01,I,-0.0386068,0.0000355
48074,1990-07-02,I,-0.0400881,0.0000293
48075,1990-07-03,I,-0.0414022,0.0000336
48076,1990-07-04,I,-0.0425616,0.0000299
48077,1990-07-05,I,-0.0435896,0.0000260
48078,1990-07-06,I,-0.0445233,0.0000359
48079,1990-07-07,I,-0.0454115,0.0000312
48080,1990-07-08,I,-0.0463011,0.0000320
48081,1990-07-09,I,-0.0472682,0.0000278
48082,1990-07-10,I,-0.0483881,0.0000298
48083,1990-07-11,I,-0.0497046,0.0000371
48084,1990-07-12,I,-0.0512119,0.0000327
48085,1990-07-13,I,-0.0528489,0.0000324
48086,1990-07-14,I,-0.0545337,0.0000320
48087,1990-07-15,I,-0.0561593,0.0000287
48088,1990-07-16,I,-0.0576203,0.0000288
48089,1990-07-17,I,-0.0588413,0.0000409
48090,1990-07-18,I,-0.0597996,0.0000378
48091,1990-07-19,I,-0.0605401,0.0000358
48092,1990-07-20,I,-0.0611762,0.0000323
48093,1990-07-21,I,-0.0618514,0.0000367
48094,1990-07-22,I,-0.0626927,0.0000356
48095,1990-07-23,I,-0.0637696,0.0000252
48096,1990-07-24,I,-0.0650727,0.0000250
48097,1990-07-25,I,-0.0665325,0.0000211
48098,1990-07-26,I,-0.0680598,0.0000246
48099,1990-07-27,I,-0.0695760,0.0000320
48100,1990-07-28,I,-0.0710357,0.0000342
48101,1990-07-29,I,-0.0723997,0.0000365
48102,1990-07-30,I,-0.0736414,0.0000320
48103,1990-07-31,I,-0.0747510,0.0000446
48104,1990-08-01,I,-0.0757310,0.0000437
48105,1990-08-02,I,-0.0765954,0.0000356
48106,1990-08-03,I,-0.0774086,0.0000375
48107,1990-08-04,I,-0.0782605,0.0000373
48108,1990-08-05,I,-0.0792382,0.0000308
48109,1990-08-06,I,-0.0804167,0.0000378
48110,1990-08-07,I,-0.0818421,0.0000444
48111,1990-08-08,I,-0.0835193,0.0000461
48112,1990-08-09,I,-0.0854070,0.0000333
48113,1990-08-10,I,-0.0874187,0.0000430
48114,1990-08-11,I,-0.0894445,0.0000411
48115,1990-08-12,I,-0.0913725,0.0000428
48116,1990-08-13,I,-0.0931194,0.0000396
48117,1990-08-14,I,-0.0946455,0.0000288
48118,1990-08-15,I,-0.0959732,0.0000340
48119,1990-08-16,I,-0.0971907,0.0000217
48120,1990-08-17,I,-0.0984181,0.0000298
48121,1990-08-18,I,-0.0997780,0.0000123
48122,1990-08-19,I,-0.1013560,0.0000137
48123,1990-08-20,I,-0.1031780,0.0000172
48124,1990-08-21,I,-0.1052071,0.0000173
48125,1990-08-22,I,-0.1073609,0.0000173
48126,1990-08-23,I,-0.1095377,0.0000143
48127,1990-08-24,I,-0.1116487,0.0000140
48128,1990-08-25,I,-0.1136207,0.0000327
48129,1990-08-26,I,-0.1154098,0.0000271
48130,1990-08-27,I,-0.1170033,0.0000267
48131,1990-08-28,I,-0.1184179,0.0000235
48132,1990-08-29,I,-0.1196906,0.0000163
48133,1990-08-30,I,-0.1208751,0.0000162
48134,1990-08-31,I,-0.1220434,0.0000191
48135,1990-09-01,I,-0.1232742,0.0000204
48136,1990-09-02,I,-0.1246539,0.0000273
48137,1990-09-03,I,-0.1262568,0.0000247
48138,1990-09-04,I,-0.1281251,0.0000338
48139,1990-09-05,I,-0.1302544,0.0000338
48140,1990-09-06,I,-0.1325801,0.0000294
48141,1990-09-07,I,-0.1349674,0.0000302
48142,1990-09-08,I,-0.1372637,0.0000260
48143,1990-09-09,I,-0.1393470,0.0000209
48144,1990-09-10,I,-0.1411555,0.0000242
48145,1990-09-11,I,-0.1427028,0.0000275
48146,1990-09-12,I,-0.1440895,0.0000307
48147,1990-09-13,I,-0.1454603,0.0000295
48148,1990-09-14,I,-0.1469478,0.0000312
48149,1990-09-15,I,-0.1486457,0.0000352
48150,1990-09-16,I,-0.1505908,0.0000334
48151,1990-09-17,I,-0.1527567,0.0000296
48152,1990-09-18,I,-0.1550745,0.0000303
48153,1990-09-19,I,-0.1574511,0.0000342
48154,1990-09-20,I,-0.1597918,0.0000357
48155,1990-09-21,I,-0.1620186,0.0000412
48156,1990-09-22,I,-0.1640808,0.0000294
48157,1990-09-23,I,-0.1659684,0.0000169
48158,1990-09-24,I,-0.1677029,0.0000196
48159,1990-09-25,I,-0.1693274,0.0000154
48160,1990-09-26,I,-0.1708998,0.0000166
48161,1990-09-27,I,-0.1724864,0.0000149
48162,1990-09-28,I,-0.1741597,0.0000195
48163,1990-09-29,I,-0.1759905,0.0000254
48164,1990-09-30,I,-0.1780385,0.0000264
48165,1990-10-01,I,-0.1803368,0.0000263
48166,1990-10-02,I,-0.1828734,0.0000270
48167,1990-10-03,I,-0.1855895,0.0000216
48168,1990-10-04,I,-0.1883780,0.0000188
48169,1990-10-05,I,-0.1911078,0.0000185
48170,1990-10-06,I,-0.1936561,0.0000214
48171,1990-10-07,I,-0.1959435,0.0000192
48172,1990-10-08,I,-0.1979658,0.0000291
48173,1990-10-09,I,-0.1997935,0.0000369
48174,1990-10-10,I,-0.2015404,0.0000426
48175,1990-10-11,I,-0.2033257,0.0000458
48176,1990-10-12,I,-0.2052441,0.0000402
48177,1990-10-13,I,-0.2073366,0.0000332
48178,1990-10-14,I,-0.2095896,0.0000226
48179,1990-10-15,I,-0.2119499,0.0000195
48180,1990-10-16,I,-0.2143460,0.0000200
48181,1990-10-17,I,-0.2167072,0.0000127
48182,1990-10-18,I,-0.2189730,0.0000128
48183,1990-10-19,I,-0.2211017,0.0000163
48184,1990-10-20,I,-0.2230769,0.0000198
48185,1990-10-21,I,-0.2248977,0.0000214
48186,1990-10-22,I,-0.2266028,0.0000194
48187,1990-10-23,I,-0.2282592,0.0000159
48188,1990-10-24,I,-0.2299413,0.0000165
48189,1990-10-25,I,-0.2317097,0.0000277
48190,1990-10-26,I,-0.2336164,0.0000316
48191,1990-10-27,I,-0.2357095,0.0000291
48192,1990-10-28,I,-0.2380376,0.0000256
48193,1990-10-29,I,-0.2406245,0.0000319
48194,1990-10-30,I,-0.2434467,0.0000346
48195,1990-10-31,I,-0.2464239,0.0000272
48196,1990-11-01,I,-0.2494281,0.0000150
48197,1990-11-02,I,-0.2523127,0.0000157
48198,1990-11-03,I,-0.2549484,0.0000197
48199,1990-11-04,I,-0.2572657,0.0000213
48200,1990-11-05,I,-0.2592841,0.0000212
48201,1990-11-06,I,-0.2611312,0.0000300
48202,1990-11-07,I,-0.2629783,0.0000264
48203,1990-11-08,I,-0.2649711,0.0000306
48204,1990-11-09,I,-0.2671853,0.0000306
48205,1990-11-10,I,-0.2696192,0.0000306
48206,1990-11-11,I,-0.2722039,0.0000278
48207,1990-11-12,I,-0.2748479,0.0000154
48208,1990-11-13,I,-0.2774593,0.0000108
48209,1990-11-14,I,-0.2799595,0.0000107
48210,1990-11-15,I,-0.2822923,0.0000126
48211,1990-11-16,I,-0.2844325,0.0000145
48212,1990-11-17,I,-0.2863825,0.0000161
48213,1990-11-18,I,-0.2881696,0.0000209
48214,1990-11-19,I,-0.2898456,0.0000224
48215,1990-11-20,I,-0.2914947,0.0000221
48216,1990-11-21,I,-0.2931951,0.0000197
48217,1990-11-22,I,-0.2950083,0.0000200
48218,1990-11-23,I,-0.2969842,0.0000204
48219,1990-11-24,I,-0.2991571,0.0000154
48220,1990-11-25,I,-0.3015423,0.0000174
48221,1990-11-26,I,-0.3041284,0.0000211
48222,1990-11-27,I,-0.3068688,0.0000188
48223,1990-11-28,I,-0.3096809,0.0000193
48224,1990-11-29,I,-0.3124648,0.0000199
48225,1990-11-30,I,-0.3151201,0.0000199
48226,1990-12-01,I,-0.3175747,0.0000233
48227,1990-12-02,I,-0.3198120,0.0000119
48228,1990-12-03,I,-0.3218909,0.0000171
48229,1990-12-04,I,-0.3239249,0.0000188
48230,1990-12-05,I,-0.3260323,0.0000165
48231,1990-12-06,I,-0.3282918,0.0000169
48232,1990-12-07,I,-0.3307156,0.0000140
48233,1990-12-08,I,-0.3332567,0.0000173
48234,1990-12-09,I,-0.3358323,0.0000160
48235,1990-12-10,I,-0.3383512,0.0000168
48236,1990-12-11,I,-0.3407208,0.0000153
48237,1990-12-12,I,-0.3428735,0.0000116
48238,1990-12-13,I,-0.3447925,0.0000127
48239,1990-12-14,I,-0.3465003,0.0000125
48240,1990-12-15,I,-0.3480446,0.0000174
48241,1990-12-16,I,-0.3494824,0.0000149
48242,1990-12-17,I,-0.3508740,0.0000128
48243,1990-12-18,I,-0.3522861,0.0000163
48244,1990-12-19,I,-0.3537879,0.0000171
48245,1990-12-20,I,-0.3554536,0.0000222
48246,1990-12-21,I,-0.3573212,0.0000227
48247,1990-12-22,I,-0.3593976,0.0000191
48248,1990-12-23,I,-0.3616644,0.0000452
48249,1990-12-24,I,-0.3640766,0.0000430
48250,1990-12-25,I,-0.3665691,0.0000454
48251,1990-12-26,I,-0.3690611,0.0000322
48252,1990-12-27,I,-0.3714658,0.0000237
48253,1990-12-28,I,-0.3737111,0.0000272
48254,1990-12-29,I,-0.3757593,0.0000285
48255,1990-12-30,I,-0.3776373,0.0000286
48256,1990-12-31,I,-0.3794432,0.0000234
48257,1991-01-01,I,0.6186873,0.0000170
48258,1991-01-02,I,0.6166345,0.0000190
48259,1991-01-03,I,0.6143393,0.0000125
48260,1991-01-04,I,0.6118200,0.0000292
48261,1991-01-05,I,0.6091597,0.0000235
48262,1991-01-06,I,0.6064680,0.0000191
48263,1991-01-07,I,0.6038412,0.0000310
48264,1991-01-08,I,0.6013486,0.0000315
48265,1991-01-09,I,0.5990349,0.0000315
48266,1991-01-10,I,0.5969015,0.0000334
48267,1991-01-11,I,0.5949227,0.0000258
48268,1991-01-12,I,0.5930593,0.0000386
48269,1991-01-13,I,0.5912641,0.0000294
48270,1991-01-14,I,0.5894847,0.0000267
48271,1991-01-15,I,0.5876603,0.0000230
48272,1991-01-16,I,0.5857348,0.0000107
48273,1991-01-17,I,0.5836705,0.0000136
48274,1991-01-18,I,0.5814590,0.0000151
48275,1991-01-19,I,0.5791200,0.0000227
48276,1991-01-20,I,0.5766870,0.0000221
48277,1991-01-21,I,0.5742108,0.0000193
48278,1991-01-22,I,0.5717582,0.0000240
48279,1991-01-23,I,0.5693941,0.0000253
48280,1991-01-24,I,0.5671710,0.0000246
48281,1991-01-25,I,0.5651295,0.0000210
48282,1991-01-26,I,0.5632577,0.0000191
48283,1991-01-27,I,0.5614832,0.0000241
48284,1991-01-28,I,0.5596912,0.0000189
48285,1991-01-29,I,0.5577626,0.0000164
48286,1991-01-30,I,0.5556160,0.0000184
48287,1991-01-31,I,0.5532320,0.0000127
48288,1991-02-01,I,0.5506604,0.0000157
48289,1991-02-02,I,0.5479937,0.0000150
48290,1991-02-03,I,0.5453384,0.0000152
48291,1991-02-04,I,0.5427988,0.0000205
48292,1991-02-05,I,0.5404409,0.0000177
48293,1991-02-06,I,0.5382868,0.0000198
48294,1991-02-07,I,0.5363129,0.0000205
48295,1991-02-08,I,0.5344753,0.0000215
48296,1991-02-09,I,0.5327192,0.0000155
48297,1991-02-10,I,0.5309754,0.0000111
48298,1991-02-11,I,0.5291720,0.0000090
48299,1991-02-12,I,0.5272449,0.0000085
48300,1991-02-13,I,0.5251484,0.0000083
48301,1991-02-14,I,0.5228605,0.0000078
48302,1991-02-15,I,0.5203802,0.0000118
48303,1991-02-16,I,0.5177536,0.0000149
48304,1991-02-17,I,0.5150635,0.0000214
48305,1991-02-18,I,0.5124151,0.0000256
48306,1991-02-19,I,0.5098949,0.0000226
48307,1991-02-20,I,0.5075563,0.0000202
48308,1991-02-21,I,0.5054113,0.0000267
48309,1991-02-22,I,0.5034147,0.0000260
48310,1991-02-23,I,0.5014756,0.0000278
48311,1991-02-24,I,0.4995014,0.0000264
48312,1991-02-25,I,0.4973952,0.0000241
48313,1991-02-26,I,0.4950742,0.0000299
48314,1991-02-27,I,0.4924967,0.0000229
48315,1991-02-28,I,0.4896806,0.0000208
48316,1991-03-01,I,0.4867156,0.0000217
48317,1991-03-02,I,0.4837336,0.0000203
48318,1991-03-03,I,0.4808686,0.0000289
48319,1991-03-04,I,0.4782244,0.0000326
48320,1991-03-05,I,0.4758554,0.0000323
48321,1991-03-06,I,0.4737546,0.0000277
48322,1991-03-07,I,0.4718801,0.0000188
48323,1991-03-08,I,0.4701663,0.0000191
48324,1991-03-09,I,0.4685217,0.0000194
48325,1991-03-10,I,0.4668521,0.0000203
48326,1991-03-11,I,0.4650811,0.0000132
48327,1991-03-12,I,0.4631426,0.0000163
48328,1991-03-13,I,0.4609901,0.0000182
48329,1991-03-14,I,0.4586115,0.0000186
48330,1991-03-15,I,0.4560228,0.0000185
48331,1991-03-16,I,0.4532295,0.0000178
48332,1991-03-17,I,0.4503202,0.0000171
48333,1991-03-18,I,0.4474291,0.0000216
48334,1991-03-19,I,0.4446838,0.0000323
48335,1991-03-20,I,0.4421696,0.0000326
48336,1991-03-21,I,0.4398935,0.0000318
48337,1991-03-22,I,0.4377969,0.0000267
48338,1991-03-23,I,0.4357868,0.0000378
48339,1991-03-24,I,0.4337585,0.0000319
48340,1991-03-25,I,0.4316193,0.0000317
48341,1991-03-26,I,0.4292702,0.0000257
48342,1991-03-27,I,0.4266623,0.0000260
48343,1991-03-28,I,0.4238586,0.0000282
48344,1991-03-29,I,0.4209736,0.0000301
48345,1991-03-30,I,0.4181342,0.0000227
48346,1991-03-31,I,0.4154357,0.0000183
48347,1991-04-01,I,0.4129226,0.0000177
48348,1991-04-02,I,0.4106000,0.0000127
48349,1991-04-03,I,0.4084408,0.0000128
48350,1991-04-04,I,0.4064062,0.0000123
48351,1991-04-05,I,0.4044489,0.0000174
48352,1991-04-06,I,0.4025161,0.0000164
48353,1991-04-07,I,0.4005560,0.0000229
48354,1991-04-08,I,0.3985228,0.0000240
48355,1991-04-09,I,0.3963778,0.0000240
48356,1991-04-10,I,0.3940858,0.0000211
48357,1991-04-11,I,0.3916317,0.0000114
48358,1991-04-12,I,0.3890260,0.0000129
48359,1991-04-13,I,0.3863127,0.0000111
48360,1991-04-14,I,0.3835710,0.0000112
48361,1991-04-15,I,0.3809164,0.0000117
48362,1991-04-16,I,0.3784514,0.0000130
48363,1991-04-17,I,0.3762250,0.0000141
48364,1991-04-18,I,0.3742153,0.0000142
48365,1991-04-19,I,0.3723315,0.0000151
48366,1991-04-20,I,0.3704025,0.0000138
48367,1991-04-21,I,0.3683085,0.0000133
48368,1991-04-22,I,0.3659907,0.0000113
48369,1991-04-23,I,0.3634465,0.0000121
48370,1991-04-24,I,0.3607214,0.0000121
48371,1991-04-25,I,0.3578994,0.0000089
48372,1991-04-26,I,0.3550805,0.0000156
48373,1991-04-27,I,0.3523574,0.0000126
48374,1991-04-28,I,0.3497972,0.0000134
48375,1991-04-29,I,0.3474332,0.0000139
48376,1991-04-30,I,0.3452638,0.0000152
48377,1991-05-01,I,0.3432573,0.0000152
48378,1991-05-02,I,0.3413582,0.0000134
48379,1991-05-03,I,0.3395013,0.0000193
48380,1991-05-04,I,0.3376197,0.0000164
48381,1991-05-05,I,0.3356474,0.0000109
48382,1991-05-06,I,0.3335288,0.0000117
48383,1991-05-07,I,0.3312242,0.0000104
48384,1991-05-08,I,0.3287201,0.0000093
48385,1991-05-09,I,0.3260393,0.0000097
48386,1991-05-10,I,0.3232324,0.0000101
48387,1991-05-11,I,0.3203791,0.0000116
48388,1991-05-12,I,0.3175768,0.0000127
48389,1991-05-13,I,0.3149187,0.0000127
48390,1991-05-14,I,0.3124646,0.0000178
48391,1991-05-15,I,0.3102155,0.0000178
48392,1991-05-16,I,0.3081224,0.0000178
48393,1991-05-17,I,0.3060929,0.0000244
48394,1991-05-18,I,0.3040287,0.0000181
48395,1991-05-19,I,0.3018546,0.0000126
48396,1991-05-20,I,0.2995529,0.0000132
48397,1991-05-21,I,0.2971647,0.0000091
48398,1991-05-22,I,0.2947720,0.0000086
48399,1991-05-23,I,0.2924757,0.0000087
48400,1991-05-24,I,0.2903437,0.0000097
48401,1991-05-25,I,0.2884128,0.0000089
48402,1991-05-26,I,0.2866890,0.0000128
48403,1991-05-27,I,0.2851481,0.0000129
48404,1991-05-28,I,0.2837384,0.0000163
48405,1991-05-29,I,0.2823960,0.0000199
48406,1991-05-30,I,0.2810657,0.0000305
48407,1991-05-31,I,0.2796910,0.0000469
48408,1991-06-01,I,0.2782199,0.0000282
48409,1991-06-02,I,0.2766068,0.0000291
48410,1991-06-03,I,0.2748243,0.0000291
48411,1991-06-04,I,0.2728657,0.0000263
48412,1991-06-05,I,0.2707358,0.0000194
48413,1991-06-06,I,0.2684552,0.0000193
48414,1991-06-07,I,0.2660706,0.0000202
48415,1991-06-08,I,0.2636532,0.0000165
48416,1991-06-09,I,0.2612938,0.0000157
48417,1991-06-10,I,0.2590690,0.0000155
48418,1991-06-11,I,0.2570088,0.0000146
48419,1991-06-12,I,0.2550909,0.0000145
48420,1991-06-13,I,0.2532644,0.0000146
48421,1991-06-14,I,0.2514228,0.0000162
48422,1991-06-15,I,0.2494713,0.0000146
48423,1991-06-16,I,0.2473708,0.0000143
48424,1991-06-17,I,0.2451548,0.0000151
48425,1991-06-18,I,0.2429118,0.0000175
48426,1991-06-19,I,0.2407451,0.0000175
48427,1991-06-20,I,0.2387406,0.0000175
48428,1991-06-21,I,0.2369518,0.0000240
48429,1991-06-22,I,0.2353985,0.0000232
48430,1991-06-23,I,0.2340790,0.0000213
48431,1991-06-24,I,0.2329710,0.0000235
48432,1991-06-25,I,0.2320333,0.0000244
48433,1991-06-26,I,0.2312077,0.0000133
48434,1991-06-27,I,0.2304227,0.0000131
48435,1991-06-28,I,0.2296034,0.0000150
48436,1991-06-29,I,0.2286853,0.0000154
48437,1991-06-30,I,0.2276310,0.0000180
48438,1991-07-01,I,0.2264337,0.0000182
48439,1991-07-02,I,0.2251061,0.0000180
48440,1991-07-03,I,0.2236593,0.0000262
48441,1991-07-04,I,0.2221241,0.0000263
48442,1991-07-05,I,0.2205722,0.0000335
48443,1991-07-06,I,0.2190892,0.0000291
48444,1991-07-07,I,0.2177529,0.0000207
48445,1991-07-08,I,0.2166115,0.0000109
48446,1991-07-09,I,0.2156604,0.0000109
48447,1991-07-10,I,0.2148270,0.0000115
48448,1991-07-11,I,0.2139694,0.0000172
48449,1991-07-12,I,0.2129336,0.0000182
48450,1991-07-13,I,0.2116242,0.0000175
48451,1991-07-14,I,0.2100297,0.0000163
48452,1991-07-15,I,0.2082262,0.0000249
48453,1991-07-16,I,0.2063530,0.0000227
48454,1991-07-17,I,0.2045463,0.0000217
48455,1991-07-18,I,0.2028900,0.0000226
48456,1991-07-19,I,0.2014318,0.0000215
48457,1991-07-20,I,0.2001958,0.0000223
48458,1991-07-21,I,0.1991599,0.0000267
48459,1991-07-22,I,0.1982680,0.0000239
48460,1991-07-23,I,0.1974532,0.0000329
48461,1991-07-24,I,0.1966510,0.0000219
48462,1991-07-25,I,0.1958000,0.0000252
48463,1991-07-26,I,0.1948400,0.0000335
48464,1991-07-27,I,0.1937267,0.0000272
48465,1991-07-28,I,0.1924452,0.0000332
48466,1991-07-29,I,0.1910139,0.0000344
48467,1991-07-30,I,0.1894931,0.0000380
48468,1991-07-31,I,0.1879714,0.0000378
48469,1991-08-01,I,0.1865071,0.0000354
48470,1991-08-02,I,0.1851333,0.0000370
48471,1991-08-03,I,0.1838784,0.0000336
48472,1991-08-04,I,0.1827692,0.0000281
48473,1991-08-05,I,0.1818041,0.0000275
48474,1991-08-06,I,0.1809429,0.0000194
48475,1991-08-07,I,0.1800998,0.0000216
48476,1991-08-08,I,0.1791588,0.0000215
48477,1991-08-09,I,0.1779999,0.0000249
48478,1991-08-10,I,0.1765578,0.0000161
48479,1991-08-11,I,0.1748518,0.0000171
48480,1991-08-12,I,0.1729715,0.0000169
48481,1991-08-13,I,0.1710353,0.0000145
48482,1991-08-14,I,0.1691544,0.0000177
48483,1991-08-15,I,0.1674209,0.0000155
48484,1991-08-16,I,0.1658790,0.0000231
48485,1991-08-17,I,0.1645283,0.0000297
48486,1991-08-18,I,0.1633349,0.0000289
48487,1991-08-19,I,0.1622436,0.0000173
48488,1991-08-20,I,0.1611961,0.0000211
48489,1991-08-21,I,0.1601349,0.0000188
48490,1991-08-22,I,0.1590054,0.0000159
48491,1991-08-23,I,0.1577537,0.0000197
48492,1991-08-24,I,0.1563201,0.0000166
48493,1991-08-25,I,0.1546877,0.0000167
48494,1991-08-26,I,0.1528737,0.0000290
48495,1991-08-27,I,0.1509224,0.0000248
48496,1991-08-28,I,0.1488923,0.0000246
48497,1991-08-29,I,0.1468689,0.0000213
48498,1991-08-30,I,0.1449313,0.0000318
48499,1991-08-31,I,0.1431235,0.0000358
48500,1991-09-01,I,0.1414483,0.0000296
48501,1991-09-02,I,0.1398642,0.0000164
48502,1991-09-03,I,0.1382909,0.0000194
48503,1991-09-04,I,0.1366244,0.0000135
48504,1991-09-05,I,0.1347595,0.0000129
48505,1991-09-06,I,0.1326306,0.0000137
48506,1991-09-07,I,0.1302394,0.0000150
48507,1991-09-08,I,0.1276590,0.0000115
48508,1991-09-09,I,0.1249975,0.0000108
48509,1991-09-10,I,0.1223721,0.0000102
48510,1991-09-11,I,0.1198796,0.0000152
48511,1991-09-12,I,0.1175890,0.0000164
48512,1991-09-13,I,0.1155225,0.0000164
48513,1991-09-14,I,0.1136621,0.0000173
48514,1991-09-15,I,0.1119620,0.0000175
48515,1991-09-16,I,0.1103647,0.0000176
48516,1991-09-17,I,0.1088160,0.0000201
48517,1991-09-18,I,0.1072593,0.0000160
48518,1991-09-19,I,0.1056220,0.0000153
48519,1991-09-20,I,0.1038429,0.0000220
48520,1991-09-21,I,0.1018845,0.0000243
48521,1991-09-22,I,0.0997366,0.0000237
48522,1991-09-23,I,0.0974157,0.0000211
48523,1991-09-24,I,0.0949625,0.0000268
48524,1991-09-25,I,0.0924487,0.0000272
48525,1991-09-26,I,0.0899784,0.0000277
48526,1991-09-27,I,0.0876344,0.0000260
48527,1991-09-28,I,0.0854645,0.0000232
48528,1991-09-29,I,0.0834557,0.0000222
48529,1991-09-30,I,0.0815502,0.0000225
48530,1991-10-01,I,0.0796681,0.0000200
48531,1991-10-02,I,0.0777207,0.0000200
48532,1991-10-03,I,0.0756190,0.0000200
48533,1991-10-04,I,0.0733229,0.0000238
48534,1991-10-05,I,0.0708552,0.0000185
48535,1991-10-06,I,0.0682907,0.0000191
48536,1991-10-07,I,0.0657297,0.0000185
48537,1991-10-08,I,0.0632667,0.0000173
48538,1991-10-09,I,0.0609668,0.0000173
48539,1991-10-10,I,0.0588719,0.0000138
48540,1991-10-11,I,0.0569879,0.0000165
48541,1991-10-12,I,0.0552882,0.0000123
48542,1991-10-13,I,0.0537235,0.0000070
48543,1991-10-14,I,0.0522401,0.0000058
48544,1991-10-15,I,0.0507904,0.0000056
48545,1991-10-16,I,0.0493224,0.0000053
48546,1991-10-17,I,0.0477593,0.0000052
48547,1991-10-18,I,0.0460390,0.0000041
48548,1991-10-19,I,0.0441385,0.0000078
48549,1991-10-20,I,0.0420641,0.0000087
48550,1991-10-21,I,0.0398538,0.0000101
48551,1991-10-22,I,0.0375715,0.0000101
48552,1991-10-23,I,0.0352978,0.0000110
48553,1991-10-24,I,0.0331024,0.0000109
48554,1991-10-25,I,0.0310446,0.0000150
48555,1991-10-26,I,0.0291177,0.0000124
48556,1991-10-27,I,0.0272569,0.0000147
48557,1991-10-28,I,0.0253641,0.0000154
48558,1991-10-29,I,0.0233431,0.0000175
48559,1991-10-30,I,0.0211288,0.0000150
48560,1991-10-31,I,0.0187057,0.0000110
48561,1991-11-01,I,0.0160872,0.0000122
48562,1991-11-02,I,0.0133297,0.0000122
48563,1991-11-03,I,0.0105333,0.0000142
48564,1991-11-04,I,0.0078135,0.0000123
48565,1991-11-05,I,0.0052679,0.0000107
48566,1991-11-06,I,0.0029516,0.0000119
48567,1991-11-07,I,0.0008540,0.0000118
48568,1991-11-08,I,-0.0010755,0.0000146
48569,1991-11-09,I,-0.0029076,0.0000089
48570,1991-11-10,I,-0.0047103,0.0000066
48571,1991-11-11,I,-0.0065439,0.0000068
48572,1991-11-12,I,-0.0084584,0.0000053
48573,1991-11-13,I,-0.0104907,0.0000058
48574,1991-11-14,I,-0.0126622,0.0000090
48575,1991-11-15,I,-0.0149851,0.0000091
48576,1991-11-16,I,-0.0174530,0.0000090
48577,1991-11-17,I,-0.0200371,0.0000139
48578,1991-11-18,I,-0.0226747,0.0000135
48579,1991-11-19,I,-0.0252847,0.0000135
48580,1991-11-20,I,-0.0277885,0.0000136
48581,1991-11-21,I,-0.0301355,0.0000136
48582,1991-11-22,I,-0.0323002,0.0000176
48583,1991-11-23,I,-0.0343297,0.0000223
48584,1991-11-24,I,-0.0363352,0.0000232
48585,1991-11-25,I,-0.0384490,0.0000280
48586,1991-11-26,I,-0.0407792,0.0000344
48587,1991-11-27,I,-0.0433718,0.0000349
48588,1991-11-28,I,-0.0461809,0.0000336
48589,1991-11-29,I,-0.0491102,0.0000340
48590,1991-11-30,I,-0.0520528,0.0000223
48591,1991-12-01,I,-0.0549092,0.0000270
48592,1991-12-02,I,-0.0576043,0.0000136
48593,1991-12-03,I,-0.0600957,0.0000137
48594,1991-12-04,I,-0.0623817,0.0000137
48595,1991-12-05,I,-0.0644891,0.0000138
48596,1991-12-06,I,-0.0664703,0.0000130
48597,1991-12-07,I,-0.0683827,0.0000114
48598,1991-12-08,I,-0.0702903,0.0000073
48599,1991-12-09,I,-0.0722516,0.0000093
48600,1991-12-10,I,-0.0743130,0.0000084
48601,1991-12-11,I,-0.0765048,0.0000105
48602,1991-12-12,I,-0.0788346,0.0000122
48603,1991-12-13,I,-0.0812872,0.0000154
48604,1991-12-14,I,-0.0838333,0.0000185
48605,1991-12-15,I,-0.0864317,0.0000156
48606,1991-12-16,I,-0.0890322,0.0000133
48607,1991-12-17,I,-0.0915699,0.0000138
48608,1991-12-18,I,-0.0939843,0.0000125
48609,1991-12-19,I,-0.0962239,0.0000119
48610,1991-12-20,I,-0.0982662,0.0000114
48611,1991-12-21,I,-0.1001794,0.0000086
48612,1991-12-22,I,-0.1020941,0.0000106
48613,1991-12-23,I,-0.1041286,0.0000184
48614,1991-12-24,I,-0.1063544,0.0000132
48615,1991-12-25,I,-0.1087801,0.0000191
48616,1991-12-26,I,-0.1113499,0.0000317
48617,1991-12-27,I,-0.1139684,0.0000518
48618,1991-12-28,I,-0.1165351,0.0000351
48619,1991-12-29,I,-0.1189640,0.0000383
48620,1991-12-30,I,-0.1212098,0.0000378
48621,1991-12-31,I,-0.1232681,0.0000346
48622,1992-01-01,I,-0.1251659,0.0000207
48623,1992-01-02,I,-0.1269551,0.0000203
48624,1992-01-03,I,-0.1286996,0.0000200
48625,1992-01-04,I,-0.1304668,0.0000070
48626,1992-01-05,I,-0.1323166,0.0000063
48627,1992-01-06,I,-0.1342957,0.0000055
48628,1992-01-07,I,-0.1364324,0.0000061
48629,1992-01-08,I,-0.1387344,0.0000061
48630,1992-01-09,I,-0.1411861,0.0000063
48631,1992-01-10,I,-0.1437590,0.0000102
48632,1992-01-11,I,-0.1464111,0.0000085
48633,1992-01-12,I,-0.1490836,0.0000135
48634,1992-01-13,I,-0.1517124,0.0000141
48635,1992-01-14,I,-0.1542371,0.0000151
48636,1992-01-15,I,-0.1566178,0.0000145
48637,1992-01-16,I,-0.1588645,0.0000126
48638,1992-01-17,I,-0.1610304,0.0000147
48639,1992-01-18,I,-0.1632132,0.0000117
48640,1992-01-19,I,-0.1655376,0.0000086
48641,1992-01-20,I,-0.1681073,0.0000075
48642,1992-01-21,I,-0.1709648,0.0000076
48643,1992-01-22,I,-0.1740592,0.0000084
48644,1992-01-23,I,-0.1772490,0.0000084
48645,1992-01-24,I,-0.1803857,0.0000086
48646,1992-01-25,I,-0.1833489,0.0000112
48647,1992-01-26,I,-0.1860775,0.0000148
48648,1992-01-27,I,-0.1885657,0.0000148
48649,1992-01-28,I,-0.1908472,0.0000141
48650,1992-01-29,I,-0.1929856,0.0000143
48651,1992-01-30,I,-0.1950680,0.0000142
48652,1992-01-31,I,-0.1971564,0.0000189
48653,1992-02-01,I,-0.1993021,0.0000181
48654,1992-02-02,I,-0.2015417,0.0000089
48655,1992-02-03,I,-0.2038971,0.0000096
48656,1992-02-04,I,-0.2063706,0.0000106
48657,1992-02-05,I,-0.2089529,0.0000115
48658,1992-02-06,I,-0.2116447,0.0000119
48659,1992-02-07,I,-0.2144096,0.0000118
48660,1992-02-08,I,-0.2171890,0.0000092
48661,1992-02-09,I,-0.2199043,0.0000100
48662,1992-02-10,I,-0.2224926,0.0000108
48663,1992-02-11,I,-0.2249119,0.0000103
48664,1992-02-12,I,-0.2271526,0.0000080
48665,1992-02-13,I,-0.2292510,0.0000080
48666,1992-02-14,I,-0.2312855,0.0000100
48667,1992-02-15,I,-0.2333649,0.0000095
48668,1992-02-16,I,-0.2356063,0.0000153
48669,1992-02-17,I,-0.2380910,0.0000159
48670,1992-02-18,I,-0.2408320,0.0000134
48671,1992-02-19,I,-0.2437644,0.0000119
48672,1992-02-20,I,-0.2467653,0.0000117
48673,1992-02-21,I,-0.2496941,0.0000122
48674,1992-02-22,I,-0.2524464,0.0000146
48675,1992-02-23,I,-0.2549854,0.0000160
48676,1992-02-24,I,-0.2573213,0.0000159
48677,1992-02-25,I,-0.2594998,0.0000192
48678,1992-02-26,I,-0.2615761,0.0000219
48679,1992-02-27,I,-0.2635749,0.0000228
48680,1992-02-28,I,-0.2655501,0.0000301
48681,1992-02-29,I,-0.2675607,0.0000275
48682,1992-03-01,I,-0.2696748,0.0000136
48683,1992-03-02,I,-0.2719443,0.0000093
48684,1992-03-03,I,-0.2743931,0.0000084
48685,1992-03-04,I,-0.2770161,0.0000118
48686,1992-03-05,I,-0.2797752,0.0000116
48687,1992-03-06,I,-0.2826080,0.0000120
48688,1992-03-07,I,-0.2854469,0.0000150
48689,1992-03-08,I,-0.2882303,0.0000212
48690,1992-03-09,I,-0.2909004,0.0000214
48691,1992-03-10,I,-0.2934216,0.0000220
48692,1992-03-11,I,-0.2958209,0.0000220
48693,1992-03-12,I,-0.2982133,0.0000258
48694,1992-03-13,I,-0.3006978,0.0000247
48695,1992-03-14,I,-0.3033668,0.0000221
48696,1992-03-15,I,-0.3062863,0.0000260
48697,1992-03-16,I,-0.3094850,0.0000242
48698,1992-03-17,I,-0.3129225,0.0000217
48699,1992-03-18,I,-0.3164923,0.0000113
48700,1992-03-19,I,-0.3200528,0.0000112
48701,1992-03-20,I,-0.3234726,0.0000125
48702,1992-03-21,I,-0.3266688,0.0000110
48703,1992-03-22,I,-0.3296101,0.0000123
48704,1992-03-23,I,-0.3323293,0.0000109
48705,1992-03-24,I,-0.3348943,0.0000119
48706,1992-03-25,I,-0.3373785,0.0000158
48707,1992-03-26,I,-0.3398387,0.0000171
48708,1992-03-27,I,-0.3423203,0.0000245
48709,1992-03-28,I,-0.3448609,0.0000212
48710,1992-03-29,I,-0.3475017,0.0000233
48711,1992-03-30,I,-0.3502671,0.0000232
48712,1992-03-31,I,-0.3531561,0.0000209
48713,1992-04-01,I,-0.3561438,0.0000184
48714,1992-04-02,I,-0.3591784,0.0000177
48715,1992-04-03,I,-0.3621936,0.0000307
48716,1992-04-04,I,-0.3651228,0.0000253
48717,1992-04-05,I,-0.3679150,0.0000230
48718,1992-04-06,I,-0.3705455,0.0000233
48719,1992-04-07,I,-0.3730252,0.0000252
48720,1992-04-08,I,-0.3754075,0.0000272
48721,1992-04-09,I,-0.3777861,0.0000268
48722,1992-04-10,I,-0.3802656,0.0000301
48723,1992-04-11,I,-0.3829367,0.0000228
48724,1992-04-12,I,-0.3858606,0.0000299
48725,1992-04-13,I,-0.3890452,0.0000284
48726,1992-04-14,I,-0.3924419,0.0000285
48727,1992-04-15,I,-0.3959518,0.0000303
48728,1992-04-16,I,-0.3994317,0.0000311
48729,1992-04-17,I,-0.4027396,0.0000316
48730,1992-04-18,I,-0.4057934,0.0000199
48731,1992-04-19,I,-0.4085728,0.0000166
48732,1992-04-20,I,-0.4111091,0.0000161
48733,1992-04-21,I,-0.4134637,0.0000133
48734,1992-04-22,I,-0.4157139,0.0000137
48735,1992-04-23,I,-0.4179547,0.0000143
48736,1992-04-24,I,-0.4202520,0.0000165
48737,1992-04-25,I,-0.4226478,0.0000154
48738,1992-04-26,I,-0.4251665,0.0000170
48739,1992-04-27,I,-0.4278073,0.0000153
48740,1992-04-28,I,-0.4305458,0.0000126
48741,1992-04-29,I,-0.4333345,0.0000112
48742,1992-04-30,I,-0.4360990,0.0000112
48743,1992-05-01,I,-0.4387714,0.0000131
48744,1992-05-02,I,-0.4412945,0.0000122
48745,1992-05-03,I,-0.4436372,0.0000122
48746,1992-05-04,I,-0.4458046,0.0000103
48747,1992-05-05,I,-0.4478419,0.0000119
48748,1992-05-06,I,-0.4498295,0.0000118
48749,1992-05-07,I,-0.4518668,0.0000214
48750,1992-05-08,I,-0.4540540,0.0000258
48751,1992-05-09,I,-0.4564523,0.0000287
48752,1992-05-10,I,-0.4590577,0.0000240
48753,1992-05-11,I,-0.4618123,0.0000244
48754,1992-05-12,I,-0.4646183,0.0000249
48755,1992-05-13,I,-0.4673732,0.0000212
48756,1992-05-14,I,-0.4700106,0.0000189
48757,1992-05-15,I,-0.4724640,0.0000135
48758,1992-05-16,I,-0.4747028,0.0000122
48759,1992-05-17,I,-0.4767517,0.0000162
48760,1992-05-18,I,-0.4786725,0.0000180
48761,1992-05-19,I,-0.4805432,0.0000189
48762,1992-05-20,I,-0.4824386,0.0000186
48763,1992-05-21,I,-0.4844067,0.0000186
48764,1992-05-22,I,-0.4864668,0.0000214
48765,1992-05-23,I,-0.4886132,0.0000196
48766,1992-05-24,I,-0.4908520,0.0000194
48767,1992-05-25,I,-0.4931688,0.0000135
48768,1992-05-26,I,-0.4955306,0.0000156
48769,1992-05-27,I,-0.4978871,0.0000174
48770,1992-05-28,I,-0.5001655,0.0000146
48771,1992-05-29,I,-0.5022989,0.0000155
48772,1992-05-30,I,-0.5042618,0.0000143
48773,1992-05-31,I,-0.5060453,0.0000151
48774,1992-06-01,I,-0.5076662,0.0000163
48775,1992-06-02,I,-0.5091957,0.0000164
48776,1992-06-03,I,-0.5107342,0.0000167
48777,1992-06-04,I,-0.5123885,0.0000192
48778,1992-06-05,I,-0.5142293,0.0000220
48779,1992-06-06,I,-0.5162599,0.0000238
48780,1992-06-07,I,-0.5184265,0.0000440
48781,1992-06-08,I,-0.5206362,0.0000470
48782,1992-06-09,I,-0.5227857,0.0000463
48783,1992-06-10,I,-0.5247940,0.0000435
48784,1992-06-11,I,-0.5266195,0.0000331
48785,1992-06-12,I,-0.5282551,0.0000389
48786,1992-06-13,I,-0.5297292,0.0000130
48787,1992-06-14,I,-0.5310955,0.0000134
48788,1992-06-15,I,-0.5324140,0.0000147
48789,1992-06-16,I,-0.5337391,0.0000162
48790,1992-06-17,I,-0.5351158,0.0000200
48791,1992-06-18,I,-0.5365763,0.0000205
48792,1992-06-19,I,-0.5381414,0.0000257
48793,1992-06-20,I,-0.5398179,0.0000285
48794,1992-06-21,I,-0.5416018,0.0000268
48795,1992-06-22,I,-0.5434588,0.0000270
48796,1992-06-23,I,-0.5453387,0.0000229
48797,1992-06-24,I,-0.5471858,0.0000196
48798,1992-06-25,I,-0.5489437,0.0000187
48799,1992-06-26,I,-0.5505692,0.0000214
48800,1992-06-27,I,-0.5520372,0.0000235
48801,1992-06-28,I,-0.5533501,0.0000208
48802,1992-06-29,I,-0.5545515,0.0000208
48803,1992-06-30,I,-0.5557222,0.0000223
48804,1992-07-01,I,0.4430372,0.0000222
48805,1992-07-02,I,0.4416653,0.0000236
48806,1992-07-03,I,0.4401162,0.0000194
48807,1992-07-04,I,0.4384035,0.0000214
48808,1992-07-05,I,0.4366113,0.0000339
48809,1992-07-06,I,0.4348529,0.0000396
48810,1992-07-07,I,0.4332264,0.0000371
48811,1992-07-08,I,0.4317857,0.0000343
48812,1992-07-09,I,0.4305456,0.0000346
48813,1992-07-10,I,0.4294894,0.0000363
48814,1992-07-11,I,0.4285595,0.0000232
48815,1992-07-12,I,0.4276994,0.0000236
48816,1992-07-13,I,0.4268572,0.0000182
48817,1992-07-14,I,0.4259871,0.0000169
48818,1992-07-15,I,0.4250377,0.0000163
48819,1992-07-16,I,0.4239636,0.0000161
48820,1992-07-17,I,0.4227496,0.0000185
48821,1992-07-18,I,0.4214089,0.0000124
48822,1992-07-19,I,0.4199636,0.0000104
48823,1992-07-20,I,0.4184461,0.0000092
48824,1992-07-21,I,0.4168969,0.0000087
48825,1992-07-22,I,0.4153569,0.0000086
48826,1992-07-23,I,0.4138666,0.0000073
48827,1992-07-24,I,0.4124558,0.0000073
48828,1992-07-25,I,0.4111349,0.0000076
48829,1992-07-26,I,0.4098831,0.0000111
48830,1992-07-27,I,0.4086463,0.0000097
48831,1992-07-28,I,0.4073591,0.0000097
48832,1992-07-29,I,0.4059414,0.0000087
48833,1992-07-30,I,0.4043098,0.0000083
48834,1992-07-31,I,0.4024395,0.0000075
48835,1992-08-01,I,0.4003811,0.0000131
48836,1992-08-02,I,0.3982402,0.0000125
48837,1992-08-03,I,0.3961444,0.0000127
48838,1992-08-04,I,0.3941976,0.0000127
48839,1992-08-05,I,0.3924582,0.0000125
48840,1992-08-06,I,0.3909000,0.0000135
48841,1992-08-07,I,0.3895066,0.0000097
48842,1992-08-08,I,0.3882335,0.0000115
48843,1992-08-09,I,0.3870313,0.0000131
48844,1992-08-10,I,0.3858431,0.0000157
48845,1992-08-11,I,0.3846046,0.0000161
48846,1992-08-12,I,0.3832084,0.0000178
48847,1992-08-13,I,0.3816163,0.0000181
48848,1992-08-14,I,0.3798610,0.0000201
48849,1992-08-15,I,0.3780014,0.0000157
48850,1992-08-16,I,0.3760911,0.0000162
48851,1992-08-17,I,0.3741799,0.0000185
48852,1992-08-18,I,0.3723119,0.0000163
48853,1992-08-19,I,0.3705135,0.0000148
48854,1992-08-20,I,0.3687900,0.0000213
48855,1992-08-21,I,0.3671439,0.0000289
48856,1992-08-22,I,0.3655557,0.0000314
48857,1992-08-23,I,0.3639766,0.0000316
48858,1992-08-24,I,0.3623345,0.0000262
48859,1992-08-25,I,0.3605495,0.0000268
48860,1992-08-26,I,0.3585419,0.0000199
48861,1992-08-27,I,0.3562497,0.0000179
48862,1992-08-28,I,0.3536861,0.0000136
48863,1992-08-29,I,0.3509602,0.0000124
48864,1992-08-30,I,0.3482388,0.0000127
48865,1992-08-31,I,0.3456935,0.0000134
48866,1992-09-01,I,0.3434457,0.0000137
48867,1992-09-02,I,0.3415226,0.0000142
48868,1992-09-03,I,0.3398621,0.0000160
48869,1992-09-04,I,0.3383856,0.0000191
48870,1992-09-05,I,0.3370085,0.0000146
48871,1992-09-06,I,0.3356378,0.0000168
48872,1992-09-07,I,0.3341918,0.0000167
48873,1992-09-08,I,0.3326079,0.0000158
48874,1992-09-09,I,0.3308526,0.0000163
48875,1992-09-10,I,0.3289393,0.0000158
48876,1992-09-11,I,0.3269017,0.0000157
48877,1992-09-12,I,0.3247867,0.0000100
48878,1992-09-13,I,0.3226486,0.0000084
48879,1992-09-14,I,0.3205468,0.0000083
48880,1992-09-15,I,0.3185359,0.0000056
48881,1992-09-16,I,0.3166498,0.0000072
48882,1992-09-17,I,0.3148841,0.0000078
48883,1992-09-18,I,0.3132085,0.0000090
48884,1992-09-19,I,0.3115818,0.0000114
48885,1992-09-20,I,0.3099468,0.0000113
48886,1992-09-21,I,0.3082337,0.0000107
48887,1992-09-22,I,0.3063772,0.0000111
48888,1992-09-23,I,0.3043152,0.0000110
48889,1992-09-24,I,0.3019954,0.0000110
48890,1992-09-25,I,0.2994579,0.0000096
48891,1992-09-26,I,0.2968080,0.0000087
48892,1992-09-27,I,0.2941827,0.0000078
48893,1992-09-28,I,0.2916985,0.0000088
48894,1992-09-29,I,0.2894155,0.0000096
48895,1992-09-30,I,0.2873360,0.0000095
48896,1992-10-01,I,0.2854210,0.0000086
48897,1992-10-02,I,0.2836088,0.0000104
48898,1992-10-03,I,0.2818348,0.0000085
48899,1992-10-04,I,0.2800272,0.0000072
48900,1992-10-05,I,0.2781277,0.0000096
48901,1992-10-06,I,0.2760962,0.0000090
48902,1992-10-07,I,0.2739126,0.0000096
48903,1992-10-08,I,0.2715878,0.0000099
48904,1992-10-09,I,0.2691545,0.0000133
48905,1992-10-10,I,0.2666616,0.0000085
48906,1992-10-11,I,0.2641714,0.0000051
48907,1992-10-12,I,0.2617437,0.0000052
48908,1992-10-13,I,0.2594263,0.0000045
48909,1992-10-14,I,0.2572357,0.0000048
48910,1992-10-15,I,0.2551356,0.0000052
48911,1992-10-16,I,0.2530918,0.0000064
48912,1992-10-17,I,0.2510500,0.0000074
48913,1992-10-18,I,0.2489210,0.0000106
48914,1992-10-19,I,0.2466168,0.0000108
48915,1992-10-20,I,0.2440735,0.0000105
48916,1992-10-21,I,0.2412558,0.0000104
48917,1992-10-22,I,0.2381899,0.0000106
48918,1992-10-23,I,0.2349949,0.0000134
48919,1992-10-24,I,0.2318239,0.0000118
48920,1992-10-25,I,0.2288010,0.0000101
48921,1992-10-26,I,0.2260100,0.0000105
48922,1992-10-27,I,0.2234818,0.0000099
48923,1992-10-28,I,0.2211813,0.0000113
48924,1992-10-29,I,0.2190256,0.0000119
48925,1992-10-30,I,0.2169279,0.0000135
48926,1992-10-31,I,0.2148141,0.0000110
48927,1992-11-01,I,0.2126322,0.0000117
48928,1992-11-02,I,0.2103739,0.0000131
48929,1992-11-03,I,0.2080589,0.0000113
48930,1992-11-04,I,0.2057030,0.0000096
48931,1992-11-05,I,0.2032827,0.0000096
48932,1992-11-06,I,0.2007890,0.0000095
48933,1992-11-07,I,0.1982766,0.0000085
48934,1992-11-08,I,0.1957996,0.0000084
48935,1992-11-09,I,0.1934013,0.0000112
48936,1992-11-10,I,0.1911117,0.0000139
48937,1992-11-11,I,0.1889294,0.0000133
48938,1992-11-12,I,0.1868219,0.0000137
48939,1992-11-13,I,0.1847444,0.0000202
48940,1992-11-14,I,0.1826248,0.0000156
48941,1992-11-15,I,0.1803805,0.0000146
48942,1992-11-16,I,0.1779354,0.0000106
48943,1992-11-17,I,0.1752549,0.0000143
48944,1992-11-18,I,0.1723580,0.0000134
48945,1992-11-19,I,0.1693270,0.0000128
48946,1992-11-20,I,0.1662786,0.0000160
48947,1992-11-21,I,0.1633308,0.0000124
48948,1992-11-22,I,0.1605629,0.0000118
48949,1992-11-23,I,0.1580130,0.0000120
48950,1992-11-24,I,0.1556732,0.0000044
48951,1992-11-25,I,0.1534920,0.0000056
48952,1992-11-26,I,0.1513920,0.0000061
48953,1992-11-27,I,0.1492972,0.0000097
48954,1992-11-28,I,0.1471512,0.0000081
48955,1992-11-29,I,0.1449200,0.0000149
48956,1992-11-30,I,0.1425879,0.0000149
48957,1992-12-01,I,0.1401630,0.0000158
48958,1992-12-02,I,0.1376336,0.0000158
48959,1992-12-03,I,0.1350007,0.0000136
48960,1992-12-04,I,0.1322991,0.0000172
48961,1992-12-05,I,0.1295981,0.0000133
48962,1992-12-06,I,0.1269417,0.0000101
48963,1992-12-07,I,0.1243596,0.0000097
48964,1992-12-08,I,0.1218842,0.0000090
48965,1992-12-09,I,0.1195120,0.0000089
48966,1992-12-10,I,0.1171939,0.0000101
48967,1992-12-11,I,0.1148608,0.0000154
48968,1992-12-12,I,0.1124347,0.0000098
48969,1992-12-13,I,0.1098494,0.0000104
48970,1992-12-14,I,0.1070776,0.0000097
48971,1992-12-15,I,0.1041410,0.0000097
48972,1992-12-16,I,0.1011043,0.0000104
48973,1992-12-17,I,0.0980745,0.0000119
48974,1992-12-18,I,0.0951582,0.0000167
48975,1992-12-19,I,0.0924366,0.0000144
48976,1992-12-20,I,0.0899514,0.0000137
48977,1992-12-21,I,0.0876983,0.0000142
48978,1992-12-22,I,0.0856286,0.0000114
48979,1992-12-23,I,0.0836607,0.0000100
48980,1992-12-24,I,0.0817015,0.0000078
48981,1992-12-25,I,0.0796758,0.0000106
48982,1992-12-26,I,0.0775328,0.0000075
48983,1992-12-27,I,0.0752456,0.0000090
48984,1992-12-28,I,0.0728104,0.0000100
48985,1992-12-29,I,0.0702439,0.0000104
48986,1992-12-30,I,0.0675806,0.0000106
48987,1992-12-31,I,0.0648720,0.0000103
48988,1993-01-01,I,0.0621586,0.0000141
48989,1993-01-02,I,0.0594754,0.0000108
48990,1993-01-03,I,0.0568516,0.0000124
48991,1993-01-04,I,0.0543039,0.0000120
48992,1993-01-05,I,0.0518298,0.0000170
48993,1993-01-06,I,0.0494045,0.0000169
48994,1993-01-07,I,0.0469970,0.0000158
48995,1993-01-08,I,0.0445561,0.0000187
48996,1993-01-09,I,0.0420224,0.0000149
48997,1993-01-10,I,0.0393348,0.0000158
48998,1993-01-11,I,0.0364810,0.0000227
48999,1993-01-12,I,0.0335089,0.0000199
49000,1993-01-13,I,0.0305078,0.0000198
49001,1993-01-14,I,0.0275793,0.0000196
49002,1993-01-15,I,0.0248062,0.0000293
49003,1993-01-16,I,0.0222291,0.0000190
49004,1993-01-17,I,0.0198512,0.0000056
49005,1993-01-18,I,0.0176414,0.0000055
49006,1993-01-19,I,0.0155495,0.0000053
49007,1993-01-20,I,0.0135102,0.0000056
49008,1993-01-21,I,0.0114436,0.0000059
49009,1993-01-22,I,0.0092994,0.0000066
49010,1993-01-23,I,0.0070502,0.0000083
49011,1993-01-24,I,0.0046799,0.0000141
49012,1993-01-25,I,0.0021865,0.0000140
49013,1993-01-26,I,-0.0004188,0.0000138
49014,1993-01-27,I,-0.0031169,0.0000158
49015,1993-01-28,I,-0.0058587,0.0000154
49016,1993-01-29,I,-0.0085798,0.0000200
49017,1993-01-30,I,-0.0112369,0.0000173
49018,1993-01-31,I,-0.0138020,0.0000158
49019,1993-02-01,I,-0.0162687,0.0000177
49020,1993-02-02,I,-0.0186532,0.0000151
49021,1993-02-03,I,-0.0210060,0.0000150
49022,1993-02-04,I,-0.0234108,0.0000150
49023,1993-02-05,I,-0.0259598,0.0000186
49024,1993-02-06,I,-0.0287326,0.0000112
49025,1993-02-07,I,-0.0317622,0.0000127
49026,1993-02-08,I,-0.0350123,0.0000122
49027,1993-02-09,I,-0.0383801,0.0000133
49028,1993-02-10,I,-0.0417313,0.0000100
49029,1993-02-11,I,-0.0449274,0.0000099
49030,1993-02-12,I,-0.0478682,0.0000112
49031,1993-02-13,I,-0.0505241,0.0000105
49032,1993-02-14,I,-0.0529420,0.0000092
49033,1993-02-15,I,-0.0552062,0.0000092
49034,1993-02-16,I,-0.0574086,0.0000081
49035,1993-02-17,I,-0.0596371,0.0000115
49036,1993-02-18,I,-0.0619484,0.0000114
49037,1993-02-19,I,-0.0643843,0.0000151
49038,1993-02-20,I,-0.0669654,0.0000124
49039,1993-02-21,I,-0.0696767,0.0000102
49040,1993-02-22,I,-0.0724794,0.0000097
49041,1993-02-23,I,-0.0753175,0.0000091
49042,1993-02-24,I,-0.0781319,0.0000087
49043,1993-02-25,I,-0.0808788,0.0000059
49044,1993-02-26,I,-0.0835249,0.0000081
49045,1993-02-27,I,-0.0860497,0.0000056
49046,1993-02-28,I,-0.0884491,0.0000059
49047,1993-03-01,I,-0.0907370,0.0000085
49048,1993-03-02,I,-0.0929494,0.0000104
49049,1993-03-03,I,-0.0951520,0.0000104
49050,1993-03-04,I,-0.0974371,0.0000104
49051,1993-03-05,I,-0.0998912,0.0000133
49052,1993-03-06,I,-0.1025743,0.0000142
49053,1993-03-07,I,-0.1055100,0.0000108
49054,1993-03-08,I,-0.1086584,0.0000131
49055,1993-03-09,I,-0.1119232,0.0000102
49056,1993-03-10,I,-0.1151838,0.0000106
49057,1993-03-11,I,-0.1183210,0.0000128
49058,1993-03-12,I,-0.1212646,0.0000128
49059,1993-03-13,I,-0.1240096,0.0000178
49060,1993-03-14,I,-0.1266065,0.0000179
49061,1993-03-15,I,-0.1291234,0.0000177
49062,1993-03-16,I,-0.1316186,0.0000171
49063,1993-03-17,I,-0.1341417,0.0000159
49064,1993-03-18,I,-0.1367277,0.0000163
49065,1993-03-19,I,-0.1393974,0.0000142
49066,1993-03-20,I,-0.1421558,0.0000121
49067,1993-03-21,I,-0.1449906,0.0000144
49068,1993-03-22,I,-0.1478732,0.0000077
49069,1993-03-23,I,-0.1507642,0.0000080
49070,1993-03-24,I,-0.1536251,0.0000078
49071,1993-03-25,I,-0.1564110,0.0000081
49072,1993-03-26,I,-0.1590763,0.0000086
49073,1993-03-27,I,-0.1616165,0.0000071
49074,1993-03-28,I,-0.1640415,0.0000070
49075,1993-03-29,I,-0.1663773,0.0000134
49076,1993-03-30,I,-0.1686679,0.0000135
49077,1993-03-31,I,-0.1709824,0.0000129
49078,1993-04-01,I,-0.1734134,0.0000113
49079,1993-04-02,I,-0.1760424,0.0000204
49080,1993-04-03,I,-0.1789153,0.0000189
49081,1993-04-04,I,-0.1820242,0.0000155
49082,1993-04-05,I,-0.1853021,0.0000160
49083,1993-04-06,I,-0.1886421,0.0000160
49084,1993-04-07,I,-0.1919338,0.0000159
49085,1993-04-08,I,-0.1950789,0.0000143
49086,1993-04-09,I,-0.1980334,0.0000198
49087,1993-04-10,I,-0.2008176,0.0000158
49088,1993-04-11,I,-0.2034918,0.0000165
49089,1993-04-12,I,-0.2061237,0.0000208
49090,1993-04-13,I,-0.2087629,0.0000195
49091,1993-04-14,I,-0.2114559,0.0000194
49092,1993-04-15,I,-0.2142492,0.0000195
49093,1993-04-16,I,-0.2171343,0.0000250
49094,1993-04-17,I,-0.2200786,0.0000142
49095,1993-04-18,I,-0.2230481,0.0000096
49096,1993-04-19,I,-0.2260048,0.0000146
49097,1993-04-20,I,-0.2289091,0.0000155
49098,1993-04-21,I,-0.2317422,0.0000156
49099,1993-04-22,I,-0.2345212,0.0000159
49100,1993-04-23,I,-0.2372538,0.0000248
49101,1993-04-24,I,-0.2399125,0.0000212
49102,1993-04-25,I,-0.2424995,0.0000218
49103,1993-04-26,I,-0.2450436,0.0000153
49104,1993-04-27,I,-0.2475871,0.0000149
49105,1993-04-28,I,-0.2502132,0.0000148
49106,1993-04-29,I,-0.2530302,0.0000151
49107,1993-04-30,I,-0.2560944,0.0000151
49108,1993-05-01,I,-0.2593827,0.0000129
49109,1993-05-02,I,-0.2628253,0.0000095
49110,1993-05-03,I,-0.2663097,0.0000126
49111,1993-05-04,I,-0.2697007,0.0000156
49112,1993-05-05,I,-0.2728818,0.0000152
49113,1993-05-06,I,-0.2758031,0.0000151
49114,1993-05-07,I,-0.2784728,0.0000152
49115,1993-05-08,I,-0.2809586,0.0000167
49116,1993-05-09,I,-0.2833450,0.0000178
49117,1993-05-10,I,-0.2857062,0.0000144
49118,1993-05-11,I,-0.2880913,0.0000106
49119,1993-05-12,I,-0.2905148,0.0000106
49120,1993-05-13,I,-0.2929705,0.0000108
49121,1993-05-14,I,-0.2954714,0.0000092
49122,1993-05-15,I,-0.2980267,0.0000087
49123,1993-05-16,I,-0.3006161,0.0000086
49124,1993-05-17,I,-0.3032068,0.0000127
49125,1993-05-18,I,-0.3057621,0.0000094
49126,1993-05-19,I,-0.3082495,0.0000083
49127,1993-05-20,I,-0.3106377,0.0000074
49128,1993-05-21,I,-0.3129125,0.0000074
49129,1993-05-22,I,-0.3150909,0.0000085
49130,1993-05-23,I,-0.3172109,0.0000083
49131,1993-05-24,I,-0.3193351,0.0000051
49132,1993-05-25,I,-0.3215356,0.0000052
49133,1993-05-26,I,-0.3238752,0.0000058
49134,1993-05-27,I,-0.3263831,0.0000058
49135,1993-05-28,I,-0.3290589,0.0000095
49136,1993-05-29,I,-0.3318646,0.0000110
49137,1993-05-30,I,-0.3347260,0.0000176
49138,1993-05-31,I,-0.3375493,0.0000156
49139,1993-06-01,I,-0.3402416,0.0000145
49140,1993-06-02,I,-0.3427310,0.0000154
49141,1993-06-03,I,-0.3449852,0.0000131
49142,1993-06-04,I,-0.3470306,0.0000117
49143,1993-06-05,I,-0.3489374,0.0000126
49144,1993-06-06,I,-0.3507926,0.0000196
49145,1993-06-07,I,-0.3526748,0.0000122
49146,1993-06-08,I,-0.3546356,0.0000129
49147,1993-06-09,I,-0.3566934,0.0000130
49148,1993-06-10,I,-0.3588322,0.0000149
49149,1993-06-11,I,-0.3610400,0.0000148
49150,1993-06-12,I,-0.3632859,0.0000106
49151,1993-06-13,I,-0.3655270,0.0000161
49152,1993-06-14,I,-0.3677184,0.0000119
49153,1993-06-15,I,-0.3698199,0.0000122
49154,1993-06-16,I,-0.3718032,0.0000114
49155,1993-06-17,I,-0.3736668,0.0000111
49156,1993-06-18,I,-0.3754318,0.0000104
49157,1993-06-19,I,-0.3771281,0.0000101
49158,1993-06-20,I,-0.3788093,0.0000132
49159,1993-06-21,I,-0.3805452,0.0000132
49160,1993-06-22,I,-0.3824011,0.0000090
49161,1993-06-23,I,-0.3844170,0.0000076
49162,1993-06-24,I,-0.3865828,0.0000084
49163,1993-06-25,I,-0.3888564,0.0000085
49164,1993-06-26,I,-0.3911783,0.0000087
49165,1993-06-27,I,-0.3934703,0.0000075
49166,1993-06-28,I,-0.3956430,0.0000073
49167,1993-06-29,I,-0.3976266,0.0000077
49168,1993-06-30,I,-0.3993948,0.0000069
49169,1993-07-01,I,0.5990213,0.0000079
49170,1993-07-02,I,0.5975665,0.0000080
49171,1993-07-03,I,0.5961744,0.0000060
49172,1993-07-04,I,0.5947809,0.0000084
49173,1993-07-05,I,0.5933398,0.0000079
49174,1993-07-06,I,0.5918288,0.0000136
49175,1993-07-07,I,0.5902506,0.0000142
49176,1993-07-08,I,0.5886275,0.0000151
49177,1993-07-09,I,0.5869933,0.0000163
49178,1993-07-10,I,0.5853792,0.0000151
49179,1993-07-11,I,0.5838086,0.0000157
49180,1993-07-12,I,0.5822970,0.0000108
49181,1993-07-13,I,0.5808503,0.0000093
49182,1993-07-14,I,0.5794606,0.0000096
49183,1993-07-15,I,0.5781205,0.0000096
49184,1993-07-16,I,0.5768360,0.0000096
49185,1993-07-17,I,0.5755834,0.0000099
49186,1993-07-18,I,0.5743061,0.0000147
49187,1993-07-19,I,0.5729185,0.0000100
49188,1993-07-20,I,0.5713440,0.0000096
49189,1993-07-21,I,0.5695386,0.0000074
49190,1993-07-22,I,0.5674946,0.0000071
49191,1993-07-23,I,0.5652874,0.0000082
49192,1993-07-24,I,0.5630427,0.0000093
49193,1993-07-25,I,0.5608826,0.0000190
49194,1993-07-26,I,0.5588936,0.0000250
49195,1993-07-27,I,0.5571115,0.0000171
49196,1993-07-28,I,0.5555207,0.0000171
49197,1993-07-29,I,0.5540573,0.0000166
49198,1993-07-30,I,0.5526292,0.0000163
49199,1993-07-31,I,0.5511775,0.0000159
49200,1993-08-01,I,0.5496503,0.0000113
49201,1993-08-02,I,0.5480148,0.0000096
49202,1993-08-03,I,0.5462606,0.0000149
49203,1993-08-04,I,0.5443964,0.0000147
49204,1993-08-05,I,0.5424400,0.0000147
49205,1993-08-06,I,0.5404326,0.0000146
49206,1993-08-07,I,0.5384428,0.0000185
49207,1993-08-08,I,0.5365217,0.0000235
49208,1993-08-09,I,0.5347039,0.0000273
49209,1993-08-10,I,0.5330091,0.0000291
49210,1993-08-11,I,0.5314394,0.0000302
49211,1993-08-12,I,0.5299581,0.0000340
49212,1993-08-13,I,0.5285050,0.0000299
49213,1993-08-14,I,0.5270087,0.0000266
49214,1993-08-15,I,0.5253878,0.0000217
49215,1993-08-16,I,0.5235733,0.0000260
49216,1993-08-17,I,0.5215268,0.0000155
49217,1993-08-18,I,0.5192517,0.0000125
49218,1993-08-19,I,0.5167860,0.0000134
49219,1993-08-20,I,0.5142177,0.0000129
49220,1993-08-21,I,0.5116731,0.0000128
49221,1993-08-22,I,0.5092691,0.0000140
49222,1993-08-23,I,0.5070750,0.0000102
49223,1993-08-24,I,0.5051055,0.0000166
49224,1993-08-25,I,0.5033306,0.0000151
49225,1993-08-26,I,0.5016878,0.0000141
49226,1993-08-27,I,0.5001067,0.0000138
49227,1993-08-28,I,0.4985141,0.0000152
49228,1993-08-29,I,0.4968532,0.0000163
49229,1993-08-30,I,0.4950890,0.0000140
49230,1993-08-31,I,0.4932083,0.0000135
49231,1993-09-01,I,0.4912173,0.0000137
49232,1993-09-02,I,0.4891434,0.0000149
49233,1993-09-03,I,0.4870396,0.0000152
49234,1993-09-04,I,0.4849585,0.0000136
49235,1993-09-05,I,0.4829399,0.0000176
49236,1993-09-06,I,0.4810059,0.0000123
49237,1993-09-07,I,0.4791580,0.0000120
49238,1993-09-08,I,0.4773818,0.0000097
49239,1993-09-09,I,0.4756563,0.0000091
49240,1993-09-10,I,0.4739272,0.0000120
49241,1993-09-11,I,0.4721191,0.0000111
49242,1993-09-12,I,0.4701520,0.0000119
49243,1993-09-13,I,0.4679584,0.0000076
49244,1993-09-14,I,0.4655095,0.0000103
49245,1993-09-15,I,0.4628317,0.0000106
49246,1993-09-16,I,0.4600133,0.0000095
49247,1993-09-17,I,0.4571853,0.0000097
49248,1993-09-18,I,0.4544769,0.0000095
49249,1993-09-19,I,0.4519709,0.0000173
49250,1993-09-20,I,0.4496832,0.0000089
49251,1993-09-21,I,0.4475661,0.0000106
49252,1993-09-22,I,0.4455329,0.0000106
49253,1993-09-23,I,0.4435076,0.0000108
49254,1993-09-24,I,0.4414444,0.0000109
49255,1993-09-25,I,0.4393015,0.0000102
49256,1993-09-26,I,0.4370639,0.0000226
49257,1993-09-27,I,0.4347381,0.0000180
49258,1993-09-28,I,0.4323477,0.0000092
49259,1993-09-29,I,0.4299313,0.0000089
49260,1993-09-30,I,0.4275388,0.0000088
49261,1993-10-01,I,0.4251950,0.0000088
49262,1993-10-02,I,0.4229131,0.0000070
49263,1993-10-03,I,0.4207018,0.0000084
49264,1993-10-04,I,0.4185543,0.0000061
49265,1993-10-05,I,0.4164466,0.0000144
49266,1993-10-06,I,0.4143404,0.0000165
49267,1993-10-07,I,0.4121937,0.0000169
49268,1993-10-08,I,0.4099838,0.0000168
49269,1993-10-09,I,0.4076625,0.0000151
49270,1993-10-10,I,0.4051683,0.0000157
49271,1993-10-11,I,0.4024520,0.0000137
49272,1993-10-12,I,0.3995004,0.0000104
49273,1993-10-13,I,0.3963465,0.0000102
49274,1993-10-14,I,0.3930652,0.0000106
49275,1993-10-15,I,0.3898006,0.0000106
49276,1993-10-16,I,0.3866883,0.0000067
49277,1993-10-17,I,0.3838059,0.0000048
49278,1993-10-18,I,0.3811603,0.0000044
49279,1993-10-19,I,0.3786989,0.0000044
49280,1993-10-20,I,0.3763377,0.0000040
49281,1993-10-21,I,0.3739835,0.0000042
49282,1993-10-22,I,0.3715615,0.0000041
49283,1993-10-23,I,0.3690436,0.0000038
49284,1993-10-24,I,0.3664313,0.0000051
49285,1993-10-25,I,0.3637412,0.0000071
49286,1993-10-26,I,0.3609983,0.0000075
49287,1993-10-27,I,0.3582351,0.0000077
49288,1993-10-28,I,0.3554925,0.0000077
49289,1993-10-29,I,0.3528112,0.0000079
49290,1993-10-30,I,0.3502189,0.0000077
49291,1993-10-31,I,0.3477323,0.0000119
49292,1993-11-01,I,0.3453552,0.0000106
49293,1993-11-02,I,0.3430746,0.0000103
49294,1993-11-03,I,0.3408610,0.0000105
49295,1993-11-04,I,0.3386812,0.0000105
49296,1993-11-05,I,0.3364773,0.0000113
49297,1993-11-06,I,0.3341663,0.0000115
49298,1993-11-07,I,0.3316799,0.0000109
49299,1993-11-08,I,0.3289803,0.0000071
49300,1993-11-09,I,0.3260735,0.0000068
49301,1993-11-10,I,0.3230149,0.0000065
49302,1993-11-11,I,0.3199099,0.0000068
49303,1993-11-12,I,0.3168824,0.0000066
49304,1993-11-13,I,0.3140265,0.0000078
49305,1993-11-14,I,0.3113862,0.0000196
49306,1993-11-15,I,0.3089460,0.0000096
49307,1993-11-16,I,0.3066442,0.0000096
49308,1993-11-17,I,0.3044037,0.0000084
49309,1993-11-18,I,0.3021586,0.0000085
49310,1993-11-19,I,0.2998625,0.0000086
49311,1993-11-20,I,0.2974989,0.0000118
49312,1993-11-21,I,0.2950742,0.0000188
49313,1993-11-22,I,0.2926080,0.0000185
49314,1993-11-23,I,0.2901262,0.0000187
49315,1993-11-24,I,0.2876592,0.0000195
49316,1993-11-25,I,0.2852429,0.0000191
49317,1993-11-26,I,0.2829157,0.0000182
49318,1993-11-27,I,0.2806969,0.0000106
49319,1993-11-28,I,0.2785951,0.0000113
49320,1993-11-29,I,0.2766102,0.0000102
49321,1993-11-30,I,0.2747371,0.0000098
49322,1993-12-01,I,0.2729433,0.0000095
49323,1993-12-02,I,0.2711311,0.0000074
49324,1993-12-03,I,0.2692456,0.0000074
49325,1993-12-04,I,0.2672240,0.0000108
49326,1993-12-05,I,0.2650202,0.0000137
49327,1993-12-06,I,0.2626204,0.0000113
49328,1993-12-07,I,0.2600449,0.0000110
49329,1993-12-08,I,0.2573477,0.0000110
49330,1993-12-09,I,0.2546311,0.0000115
49331,1993-12-10,I,0.2519876,0.0000120
49332,1993-12-11,I,0.2494785,0.0000135
49333,1993-12-12,I,0.2471184,0.0000136
49334,1993-12-13,I,0.2448753,0.0000101
49335,1993-12-14,I,0.2426777,0.0000109
49336,1993-12-15,I,0.2404437,0.0000117
49337,1993-12-16,I,0.2381006,0.0000101
49338,1993-12-17,I,0.2356329,0.0000106
49339,1993-12-18,I,0.2330752,0.0000088
49340,1993-12-19,I,0.2304630,0.0000138
49341,1993-12-20,I,0.2278256,0.0000109
49342,1993-12-21,I,0.2251828,0.0000107
49343,1993-12-22,I,0.2225602,0.0000101
49344,1993-12-23,I,0.2200253,0.0000096
49345,1993-12-24,I,0.2175975,0.0000094
49346,1993-12-25,I,0.2152701,0.0000078
49347,1993-12-26,I,0.2130385,0.0000158
49348,1993-12-27,I,0.2108839,0.0000059
49349,1993-12-28,I,0.2087707,0.0000059
49350,1993-12-29,I,0.2066483,0.0000063
49351,1993-12-30,I,0.2044522,0.0000063
49352,1993-12-31,I,0.2020922,0.0000062
49353,1994-01-01,I,0.1995463,0.0000067
49354,1994-01-02,I,0.1968423,0.0000076
49355,1994-01-03,I,0.1940431,0.0000087
49356,1994-01-04,I,0.1912364,0.0000082
49357,1994-01-05,I,0.1885145,0.0000088
49358,1994-01-06,I,0.1859434,0.0000091
49359,1994-01-07,I,0.1835491,0.0000092
49360,1994-01-08,I,0.1813362,0.0000098
49361,1994-01-09,I,0.1792693,0.0000129
49362,1994-01-10,I,0.1772761,0.0000085
49363,1994-01-11,I,0.1752829,0.0000061
49364,1994-01-12,I,0.1732318,0.0000052
49365,1994-01-13,I,0.1710547,0.0000048
49366,1994-01-14,I,0.1687436,0.0000052
49367,1994-01-15,I,0.1663686,0.0000052
49368,1994-01-16,I,0.1640235,0.0000052
49369,1994-01-17,I,0.1617322,0.0000049
49370,1994-01-18,I,0.1594805,0.0000057
49371,1994-01-19,I,0.1572930,0.0000055
49372,1994-01-20,I,0.1552178,0.0000054
49373,1994-01-21,I,0.1532284,0.0000054
49374,1994-01-22,I,0.1512732,0.0000048
49375,1994-01-23,I,0.1493454,0.0000047
49376,1994-01-24,I,0.1474146,0.0000049
49377,1994-01-25,I,0.1454455,0.0000049
49378,1994-01-26,I,0.1433675,0.0000055
49379,1994-01-27,I,0.1410944,0.0000063
49380,1994-01-28,I,0.1386086,0.0000070
49381,1994-01-29,I,0.1359406,0.0000094
49382,1994-01-30,I,0.1331486,0.0000175
49383,1994-01-31,I,0.1303237,0.0000118
49384,1994-02-01,I,0.1275650,0.0000105
49385,1994-02-02,I,0.1249650,0.0000101
49386,1994-02-03,I,0.1225700,0.0000101
49387,1994-02-04,I,0.1203695,0.0000105
49388,1994-02-05,I,0.1183296,0.0000108
49389,1994-02-06,I,0.1163916,0.0000141
49390,1994-02-07,I,0.1144762,0.0000116
49391,1994-02-08,I,0.1125004,0.0000118
49392,1994-02-09,I,0.1104190,0.0000115
49393,1994-02-10,I,0.1082275,0.0000111
49394,1994-02-11,I,0.1059438,0.0000117
49395,1994-02-12,I,0.1036081,0.0000083
49396,1994-02-13,I,0.1012548,0.0000124
49397,1994-02-14,I,0.0989113,0.0000102
49398,1994-02-15,I,0.0966092,0.0000097
49399,1994-02-16,I,0.0943799,0.0000107
49400,1994-02-17,I,0.0922394,0.0000089
49401,1994-02-18,I,0.0901679,0.0000106
49402,1994-02-19,I,0.0881438,0.0000139
49403,1994-02-20,I,0.0861319,0.0000197
49404,1994-02-21,I,0.0840724,0.0000164
49405,1994-02-22,I,0.0818996,0.0000155
49406,1994-02-23,I,0.0795473,0.0000154
49407,1994-02-24,I,0.0769445,0.0000135
49408,1994-02-25,I,0.0740622,0.0000111
49409,1994-02-26,I,0.0709277,0.0000055
49410,1994-02-27,I,0.0676180,0.0000126
49411,1994-02-28,I,0.0642465,0.0000081
49412,1994-03-01,I,0.0609350,0.0000078
49413,1994-03-02,I,0.0577749,0.0000095
49414,1994-03-03,I,0.0548037,0.0000113
49415,1994-03-04,I,0.0520238,0.0000117
49416,1994-03-05,I,0.0494091,0.0000113
49417,1994-03-06,I,0.0469026,0.0000143
49418,1994-03-07,I,0.0444265,0.0000112
49419,1994-03-08,I,0.0419231,0.0000098
49420,1994-03-09,I,0.0393590,0.0000092
49421,1994-03-10,I,0.0367196,0.0000089
49422,1994-03-11,I,0.0340346,0.0000090
49423,1994-03-12,I,0.0313708,0.0000069
49424,1994-03-13,I,0.0287815,0.0000089
49425,1994-03-14,I,0.0262847,0.0000121
49426,1994-03-15,I,0.0238858,0.0000117
49427,1994-03-16,I,0.0215771,0.0000119
49428,1994-03-17,I,0.0193410,0.0000120
49429,1994-03-18,I,0.0171831,0.0000120
49430,1994-03-19,I,0.0150715,0.0000137
49431,1994-03-20,I,0.0129606,0.0000174
49432,1994-03-21,I,0.0107926,0.0000063
49433,1994-03-22,I,0.0085045,0.0000061
49434,1994-03-23,I,0.0060354,0.0000058
49435,1994-03-24,I,0.0033354,0.0000058
49436,1994-03-25,I,0.0003978,0.0000059
49437,1994-03-26,I,-0.0027501,0.0000059
49438,1994-03-27,I,-0.0060058,0.0000086
49439,1994-03-28,I,-0.0092311,0.0000090
49440,1994-03-29,I,-0.0122978,0.0000084
49441,1994-03-30,I,-0.0151325,0.0000089
49442,1994-03-31,I,-0.0177530,0.0000092
49443,1994-04-01,I,-0.0202185,0.0000088
49444,1994-04-02,I,-0.0226006,0.0000073
49445,1994-04-03,I,-0.0249765,0.0000137
49446,1994-04-04,I,-0.0273982,0.0000086
49447,1994-04-05,I,-0.0298750,0.0000075
49448,1994-04-06,I,-0.0323998,0.0000064
49449,1994-04-07,I,-0.0349757,0.0000064
49450,1994-04-08,I,-0.0375914,0.0000042
49451,1994-04-09,I,-0.0402202,0.0000044
49452,1994-04-10,I,-0.0428300,0.0000045
49453,1994-04-11,I,-0.0453863,0.0000056
49454,1994-04-12,I,-0.0478555,0.0000087
49455,1994-04-13,I,-0.0502190,0.0000094
49456,1994-04-14,I,-0.0524782,0.0000093
49457,1994-04-15,I,-0.0546467,0.0000092
49458,1994-04-16,I,-0.0567550,0.0000109
49459,1994-04-17,I,-0.0588659,0.0000104
49460,1994-04-18,I,-0.0610451,0.0000068
49461,1994-04-19,I,-0.0633530,0.0000066
49462,1994-04-20,I,-0.0658316,0.0000072
49463,1994-04-21,I,-0.0684879,0.0000079
49464,1994-04-22,I,-0.0713369,0.0000070
49465,1994-04-23,I,-0.0743670,0.0000073
49466,1994-04-24,I,-0.0775057,0.0000117
49467,1994-04-25,I,-0.0806326,0.0000114
49468,1994-04-26,I,-0.0836236,0.0000101
49469,1994-04-27,I,-0.0864045,0.0000098
49470,1994-04-28,I,-0.0889870,0.0000099
49471,1994-04-29,I,-0.0914543,0.0000106
49472,1994-04-30,I,-0.0938970,0.0000106
49473,1994-05-01,I,-0.0963745,0.0000102
49474,1994-05-02,I,-0.0989117,0.0000089
49475,1994-05-03,I,-0.1015009,0.0000088
49476,1994-05-04,I,-0.1041202,0.0000087
49477,1994-05-05,I,-0.1067542,0.0000070
49478,1994-05-06,I,-0.1093791,0.0000070
49479,1994-05-07,I,-0.1119560,0.0000056
49480,1994-05-08,I,-0.1144588,0.0000053
49481,1994-05-09,I,-0.1168745,0.0000053
49482,1994-05-10,I,-0.1191924,0.0000070
49483,1994-05-11,I,-0.1214215,0.0000070
49484,1994-05-12,I,-0.1236039,0.0000071
49485,1994-05-13,I,-0.1257643,0.0000072
49486,1994-05-14,I,-0.1279126,0.0000081
49487,1994-05-15,I,-0.1300998,0.0000092
49488,1994-05-16,I,-0.1323669,0.0000162
49489,1994-05-17,I,-0.1347455,0.0000152
49490,1994-05-18,I,-0.1372521,0.0000155
49491,1994-05-19,I,-0.1398877,0.0000155
49492,1994-05-20,I,-0.1426278,0.0000155
49493,1994-05-21,I,-0.1454058,0.0000170
49494,1994-05-22,I,-0.1481354,0.0000187
49495,1994-05-23,I,-0.1507309,0.0000162
49496,1994-05-24,I,-0.1531355,0.0000157
49497,1994-05-25,I,-0.1553330,0.0000155
49498,1994-05-26,I,-0.1573521,0.0000168
49499,1994-05-27,I,-0.1592733,0.0000160
49500,1994-05-28,I,-0.1611645,0.0000164
49501,1994-05-29,I,-0.1630746,0.0000220
49502,1994-05-30,I,-0.1650252,0.0000156
49503,1994-05-31,I,-0.1670173,0.0000158
49504,1994-06-01,I,-0.1690352,0.0000140
49505,1994-06-02,I,-0.1710415,0.0000134
49506,1994-06-03,I,-0.1729949,0.0000122
49507,1994-06-04,I,-0.1748653,0.0000051
49508,1994-06-05,I,-0.1766344,0.0000104
49509,1994-06-06,I,-0.1782929,0.0000076
49510,1994-06-07,I,-0.1798400,0.0000081
49511,1994-06-08,I,-0.1812939,0.0000085
49512,1994-06-09,I,-0.1826882,0.0000084
49513,1994-06-10,I,-0.1840746,0.0000088
49514,1994-06-11,I,-0.1855206,0.0000074
49515,1994-06-12,I,-0.1870763,0.0000125
49516,1994-06-13,I,-0.1887730,0.0000080
49517,1994-06-14,I,-0.1906264,0.0000078
49518,1994-06-15,I,-0.1926260,0.0000094
49519,1994-06-16,I,-0.1947228,0.0000085
49520,1994-06-17,I,-0.1968590,0.0000082
49521,1994-06-18,I,-0.1989662,0.0000049
49522,1994-06-19,I,-0.2009678,0.0000065
49523,1994-06-20,I,-0.2027948,0.0000057
49524,1994-06-21,I,-0.2044087,0.0000049
49525,1994-06-22,I,-0.2058218,0.0000049
49526,1994-06-23,I,-0.2071025,0.0000061
49527,1994-06-24,I,-0.2083225,0.0000062
49528,1994-06-25,I,-0.2095437,0.0000102
49529,1994-06-26,I,-0.2108083,0.0000145
49530,1994-06-27,I,-0.2121210,0.0000144
49531,1994-06-28,I,-0.2134615,0.0000156
49532,1994-06-29,I,-0.2147828,0.0000153
49533,1994-06-30,I,-0.2160228,0.0000160
49534,1994-07-01,I,0.7828109,0.0000151
49535,1994-07-02,I,0.7816975,0.0000158
49536,1994-07-03,I,0.7806515,0.0000164
49537,1994-07-04,I,0.7796789,0.0000116
49538,1994-07-05,I,0.7787705,0.0000093
49539,1994-07-06,I,0.7779035,0.0000092
49540,1994-07-07,I,0.7770447,0.0000090
49541,1994-07-08,I,0.7761297,0.0000091
49542,1994-07-09,I,0.7750741,0.0000114
49543,1994-07-10,I,0.7738328,0.0000133
49544,1994-07-11,I,0.7723900,0.0000129
49545,1994-07-12,I,0.7707553,0.0000144
49546,1994-07-13,I,0.7689669,0.0000147
49547,1994-07-14,I,0.7670791,0.0000162
49548,1994-07-15,I,0.7651605,0.0000159
49549,1994-07-16,I,0.7632557,0.0000156
49550,1994-07-17,I,0.7614293,0.0000160
49551,1994-07-18,I,0.7597324,0.0000142
49552,1994-07-19,I,0.7581883,0.0000132
49553,1994-07-20,I,0.7567882,0.0000131
49554,1994-07-21,I,0.7554893,0.0000133
49555,1994-07-22,I,0.7542091,0.0000102
49556,1994-07-23,I,0.7528648,0.0000150
49557,1994-07-24,I,0.7514198,0.0000227
49558,1994-07-25,I,0.7498981,0.0000161
49559,1994-07-26,I,0.7483448,0.0000123
49560,1994-07-27,I,0.7468115,0.0000114
49561,1994-07-28,I,0.7453400,0.0000120
49562,1994-07-29,I,0.7439266,0.0000083
49563,1994-07-30,I,0.7425542,0.0000122
49564,1994-07-31,I,0.7412412,0.0000172
49565,1994-08-01,I,0.7400041,0.0000122
49566,1994-08-02,I,0.7388451,0.0000122
49567,1994-08-03,I,0.7377366,0.0000130
49568,1994-08-04,I,0.7365978,0.0000130
49569,1994-08-05,I,0.7353751,0.0000119
49570,1994-08-06,I,0.7340345,0.0000137
49571,1994-08-07,I,0.7325534,0.0000169
49572,1994-08-08,I,0.7309369,0.0000151
49573,1994-08-09,I,0.7292178,0.0000153
49574,1994-08-10,I,0.7274568,0.0000155
49575,1994-08-11,I,0.7256896,0.0000162
49576,1994-08-12,I,0.7239789,0.0000145
49577,1994-08-13,I,0.7223926,0.0000126
49578,1994-08-14,I,0.7209637,0.0000170
49579,1994-08-15,I,0.7196732,0.0000132
49580,1994-08-16,I,0.7184578,0.0000130
49581,1994-08-17,I,0.7172443,0.0000118
49582,1994-08-18,I,0.7159879,0.0000119
49583,1994-08-19,I,0.7146405,0.0000119
49584,1994-08-20,I,0.7131720,0.0000105
49585,1994-08-21,I,0.7115773,0.0000078
49586,1994-08-22,I,0.7098773,0.0000114
49587,1994-08-23,I,0.7081134,0.0000118
49588,1994-08-24,I,0.7063344,0.0000122
49589,1994-08-25,I,0.7045941,0.0000123
49590,1994-08-26,I,0.7029353,0.0000122
49591,1994-08-27,I,0.7013388,0.0000114
49592,1994-08-28,I,0.6998011,0.0000132
49593,1994-08-29,I,0.6983189,0.0000097
49594,1994-08-30,I,0.6968799,0.0000093
49595,1994-08-31,I,0.6954548,0.0000090
49596,1994-09-01,I,0.6939743,0.0000089
49597,1994-09-02,I,0.6923658,0.0000083
49598,1994-09-03,I,0.6905762,0.0000097
49599,1994-09-04,I,0.6885671,0.0000101
49600,1994-09-05,I,0.6863347,0.0000111
49601,1994-09-06,I,0.6839213,0.0000117
49602,1994-09-07,I,0.6814073,0.0000119
49603,1994-09-08,I,0.6788759,0.0000122
49604,1994-09-09,I,0.6763445,0.0000122
49605,1994-09-10,I,0.6738905,0.0000122
49606,1994-09-11,I,0.6715435,0.0000150
49607,1994-09-12,I,0.6692876,0.0000101
49608,1994-09-13,I,0.6670763,0.0000106
49609,1994-09-14,I,0.6648538,0.0000094
49610,1994-09-15,I,0.6625752,0.0000095
49611,1994-09-16,I,0.6601972,0.0000091
49612,1994-09-17,I,0.6576935,0.0000092
49613,1994-09-18,I,0.6550986,0.0000098
49614,1994-09-19,I,0.6524714,0.0000057
49615,1994-09-20,I,0.6498729,0.0000050
49616,1994-09-21,I,0.6473512,0.0000053
49617,1994-09-22,I,0.6449183,0.0000053
49618,1994-09-23,I,0.6425989,0.0000060
49619,1994-09-24,I,0.6404093,0.0000059
49620,1994-09-25,I,0.6383363,0.0000078
49621,1994-09-26,I,0.6363481,0.0000056
49622,1994-09-27,I,0.6344044,0.0000054
49623,1994-09-28,I,0.6324622,0.0000061
49624,1994-09-29,I,0.6304832,0.0000088
49625,1994-09-30,I,0.6284133,0.0000086
49626,1994-10-01,I,0.6261946,0.0000096
49627,1994-10-02,I,0.6237917,0.0000114
49628,1994-10-03,I,0.6212025,0.0000101
49629,1994-10-04,I,0.6184507,0.0000100
49630,1994-10-05,I,0.6155973,0.0000077
49631,1994-10-06,I,0.6127436,0.0000077
49632,1994-10-07,I,0.6100033,0.0000070
49633,1994-10-08,I,0.6074360,0.0000060
49634,1994-10-09,I,0.6050261,0.0000057
49635,1994-10-10,I,0.6027139,0.0000046
49636,1994-10-11,I,0.6004259,0.0000047
49637,1994-10-12,I,0.5981002,0.0000047
49638,1994-10-13,I,0.5957037,0.0000088
49639,1994-10-14,I,0.5932348,0.0000092
49640,1994-10-15,I,0.5907126,0.0000091
49641,1994-10-16,I,0.5881747,0.0000106
49642,1994-10-17,I,0.5856728,0.0000101
49643,1994-10-18,I,0.5832630,0.0000117
49644,1994-10-19,I,0.5809904,0.0000084
49645,1994-10-20,I,0.5788572,0.0000099
49646,1994-10-21,I,0.5768235,0.0000100
49647,1994-10-22,I,0.5748526,0.0000085
49648,1994-10-23,I,0.5729171,0.0000124
49649,1994-10-24,I,0.5709825,0.0000085
49650,1994-10-25,I,0.5690086,0.0000090
49651,1994-10-26,I,0.5669519,0.0000078
49652,1994-10-27,I,0.5647765,0.0000079
49653,1994-10-28,I,0.5624601,0.0000079
49654,1994-10-29,I,0.5599758,0.0000074
49655,1994-10-30,I,0.5573114,0.0000094
49656,1994-10-31,I,0.5544868,0.0000071
49657,1994-11-01,I,0.5515554,0.0000065
49658,1994-11-02,I,0.5485957,0.0000073
49659,1994-11-03,I,0.5456979,0.0000079
49660,1994-11-04,I,0.5429476,0.0000077
49661,1994-11-05,I,0.5403745,0.0000081
49662,1994-11-06,I,0.5379513,0.0000137
49663,1994-11-07,I,0.5356145,0.0000094
49664,1994-11-08,I,0.5333038,0.0000089
49665,1994-11-09,I,0.5309748,0.0000081
49666,1994-11-10,I,0.5285843,0.0000085
49667,1994-11-11,I,0.5261290,0.0000084
49668,1994-11-12,I,0.5236296,0.0000084
49669,1994-11-13,I,0.5211201,0.0000166
49670,1994-11-14,I,0.5186349,0.0000104
49671,1994-11-15,I,0.5162007,0.0000105
49672,1994-11-16,I,0.5138370,0.0000116
49673,1994-11-17,I,0.5115599,0.0000122
49674,1994-11-18,I,0.5093791,0.0000122
49675,1994-11-19,I,0.5072870,0.0000079
49676,1994-11-20,I,0.5052570,0.0000166
49677,1994-11-21,I,0.5032430,0.0000102
49678,1994-11-22,I,0.5011910,0.0000082
49679,1994-11-23,I,0.4990469,0.0000075
49680,1994-11-24,I,0.4967631,0.0000078
49681,1994-11-25,I,0.4943220,0.0000057
49682,1994-11-26,I,0.4917334,0.0000113
49683,1994-11-27,I,0.4890261,0.0000120
49684,1994-11-28,I,0.4862486,0.0000106
49685,1994-11-29,I,0.4834729,0.0000107
49686,1994-11-30,I,0.4807677,0.0000109
49687,1994-12-01,I,0.4781431,0.0000109
49688,1994-12-02,I,0.4756221,0.0000100
49689,1994-12-03,I,0.4732160,0.0000076
49690,1994-12-04,I,0.4708927,0.0000111
49691,1994-12-05,I,0.4685931,0.0000072
49692,1994-12-06,I,0.4662530,0.0000079
49693,1994-12-07,I,0.4638394,0.0000079
49694,1994-12-08,I,0.4613633,0.0000075
49695,1994-12-09,I,0.4588573,0.0000077
49696,1994-12-10,I,0.4563510,0.0000052
49697,1994-12-11,I,0.4538660,0.0000069
49698,1994-12-12,I,0.4514165,0.0000052
49699,1994-12-13,I,0.4490087,0.0000052
49700,1994-12-14,I,0.4466520,0.0000062
49701,1994-12-15,I,0.4443833,0.0000062
49702,1994-12-16,I,0.4421698,0.0000059
49703,1994-12-17,I,0.4399654,0.0000064
49704,1994-12-18,I,0.4377156,0.0000077
49705,1994-12-19,I,0.4353719,0.0000070
49706,1994-12-20,I,0.4328901,0.0000055
49707,1994-12-21,I,0.4302465,0.0000056
49708,1994-12-22,I,0.4274816,0.0000055
49709,1994-12-23,I,0.4246107,0.0000055
49710,1994-12-24,I,0.4216372,0.0000065
49711,1994-12-25,I,0.4185881,0.0000087
49712,1994-12-26,I,0.4155109,0.0000070
49713,1994-12-27,I,0.4124641,0.0000080
49714,1994-12-28,I,0.4095048,0.0000081
49715,1994-12-29,I,0.4066659,0.0000082
49716,1994-12-30,I,0.4039556,0.0000081
49717,1994-12-31,I,0.4013070,0.0000081
49718,1995-01-01,I,0.3986518,0.0000085
49719,1995-01-02,I,0.3959303,0.0000075
49720,1995-01-03,I,0.3931028,0.0000095
49721,1995-01-04,I,0.3901693,0.0000092
49722,1995-01-05,I,0.3871735,0.0000099
49723,1995-01-06,I,0.3841909,0.0000104
49724,1995-01-07,I,0.3812834,0.0000113
49725,1995-01-08,I,0.3784981,0.0000162
49726,1995-01-09,I,0.3758648,0.0000080
49727,1995-01-10,I,0.3733976,0.0000081
49728,1995-01-11,I,0.3710918,0.0000078
49729,1995-01-12,I,0.3689052,0.0000072
49730,1995-01-13,I,0.3667916,0.0000067
49731,1995-01-14,I,0.3647120,0.0000083
49732,1995-01-15,I,0.3626203,0.0000152
49733,1995-01-16,I,0.3604790,0.0000120
49734,1995-01-17,I,0.3582594,0.0000117
49735,1995-01-18,I,0.3559299,0.0000119
49736,1995-01-19,I,0.3534465,0.0000120
49737,1995-01-20,I,0.3508239,0.0000097
49738,1995-01-21,I,0.3480889,0.0000073
49739,1995-01-22,I,0.3452784,0.0000070
49740,1995-01-23,I,0.3424344,0.0000069
49741,1995-01-24,I,0.3396055,0.0000079
49742,1995-01-25,I,0.3368327,0.0000078
49743,1995-01-26,I,0.3341203,0.0000077
49744,1995-01-27,I,0.3314486,0.0000071
49745,1995-01-28,I,0.3287973,0.0000093
49746,1995-01-29,I,0.3261154,0.0000123
49747,1995-01-30,I,0.3233627,0.0000069
49748,1995-01-31,I,0.3205310,0.0000114
49749,1995-02-01,I,0.3176496,0.0000113
49750,1995-02-02,I,0.3147658,0.0000117
49751,1995-02-03,I,0.3119044,0.0000116
49752,1995-02-04,I,0.3090820,0.0000123
49753,1995-02-05,I,0.3063335,0.0000144
49754,1995-02-06,I,0.3036832,0.0000125
49755,1995-02-07,I,0.3011537,0.0000131
49756,1995-02-08,I,0.2987626,0.0000133
49757,1995-02-09,I,0.2965010,0.0000133
49758,1995-02-10,I,0.2943080,0.0000133
49759,1995-02-11,I,0.2921430,0.0000127
49760,1995-02-12,I,0.2899689,0.0000160
49761,1995-02-13,I,0.2877352,0.0000100
49762,1995-02-14,I,0.2853965,0.0000102
49763,1995-02-15,I,0.2829157,0.0000102
49764,1995-02-16,I,0.2802655,0.0000095
49765,1995-02-17,I,0.2774826,0.0000085
49766,1995-02-18,I,0.2746389,0.0000105
49767,1995-02-19,I,0.2718002,0.0000128
49768,1995-02-20,I,0.2690260,0.0000055
49769,1995-02-21,I,0.2663551,0.0000066
49770,1995-02-22,I,0.2637950,0.0000066
49771,1995-02-23,I,0.2613224,0.0000071
49772,1995-02-24,I,0.2588823,0.0000062
49773,1995-02-25,I,0.2563985,0.0000074
49774,1995-02-26,I,0.2538155,0.0000145
49775,1995-02-27,I,0.2511036,0.0000123
49776,1995-02-28,I,0.2482672,0.0000208
49777,1995-03-01,I,0.2453328,0.0000204
49778,1995-03-02,I,0.2423278,0.0000182
49779,1995-03-03,I,0.2392832,0.0000173
49780,1995-03-04,I,0.2362293,0.0000078
49781,1995-03-05,I,0.2332196,0.0000070
49782,1995-03-06,I,0.2303025,0.0000063
49783,1995-03-07,I,0.2275077,0.0000044
49784,1995-03-08,I,0.2248365,0.0000051
49785,1995-03-09,I,0.2222144,0.0000058
49786,1995-03-10,I,0.2195706,0.0000057
49787,1995-03-11,I,0.2168712,0.0000089
49788,1995-03-12,I,0.2140985,0.0000131
49789,1995-03-13,I,0.2112374,0.0000110
49790,1995-03-14,I,0.2082877,0.0000107
49791,1995-03-15,I,0.2052470,0.0000099
49792,1995-03-16,I,0.2020871,0.0000134
49793,1995-03-17,I,0.1988304,0.0000133
49794,1995-03-18,I,0.1955348,0.0000144
49795,1995-03-19,I,0.1922801,0.0000181
49796,1995-03-20,I,0.1891405,0.0000129
49797,1995-03-21,I,0.1861891,0.0000129
49798,1995-03-22,I,0.1834628,0.0000095
49799,1995-03-23,I,0.1809230,0.0000093
49800,1995-03-24,I,0.1784494,0.0000093
49801,1995-03-25,I,0.1759369,0.0000077
49802,1995-03-26,I,0.1733321,0.0000092
49803,1995-03-27,I,0.1706177,0.0000066
49804,1995-03-28,I,0.1678049,0.0000045
49805,1995-03-29,I,0.1649277,0.0000045
49806,1995-03-30,I,0.1620246,0.0000053
49807,1995-03-31,I,0.1591432,0.0000051
49808,1995-04-01,I,0.1563243,0.0000050
49809,1995-04-02,I,0.1535896,0.0000118
49810,1995-04-03,I,0.1509483,0.0000139
49811,1995-04-04,I,0.1483982,0.0000140
49812,1995-04-05,I,0.1459323,0.0000144
49813,1995-04-06,I,0.1435124,0.0000153
49814,1995-04-07,I,0.1410697,0.0000155
49815,1995-04-08,I,0.1385627,0.0000137
49816,1995-04-09,I,0.1359785,0.0000180
49817,1995-04-10,I,0.1333072,0.0000173
49818,1995-04-11,I,0.1305101,0.0000162
49819,1995-04-12,I,0.1275625,0.0000150
49820,1995-04-13,I,0.1244709,0.0000155
49821,1995-04-14,I,0.1213176,0.0000156
49822,1995-04-15,I,0.1181716,0.0000152
49823,1995-04-16,I,0.1150839,0.0000150
49824,1995-04-17,I,0.1120916,0.0000074
49825,1995-04-18,I,0.1092185,0.0000067
49826,1995-04-19,I,0.1064552,0.0000061
49827,1995-04-20,I,0.1037807,0.0000061
49828,1995-04-21,I,0.1011314,0.0000055
49829,1995-04-22,I,0.0984366,0.0000055
49830,1995-04-23,I,0.0956726,0.0000056
49831,1995-04-24,I,0.0928337,0.0000059
49832,1995-04-25,I,0.0899338,0.0000065
49833,1995-04-26,I,0.0870036,0.0000066
49834,1995-04-27,I,0.0841019,0.0000098
49835,1995-04-28,I,0.0812909,0.0000096
49836,1995-04-29,I,0.0786080,0.0000100
49837,1995-04-30,I,0.0760659,0.0000102
49838,1995-05-01,I,0.0736552,0.0000077
49839,1995-05-02,I,0.0713203,0.0000078
49840,1995-05-03,I,0.0689948,0.0000041
49841,1995-05-04,I,0.0666317,0.0000108
49842,1995-05-05,I,0.0642096,0.0000122
49843,1995-05-06,I,0.0617218,0.0000135
49844,1995-05-07,I,0.0591679,0.0000325
49845,1995-05-08,I,0.0565402,0.0000211
49846,1995-05-09,I,0.0537998,0.0000213
49847,1995-05-10,I,0.0509274,0.0000169
49848,1995-05-11,I,0.0479419,0.0000168
49849,1995-05-12,I,0.0449044,0.0000164
49850,1995-05-13,I,0.0419025,0.0000164
49851,1995-05-14,I,0.0389823,0.0000132
49852,1995-05-15,I,0.0361589,0.0000079
49853,1995-05-16,I,0.0334457,0.0000080
49854,1995-05-17,I,0.0308256,0.0000050
49855,1995-05-18,I,0.0282623,0.0000035
49856,1995-05-19,I,0.0257127,0.0000051
49857,1995-05-20,I,0.0231514,0.0000049
49858,1995-05-21,I,0.0205808,0.0000119
49859,1995-05-22,I,0.0180304,0.0000104
49860,1995-05-23,I,0.0155386,0.0000147
49861,1995-05-24,I,0.0131440,0.0000156
49862,1995-05-25,I,0.0108681,0.0000145
49863,1995-05-26,I,0.0086836,0.0000164
49864,1995-05-27,I,0.0065814,0.0000164
49865,1995-05-28,I,0.0045701,0.0000143
49866,1995-05-29,I,0.0026303,0.0000096
49867,1995-05-30,I,0.0007350,0.0000092
49868,1995-05-31,I,-0.0011460,0.0000102
49869,1995-06-01,I,-0.0030458,0.0000107
49870,1995-06-02,I,-0.0050094,0.0000107
49871,1995-06-03,I,-0.0070721,0.0000108
49872,1995-06-04,I,-0.0092482,0.0000153
49873,1995-06-05,I,-0.0115228,0.0000124
49874,1995-06-06,I,-0.0138798,0.0000118
49875,1995-06-07,I,-0.0162974,0.0000101
49876,1995-06-08,I,-0.0187573,0.0000109
49877,1995-06-09,I,-0.0212035,0.0000107
49878,1995-06-10,I,-0.0235742,0.0000099
49879,1995-06-11,I,-0.0258332,0.0000123
49880,1995-06-12,I,-0.0279756,0.0000136
49881,1995-06-13,I,-0.0300312,0.0000130
49882,1995-06-14,I,-0.0320683,0.0000125
49883,1995-06-15,I,-0.0341489,0.0000138
49884,1995-06-16,I,-0.0362738,0.0000139
49885,1995-06-17,I,-0.0384656,0.0000139
49886,1995-06-18,I,-0.0407087,0.0000235
49887,1995-06-19,I,-0.0429558,0.0000237
49888,1995-06-20,I,-0.0451571,0.0000214
49889,1995-06-21,I,-0.0472689,0.0000186
49890,1995-06-22,I,-0.0492511,0.0000225
49891,1995-06-23,I,-0.0510650,0.0000238
49892,1995-06-24,I,-0.0526787,0.0000232
49893,1995-06-25,I,-0.0540955,0.0000154
49894,1995-06-26,I,-0.0553638,0.0000129
49895,1995-06-27,I,-0.0565328,0.0000126
49896,1995-06-28,I,-0.0576580,0.0000111
49897,1995-06-29,I,-0.0588065,0.0000121
49898,1995-06-30,I,-0.0600368,0.0000121
49899,1995-07-01,I,-0.0613891,0.0000118
49900,1995-07-02,I,-0.0628846,0.0000174
49901,1995-07-03,I,-0.0645225,0.0000215
49902,1995-07-04,I,-0.0662561,0.0000205
49903,1995-07-05,I,-0.0680209,0.0000146
49904,1995-07-06,I,-0.0697609,0.0000148
49905,1995-07-07,I,-0.0714469,0.0000182
49906,1995-07-08,I,-0.0730542,0.0000172
49907,1995-07-09,I,-0.0745724,0.0000179
49908,1995-07-10,I,-0.0760182,0.0000140
49909,1995-07-11,I,-0.0774336,0.0000150
49910,1995-07-12,I,-0.0788772,0.0000147
49911,1995-07-13,I,-0.0803942,0.0000144
49912,1995-07-14,I,-0.0819987,0.0000143
49913,1995-07-15,I,-0.0836994,0.0000110
49914,1995-07-16,I,-0.0854564,0.0000149
49915,1995-07-17,I,-0.0872029,0.0000114
49916,1995-07-18,I,-0.0888687,0.0000124
49917,1995-07-19,I,-0.0904031,0.0000113
49918,1995-07-20,I,-0.0917809,0.0000114
49919,1995-07-21,I,-0.0929999,0.0000099
49920,1995-07-22,I,-0.0940663,0.0000075
49921,1995-07-23,I,-0.0950078,0.0000065
49922,1995-07-24,I,-0.0958674,0.0000063
49923,1995-07-25,I,-0.0966875,0.0000074
49924,1995-07-26,I,-0.0975086,0.0000075
49925,1995-07-27,I,-0.0983680,0.0000088
49926,1995-07-28,I,-0.0992940,0.0000104
49927,1995-07-29,I,-0.1003143,0.0000144
49928,1995-07-30,I,-0.1014530,0.0000249
49929,1995-07-31,I,-0.1027230,0.0000154
49930,1995-08-01,I,-0.1041024,0.0000153
49931,1995-08-02,I,-0.1055418,0.0000140
49932,1995-08-03,I,-0.1069739,0.0000130
49933,1995-08-04,I,-0.1083592,0.0000109
49934,1995-08-05,I,-0.1096903,0.0000110
49935,1995-08-06,I,-0.1109898,0.0000113
49936,1995-08-07,I,-0.1122951,0.0000100
49937,1995-08-08,I,-0.1136483,0.0000101
49938,1995-08-09,I,-0.1150922,0.0000079
49939,1995-08-10,I,-0.1166544,0.0000082
49940,1995-08-11,I,-0.1183355,0.0000078
49941,1995-08-12,I,-0.1200959,0.0000078
49942,1995-08-13,I,-0.1218791,0.0000103
49943,1995-08-14,I,-0.1236258,0.0000048
49944,1995-08-15,I,-0.1252919,0.0000050
49945,1995-08-16,I,-0.1268589,0.0000072
49946,1995-08-17,I,-0.1283263,0.0000075
49947,1995-08-18,I,-0.1297007,0.0000088
49948,1995-08-19,I,-0.1310153,0.0000098
49949,1995-08-20,I,-0.1323139,0.0000097
49950,1995-08-21,I,-0.1336336,0.0000076
49951,1995-08-22,I,-0.1350073,0.0000067
49952,1995-08-23,I,-0.1364590,0.0000072
49953,1995-08-24,I,-0.1379975,0.0000063
49954,1995-08-25,I,-0.1396448,0.0000058
49955,1995-08-26,I,-0.1414401,0.0000079
49956,1995-08-27,I,-0.1433903,0.0000082
49957,1995-08-28,I,-0.1454536,0.0000081
49958,1995-08-29,I,-0.1475881,0.0000086
49959,1995-08-30,I,-0.1496999,0.0000094
49960,1995-08-31,I,-0.1517644,0.0000106
49961,1995-09-01,I,-0.1537799,0.0000085
49962,1995-09-02,I,-0.1557584,0.0000125
49963,1995-09-03,I,-0.1577190,0.0000193
49964,1995-09-04,I,-0.1596935,0.0000121
49965,1995-09-05,I,-0.1617194,0.0000124
49966,1995-09-06,I,-0.1638257,0.0000121
49967,1995-09-07,I,-0.1660187,0.0000134
49968,1995-09-08,I,-0.1683000,0.0000110
49969,1995-09-09,I,-0.1706454,0.0000109
49970,1995-09-10,I,-0.1729869,0.0000215
49971,1995-09-11,I,-0.1752559,0.0000116
49972,1995-09-12,I,-0.1774114,0.0000134
49973,1995-09-13,I,-0.1794417,0.0000117
49974,1995-09-14,I,-0.1813634,0.0000111
49975,1995-09-15,I,-0.1832150,0.0000112
49976,1995-09-16,I,-0.1850386,0.0000072
49977,1995-09-17,I,-0.1868661,0.0000073
49978,1995-09-18,I,-0.1887192,0.0000059
49979,1995-09-19,I,-0.1906167,0.0000050
49980,1995-09-20,I,-0.1925865,0.0000048
49981,1995-09-21,I,-0.1946996,0.0000048
49982,1995-09-22,I,-0.1969854,0.0000047
49983,1995-09-23,I,-0.1994339,0.0000055
49984,1995-09-24,I,-0.2020161,0.0000080
49985,1995-09-25,I,-0.2046839,0.0000066
49986,1995-09-26,I,-0.2073748,0.0000078
49987,1995-09-27,I,-0.2100204,0.0000081
49988,1995-09-28,I,-0.2125563,0.0000089
49989,1995-09-29,I,-0.2149760,0.0000081
49990,1995-09-30,I,-0.2173114,0.0000100
49991,1995-10-01,I,-0.2196165,0.0000104
49992,1995-10-02,I,-0.2219523,0.0000079
49993,1995-10-03,I,-0.2243660,0.0000070
49994,1995-10-04,I,-0.2268749,0.0000076
49995,1995-10-05,I,-0.2294547,0.0000100
49996,1995-10-06,I,-0.2320927,0.0000098
49997,1995-10-07,I,-0.2347681,0.0000097
49998,1995-10-08,I,-0.2374380,0.0000154
49999,1995-10-09,I,-0.2400403,0.0000155
50000,1995-10-10,I,-0.2425108,0.0000148
50001,1995-10-11,I,-0.2448193,0.0000154
50002,1995-10-12,I,-0.2469912,0.0000158
50003,1995-10-13,I,-0.2490387,0.0000158
50004,1995-10-14,I,-0.2509891,0.0000183
50005,1995-10-15,I,-0.2529003,0.0000166
50006,1995-10-16,I,-0.2548192,0.0000140
50007,1995-10-17,I,-0.2567932,0.0000136
50008,1995-10-18,I,-0.2588614,0.0000140
50009,1995-10-19,I,-0.2610211,0.0000137
50010,1995-10-20,I,-0.2632617,0.0000110
50011,1995-10-21,I,-0.2656050,0.0000109
50012,1995-10-22,I,-0.2680359,0.0000147
50013,1995-10-23,I,-0.2705028,0.0000114
50014,1995-10-24,I,-0.2729652,0.0000091
50015,1995-10-25,I,-0.2753909,0.0000096
50016,1995-10-26,I,-0.2777560,0.0000079
50017,1995-10-27,I,-0.2800497,0.0000068
50018,1995-10-28,I,-0.2823023,0.0000069
50019,1995-10-29,I,-0.2845771,0.0000067
50020,1995-10-30,I,-0.2869342,0.0000060
50021,1995-10-31,I,-0.2894157,0.0000069
50022,1995-11-01,I,-0.2920366,0.0000071
50023,1995-11-02,I,-0.2947781,0.0000073
50024,1995-11-03,I,-0.2975519,0.0000073
50025,1995-11-04,I,-0.3002748,0.0000069
50026,1995-11-05,I,-0.3028996,0.0000126
50027,1995-11-06,I,-0.3053979,0.0000158
50028,1995-11-07,I,-0.3077707,0.0000156
50029,1995-11-08,I,-0.3100334,0.0000151
50030,1995-11-09,I,-0.3121911,0.0000149
50031,1995-11-10,I,-0.3142402,0.0000154
50032,1995-11-11,I,-0.3162194,0.0000143
50033,1995-11-12,I,-0.3181918,0.0000081
50034,1995-11-13,I,-0.3202248,0.0000062
50035,1995-11-14,I,-0.3223682,0.0000058
50036,1995-11-15,I,-0.3246648,0.0000063
50037,1995-11-16,I,-0.3271557,0.0000054
50038,1995-11-17,I,-0.3298054,0.0000054
50039,1995-11-18,I,-0.3325569,0.0000050
50040,1995-11-19,I,-0.3353905,0.0000079
50041,1995-11-20,I,-0.3382653,0.0000097
50042,1995-11-21,I,-0.3411317,0.0000125
50043,1995-11-22,I,-0.3439468,0.0000122
50044,1995-11-23,I,-0.3466791,0.0000122
50045,1995-11-24,I,-0.3493391,0.0000133
50046,1995-11-25,I,-0.3519674,0.0000131
50047,1995-11-26,I,-0.3546121,0.0000101
50048,1995-11-27,I,-0.3573108,0.0000102
50049,1995-11-28,I,-0.3600711,0.0000109
50050,1995-11-29,I,-0.3628777,0.0000110
50051,1995-11-30,I,-0.3656959,0.0000115
50052,1995-12-01,I,-0.3684599,0.0000112
50053,1995-12-02,I,-0.3711221,0.0000110
50054,1995-12-03,I,-0.3736736,0.0000216
50055,1995-12-04,I,-0.3761212,0.0000153
50056,1995-12-05,I,-0.3784556,0.0000146
50057,1995-12-06,I,-0.3806815,0.0000151
50058,1995-12-07,I,-0.3828161,0.0000151
50059,1995-12-08,I,-0.3849067,0.0000151
50060,1995-12-09,I,-0.3870061,0.0000105
50061,1995-12-10,I,-0.3891605,0.0000106
50062,1995-12-11,I,-0.3913921,0.0000065
50063,1995-12-12,I,-0.3937138,0.0000063
50064,1995-12-13,I,-0.3961415,0.0000068
50065,1995-12-14,I,-0.3986893,0.0000084
50066,1995-12-15,I,-0.4013100,0.0000077
50067,1995-12-16,I,-0.4039556,0.0000077
50068,1995-12-17,I,-0.4066069,0.0000146
50069,1995-12-18,I,-0.4092604,0.0000155
50070,1995-12-19,I,-0.4118858,0.0000150
50071,1995-12-20,I,-0.4144579,0.0000110
50072,1995-12-21,I,-0.4169567,0.0000128
50073,1995-12-22,I,-0.4194010,0.0000133
50074,1995-12-23,I,-0.4218530,0.0000120
50075,1995-12-24,I,-0.4243922,0.0000090
50076,1995-12-25,I,-0.4270568,0.0000049
50077,1995-12-26,I,-0.4298138,0.0000053
50078,1995-12-27,I,-0.4325970,0.0000024
50079,1995-12-28,I,-0.4353306,0.0000039
50080,1995-12-29,I,-0.4379451,0.0000042
50081,1995-12-30,I,-0.4403875,0.0000043
50082,1995-12-31,I,-0.4426274,0.0000103
50083,1996-01-01,I,0.5553407,0.0000076
50084,1996-01-02,I,0.5534970,0.0000080
50085,1996-01-03,I,0.5518018,0.0000066
50086,1996-01-04,I,0.5502086,0.0000082
50087,1996-01-05,I,0.5486657,0.0000096
50088,1996-01-06,I,0.5471115,0.0000089
50089,1996-01-07,I,0.5454805,0.0000137
50090,1996-01-08,I,0.5437342,0.0000102
50091,1996-01-09,I,0.5418781,0.0000103
50092,1996-01-10,I,0.5399456,0.0000098
50093,1996-01-11,I,0.5379699,0.0000096
50094,1996-01-12,I,0.5359751,0.0000101
50095,1996-01-13,I,0.5339752,0.0000082
50096,1996-01-14,I,0.5319830,0.0000160
50097,1996-01-15,I,0.5300156,0.0000154
50098,1996-01-16,I,0.5280906,0.0000173
50099,1996-01-17,I,0.5262316,0.0000173
50100,1996-01-18,I,0.5244541,0.0000169
50101,1996-01-19,I,0.5227015,0.0000157
50102,1996-01-20,I,0.5208818,0.0000173
50103,1996-01-21,I,0.5189365,0.0000193
50104,1996-01-22,I,0.5168623,0.0000143
50105,1996-01-23,I,0.5147163,0.0000131
50106,1996-01-24,I,0.5125874,0.0000129
50107,1996-01-25,I,0.5105325,0.0000115
50108,1996-01-26,I,0.5085954,0.0000118
50109,1996-01-27,I,0.5067951,0.0000058
50110,1996-01-28,I,0.5051385,0.0000061
50111,1996-01-29,I,0.5036110,0.0000069
50112,1996-01-30,I,0.5021810,0.0000078
50113,1996-01-31,I,0.5008035,0.0000078
50114,1996-02-01,I,0.4994181,0.0000075
50115,1996-02-02,I,0.4979707,0.0000085
50116,1996-02-03,I,0.4964234,0.0000117
50117,1996-02-04,I,0.4947646,0.0000088
50118,1996-02-05,I,0.4929982,0.0000061
50119,1996-02-06,I,0.4911237,0.0000066
50120,1996-02-07,I,0.4891346,0.0000066
50121,1996-02-08,I,0.4870454,0.0000056
50122,1996-02-09,I,0.4849013,0.0000051
50123,1996-02-10,I,0.4827566,0.0000056
50124,1996-02-11,I,0.4806545,0.0000127
50125,1996-02-12,I,0.4786184,0.0000091
50126,1996-02-13,I,0.4766483,0.0000083
50127,1996-02-14,I,0.4747202,0.0000086
50128,1996-02-15,I,0.4727912,0.0000079
50129,1996-02-16,I,0.4707947,0.0000064
50130,1996-02-17,I,0.4686611,0.0000065
50131,1996-02-18,I,0.4663545,0.0000078
50132,1996-02-19,I,0.4638889,0.0000067
50133,1996-02-20,I,0.4613222,0.0000050
50134,1996-02-21,I,0.4587376,0.0000055
50135,1996-02-22,I,0.4562170,0.0000062
50136,1996-02-23,I,0.4538521,0.0000068
50137,1996-02-24,I,0.4517114,0.0000074
50138,1996-02-25,I,0.4497529,0.0000082
50139,1996-02-26,I,0.4479063,0.0000084
50140,1996-02-27,I,0.4461141,0.0000220
50141,1996-02-28,I,0.4443409,0.0000212
50142,1996-02-29,I,0.4425555,0.0000202
50143,1996-03-01,I,0.4406940,0.0000190
50144,1996-03-02,I,0.4387084,0.0000173
50145,1996-03-03,I,0.4365804,0.0000113
50146,1996-03-04,I,0.4343005,0.0000052
50147,1996-03-05,I,0.4318840,0.0000052
50148,1996-03-06,I,0.4293637,0.0000065
50149,1996-03-07,I,0.4267790,0.0000057
50150,1996-03-08,I,0.4241658,0.0000073
50151,1996-03-09,I,0.4215597,0.0000090
50152,1996-03-10,I,0.4189877,0.0000133
50153,1996-03-11,I,0.4164726,0.0000160
50154,1996-03-12,I,0.4140486,0.0000150
50155,1996-03-13,I,0.4117416,0.0000148
50156,1996-03-14,I,0.4095339,0.0000125
50157,1996-03-15,I,0.4073504,0.0000105
50158,1996-03-16,I,0.4051208,0.0000098
50159,1996-03-17,I,0.4028109,0.0000111
50160,1996-03-18,I,0.4004241,0.0000067
50161,1996-03-19,I,0.3979900,0.0000103
50162,1996-03-20,I,0.3955500,0.0000118
50163,1996-03-21,I,0.3931531,0.0000129
50164,1996-03-22,I,0.3908577,0.0000131
50165,1996-03-23,I,0.3886966,0.0000118
50166,1996-03-24,I,0.3866611,0.0000117
50167,1996-03-25,I,0.3847153,0.0000067
50168,1996-03-26,I,0.3828266,0.0000061
50169,1996-03-27,I,0.3809615,0.0000055
50170,1996-03-28,I,0.3790829,0.0000060
50171,1996-03-29,I,0.3771484,0.0000057
50172,1996-03-30,I,0.3751277,0.0000088
50173,1996-03-31,I,0.3730019,0.0000171
50174,1996-04-01,I,0.3707575,0.0000131
50175,1996-04-02,I,0.3683867,0.0000137
50176,1996-04-03,I,0.3659152,0.0000133
50177,1996-04-04,I,0.3634106,0.0000133
50178,1996-04-05,I,0.3609086,0.0000110
50179,1996-04-06,I,0.3584349,0.0000093
50180,1996-04-07,I,0.3560192,0.0000131
50181,1996-04-08,I,0.3536740,0.0000071
50182,1996-04-09,I,0.3513897,0.0000075
50183,1996-04-10,I,0.3491265,0.0000085
50184,1996-04-11,I,0.3468236,0.0000090
50185,1996-04-12,I,0.3444346,0.0000085
50186,1996-04-13,I,0.3419458,0.0000076
50187,1996-04-14,I,0.3393814,0.0000168
50188,1996-04-15,I,0.3367926,0.0000154
50189,1996-04-16,I,0.3342341,0.0000147
50190,1996-04-17,I,0.3317535,0.0000138
50191,1996-04-18,I,0.3293800,0.0000136
50192,1996-04-19,I,0.3271601,0.0000176
50193,1996-04-20,I,0.3250932,0.0000184
50194,1996-04-21,I,0.3231316,0.0000126
50195,1996-04-22,I,0.3212204,0.0000104
50196,1996-04-23,I,0.3193302,0.0000104
50197,1996-04-24,I,0.3174294,0.0000104
50198,1996-04-25,I,0.3154795,0.0000071
50199,1996-04-26,I,0.3134574,0.0000066
50200,1996-04-27,I,0.3113287,0.0000064
50201,1996-04-28,I,0.3090773,0.0000084
50202,1996-04-29,I,0.3067091,0.0000096
50203,1996-04-30,I,0.3042372,0.0000099
50204,1996-05-01,I,0.3016797,0.0000099
50205,1996-05-02,I,0.2990606,0.0000102
50206,1996-05-03,I,0.2964355,0.0000111
50207,1996-05-04,I,0.2938716,0.0000112
50208,1996-05-05,I,0.2914033,0.0000128
50209,1996-05-06,I,0.2890261,0.0000133
50210,1996-05-07,I,0.2866977,0.0000135
50211,1996-05-08,I,0.2843570,0.0000136
50212,1996-05-09,I,0.2819478,0.0000141
50213,1996-05-10,I,0.2794457,0.0000144
50214,1996-05-11,I,0.2768461,0.0000135
50215,1996-05-12,I,0.2741790,0.0000117
50216,1996-05-13,I,0.2715067,0.0000101
50217,1996-05-14,I,0.2688952,0.0000103
50218,1996-05-15,I,0.2663971,0.0000095
50219,1996-05-16,I,0.2640392,0.0000095
50220,1996-05-17,I,0.2618483,0.0000090
50221,1996-05-18,I,0.2598254,0.0000096
50222,1996-05-19,I,0.2579389,0.0000125
50223,1996-05-20,I,0.2561541,0.0000094
50224,1996-05-21,I,0.2544452,0.0000109
50225,1996-05-22,I,0.2527805,0.0000102
50226,1996-05-23,I,0.2511069,0.0000112
50227,1996-05-24,I,0.2493890,0.0000129
50228,1996-05-25,I,0.2476111,0.0000122
50229,1996-05-26,I,0.2457611,0.0000188
50230,1996-05-27,I,0.2438458,0.0000153
50231,1996-05-28,I,0.2418896,0.0000134
50232,1996-05-29,I,0.2399248,0.0000128
50233,1996-05-30,I,0.2379809,0.0000114
50234,1996-05-31,I,0.2361053,0.0000111
50235,1996-06-01,I,0.2343238,0.0000105
50236,1996-06-02,I,0.2326310,0.0000101
50237,1996-06-03,I,0.2309839,0.0000085
50238,1996-06-04,I,0.2293191,0.0000105
50239,1996-06-05,I,0.2275770,0.0000116
50240,1996-06-06,I,0.2257442,0.0000138
50241,1996-06-07,I,0.2238221,0.0000133
50242,1996-06-08,I,0.2218240,0.0000136
50243,1996-06-09,I,0.2197735,0.0000148
50244,1996-06-10,I,0.2177147,0.0000129
50245,1996-06-11,I,0.2157127,0.0000131
50246,1996-06-12,I,0.2138219,0.0000121
50247,1996-06-13,I,0.2120739,0.0000130
50248,1996-06-14,I,0.2104798,0.0000128
50249,1996-06-15,I,0.2090372,0.0000134
50250,1996-06-16,I,0.2077315,0.0000150
50251,1996-06-17,I,0.2065017,0.0000108
50252,1996-06-18,I,0.2053034,0.0000136
50253,1996-06-19,I,0.2040934,0.0000151
50254,1996-06-20,I,0.2028256,0.0000155
50255,1996-06-21,I,0.2014737,0.0000151
50256,1996-06-22,I,0.2000335,0.0000159
50257,1996-06-23,I,0.1985121,0.0000161
50258,1996-06-24,I,0.1969397,0.0000103
50259,1996-06-25,I,0.1953581,0.0000050
50260,1996-06-26,I,0.1938074,0.0000045
50261,1996-06-27,I,0.1923004,0.0000050
50262,1996-06-28,I,0.1908688,0.0000050
50263,1996-06-29,I,0.1895402,0.0000048
50264,1996-06-30,I,0.1883047,0.0000074
50265,1996-07-01,I,0.1871257,0.0000087
50266,1996-07-02,I,0.1859454,0.0000205
50267,1996-07-03,I,0.1846963,0.0000209
50268,1996-07-04,I,0.1833284,0.0000216
50269,1996-07-05,I,0.1818781,0.0000209
50270,1996-07-06,I,0.1804172,0.0000195
50271,1996-07-07,I,0.1790058,0.0000146
50272,1996-07-08,I,0.1776827,0.0000085
50273,1996-07-09,I,0.1764691,0.0000105
50274,1996-07-10,I,0.1753690,0.0000103
50275,1996-07-11,I,0.1743671,0.0000097
50276,1996-07-12,I,0.1734554,0.0000097
50277,1996-07-13,I,0.1726175,0.0000091
50278,1996-07-14,I,0.1718071,0.0000116
50279,1996-07-15,I,0.1709798,0.0000092
50280,1996-07-16,I,0.1701068,0.0000062
50281,1996-07-17,I,0.1691706,0.0000063
50282,1996-07-18,I,0.1681560,0.0000074
50283,1996-07-19,I,0.1670503,0.0000073
50284,1996-07-20,I,0.1658675,0.0000061
50285,1996-07-21,I,0.1646226,0.0000079
50286,1996-07-22,I,0.1633317,0.0000072
50287,1996-07-23,I,0.1620112,0.0000051
50288,1996-07-24,I,0.1606759,0.0000049
50289,1996-07-25,I,0.1593380,0.0000053
50290,1996-07-26,I,0.1580340,0.0000054
50291,1996-07-27,I,0.1567900,0.0000053
50292,1996-07-28,I,0.1555698,0.0000059
50293,1996-07-29,I,0.1543052,0.0000054
50294,1996-07-30,I,0.1529285,0.0000080
50295,1996-07-31,I,0.1513944,0.0000089
50296,1996-08-01,I,0.1497062,0.0000117
50297,1996-08-02,I,0.1479419,0.0000121
50298,1996-08-03,I,0.1462116,0.0000118
50299,1996-08-04,I,0.1446181,0.0000258
50300,1996-08-05,I,0.1432162,0.0000225
50301,1996-08-06,I,0.1420101,0.0000268
50302,1996-08-07,I,0.1409863,0.0000293
50303,1996-08-08,I,0.1401254,0.0000308
50304,1996-08-09,I,0.1393797,0.0000314
50305,1996-08-10,I,0.1386916,0.0000267
50306,1996-08-11,I,0.1380267,0.0000314
50307,1996-08-12,I,0.1373348,0.0000215
50308,1996-08-13,I,0.1365844,0.0000168
50309,1996-08-14,I,0.1357608,0.0000142
50310,1996-08-15,I,0.1348527,0.0000133
50311,1996-08-16,I,0.1338526,0.0000115
50312,1996-08-17,I,0.1327641,0.0000083
50313,1996-08-18,I,0.1316126,0.0000085
50314,1996-08-19,I,0.1304387,0.0000074
50315,1996-08-20,I,0.1292702,0.0000066
50316,1996-08-21,I,0.1281239,0.0000089
50317,1996-08-22,I,0.1269986,0.0000109
50318,1996-08-23,I,0.1258829,0.0000111
50319,1996-08-24,I,0.1247726,0.0000128
50320,1996-08-25,I,0.1236394,0.0000215
50321,1996-08-26,I,0.1224258,0.0000148
50322,1996-08-27,I,0.1210817,0.0000131
50323,1996-08-28,I,0.1195793,0.0000110
50324,1996-08-29,I,0.1178937,0.0000130
50325,1996-08-30,I,0.1160979,0.0000128
50326,1996-08-31,I,0.1142972,0.0000114
50327,1996-09-01,I,0.1125892,0.0000107
50328,1996-09-02,I,0.1110439,0.0000089
50329,1996-09-03,I,0.1096882,0.0000083
50330,1996-09-04,I,0.1085140,0.0000067
50331,1996-09-05,I,0.1074697,0.0000067
50332,1996-09-06,I,0.1065102,0.0000048
50333,1996-09-07,I,0.1055810,0.0000051
50334,1996-09-08,I,0.1046443,0.0000068
50335,1996-09-09,I,0.1036456,0.0000079
50336,1996-09-10,I,0.1025275,0.0000103
50337,1996-09-11,I,0.1012340,0.0000170
50338,1996-09-12,I,0.0997267,0.0000162
50339,1996-09-13,I,0.0980494,0.0000154
50340,1996-09-14,I,0.0962748,0.0000094
50341,1996-09-15,I,0.0944614,0.0000074
50342,1996-09-16,I,0.0926553,0.0000048
50343,1996-09-17,I,0.0909044,0.0000038
50344,1996-09-18,I,0.0892408,0.0000033
50345,1996-09-19,I,0.0876456,0.0000042
50346,1996-09-20,I,0.0860766,0.0000039
50347,1996-09-21,I,0.0844781,0.0000045
50348,1996-09-22,I,0.0828060,0.0000069
50349,1996-09-23,I,0.0809897,0.0000066
50350,1996-09-24,I,0.0789821,0.0000077
50351,1996-09-25,I,0.0767816,0.0000101
50352,1996-09-26,I,0.0744470,0.0000102
50353,1996-09-27,I,0.0720855,0.0000095
50354,1996-09-28,I,0.0697982,0.0000064
50355,1996-09-29,I,0.0676484,0.0000068
50356,1996-09-30,I,0.0656471,0.0000059
50357,1996-10-01,I,0.0637685,0.0000043
50358,1996-10-02,I,0.0619853,0.0000041
50359,1996-10-03,I,0.0603279,0.0000044
50360,1996-10-04,I,0.0587533,0.0000043
50361,1996-10-05,I,0.0571995,0.0000047
50362,1996-10-06,I,0.0556093,0.0000048
50363,1996-10-07,I,0.0539571,0.0000053
50364,1996-10-08,I,0.0522207,0.0000058
50365,1996-10-09,I,0.0503846,0.0000080
50366,1996-10-10,I,0.0484412,0.0000081
50367,1996-10-11,I,0.0464085,0.0000074
50368,1996-10-12,I,0.0443186,0.0000048
50369,1996-10-13,I,0.0422025,0.0000056
50370,1996-10-14,I,0.0400901,0.0000047
50371,1996-10-15,I,0.0380158,0.0000039
50372,1996-10-16,I,0.0360063,0.0000037
50373,1996-10-17,I,0.0340650,0.0000044
50374,1996-10-18,I,0.0321752,0.0000046
50375,1996-10-19,I,0.0302686,0.0000062
50376,1996-10-20,I,0.0282546,0.0000073
50377,1996-10-21,I,0.0261109,0.0000094
50378,1996-10-22,I,0.0238534,0.0000120
50379,1996-10-23,I,0.0214994,0.0000155
50380,1996-10-24,I,0.0190565,0.0000175
50381,1996-10-25,I,0.0166042,0.0000164
50382,1996-10-26,I,0.0142378,0.0000154
50383,1996-10-27,I,0.0120173,0.0000181
50384,1996-10-28,I,0.0099672,0.0000096
50385,1996-10-29,I,0.0080767,0.0000112
50386,1996-10-30,I,0.0063228,0.0000090
50387,1996-10-31,I,0.0046680,0.0000096
50388,1996-11-01,I,0.0030492,0.0000096
50389,1996-11-02,I,0.0014189,0.0000086
50390,1996-11-03,I,-0.0002751,0.0000087
50391,1996-11-04,I,-0.0020760,0.0000068
50392,1996-11-05,I,-0.0040059,0.0000063
50393,1996-11-06,I,-0.0060663,0.0000053
50394,1996-11-07,I,-0.0082034,0.0000054
50395,1996-11-08,I,-0.0103823,0.0000046
50396,1996-11-09,I,-0.0125659,0.0000048
50397,1996-11-10,I,-0.0147006,0.0000045
50398,1996-11-11,I,-0.0167801,0.0000040
50399,1996-11-12,I,-0.0188207,0.0000039
50400,1996-11-13,I,-0.0208447,0.0000042
50401,1996-11-14,I,-0.0228168,0.0000051
50402,1996-11-15,I,-0.0246977,0.0000052
50403,1996-11-16,I,-0.0265391,0.0000058
50404,1996-11-17,I,-0.0284548,0.0000068
50405,1996-11-18,I,-0.0304757,0.0000072
50406,1996-11-19,I,-0.0325842,0.0000066
50407,1996-11-20,I,-0.0347420,0.0000060
50408,1996-11-21,I,-0.0369032,0.0000065
50409,1996-11-22,I,-0.0390021,0.0000062
50410,1996-11-23,I,-0.0409816,0.0000067
50411,1996-11-24,I,-0.0428270,0.0000067
50412,1996-11-25,I,-0.0445593,0.0000055
50413,1996-11-26,I,-0.0462081,0.0000059
50414,1996-11-27,I,-0.0478106,0.0000044
50415,1996-11-28,I,-0.0493859,0.0000049
50416,1996-11-29,I,-0.0509597,0.0000042
50417,1996-11-30,I,-0.0525595,0.0000043
50418,1996-12-01,I,-0.0542046,0.0000064
50419,1996-12-02,I,-0.0558944,0.0000069
50420,1996-12-03,I,-0.0576134,0.0000085
50421,1996-12-04,I,-0.0593555,0.0000080
50422,1996-12-05,I,-0.0611377,0.0000079
50423,1996-12-06,I,-0.0629464,0.0000073
50424,1996-12-07,I,-0.0647395,0.0000097
50425,1996-12-08,I,-0.0664871,0.0000077
50426,1996-12-09,I,-0.0681783,0.0000056
50427,1996-12-10,I,-0.0698246,0.0000052
50428,1996-12-11,I,-0.0714568,0.0000061
50429,1996-12-12,I,-0.0731184,0.0000067
50430,1996-12-13,I,-0.0748482,0.0000069
50431,1996-12-14,I,-0.0766884,0.0000065
50432,1996-12-15,I,-0.0786567,0.0000147
50433,1996-12-16,I,-0.0807312,0.0000090
50434,1996-12-17,I,-0.0828724,0.0000089
50435,1996-12-18,I,-0.0850402,0.0000091
50436,1996-12-19,I,-0.0871980,0.0000092
50437,1996-12-20,I,-0.0892835,0.0000096
50438,1996-12-21,I,-0.0912506,0.0000095
50439,1996-12-22,I,-0.0931049,0.0000143
50440,1996-12-23,I,-0.0948824,0.0000137
50441,1996-12-24,I,-0.0966050,0.0000118
50442,1996-12-25,I,-0.0982878,0.0000117
50443,1996-12-26,I,-0.0999625,0.0000096
50444,1996-12-27,I,-0.1016632,0.0000089
50445,1996-12-28,I,-0.1034160,0.0000134
50446,1996-12-29,I,-0.1052344,0.0000116
50447,1996-12-30,I,-0.1071200,0.0000119
50448,1996-12-31,I,-0.1090635,0.0000148
50449,1997-01-01,I,-0.1110486,0.0000160
50450,1997-01-02,I,-0.1130531,0.0000172
50451,1997-01-03,I,-0.1150555,0.0000165
50452,1997-01-04,I,-0.1170293,0.0000202
50453,1997-01-05,I,-0.1189555,0.0000187
50454,1997-01-06,I,-0.1208321,0.0000095
50455,1997-01-07,I,-0.1226723,0.0000074
50456,1997-01-08,I,-0.1245120,0.0000075
50457,1997-01-09,I,-0.1263974,0.0000080
50458,1997-01-10,I,-0.1283633,0.0000081
50459,1997-01-11,I,-0.1304342,0.0000090
50460,1997-01-12,I,-0.1325949,0.0000073
50461,1997-01-13,I,-0.1348112,0.0000107
50462,1997-01-14,I,-0.1370468,0.0000098
50463,1997-01-15,I,-0.1392488,0.0000103
50464,1997-01-16,I,-0.1413634,0.0000104
50465,1997-01-17,I,-0.1433445,0.0000094
50466,1997-01-18,I,-0.1451642,0.0000096
50467,1997-01-19,I,-0.1468222,0.0000095
50468,1997-01-20,I,-0.1483507,0.0000068
50469,1997-01-21,I,-0.1497942,0.0000055
50470,1997-01-22,I,-0.1512068,0.0000052
50471,1997-01-23,I,-0.1526505,0.0000054
50472,1997-01-24,I,-0.1541289,0.0000051
50473,1997-01-25,I,-0.1556195,0.0000066
50474,1997-01-26,I,-0.1571450,0.0000070
50475,1997-01-27,I,-0.1587262,0.0000093
50476,1997-01-28,I,-0.1603647,0.0000073
50477,1997-01-29,I,-0.1620237,0.0000082
50478,1997-01-30,I,-0.1636273,0.0000085
50479,1997-01-31,I,-0.1651655,0.0000072
50480,1997-02-01,I,-0.1666479,0.0000067
50481,1997-02-02,I,-0.1680344,0.0000065
50482,1997-02-03,I,-0.1693311,0.0000062
50483,1997-02-04,I,-0.1705927,0.0000065
50484,1997-02-05,I,-0.1718975,0.0000061
50485,1997-02-06,I,-0.1733399,0.0000073
50486,1997-02-07,I,-0.1749655,0.0000075
50487,1997-02-08,I,-0.1767845,0.0000125
50488,1997-02-09,I,-0.1787497,0.0000093
50489,1997-02-10,I,-0.1807885,0.0000081
50490,1997-02-11,I,-0.1828615,0.0000078
50491,1997-02-12,I,-0.1849246,0.0000070
50492,1997-02-13,I,-0.1868698,0.0000084
50493,1997-02-14,I,-0.1886672,0.0000087
50494,1997-02-15,I,-0.1903496,0.0000085
50495,1997-02-16,I,-0.1919421,0.0000141
50496,1997-02-17,I,-0.1934717,0.0000113
50497,1997-02-18,I,-0.1949944,0.0000096
50498,1997-02-19,I,-0.1965501,0.0000073
50499,1997-02-20,I,-0.1981592,0.0000072
50500,1997-02-21,I,-0.1998471,0.0000065
50501,1997-02-22,I,-0.2016242,0.0000062
50502,1997-02-23,I,-0.2034987,0.0000090
50503,1997-02-24,I,-0.2054556,0.0000089
50504,1997-02-25,I,-0.2074754,0.0000100
50505,1997-02-26,I,-0.2095069,0.0000101
50506,1997-02-27,I,-0.2115197,0.0000105
50507,1997-02-28,I,-0.2135268,0.0000101
50508,1997-03-01,I,-0.2155381,0.0000102
50509,1997-03-02,I,-0.2175554,0.0000110
50510,1997-03-03,I,-0.2195808,0.0000076
50511,1997-03-04,I,-0.2216314,0.0000068
50512,1997-03-05,I,-0.2237477,0.0000059
50513,1997-03-06,I,-0.2259856,0.0000086
50514,1997-03-07,I,-0.2284086,0.0000084
50515,1997-03-08,I,-0.2310370,0.0000091
50516,1997-03-09,I,-0.2338305,0.0000097
50517,1997-03-10,I,-0.2366965,0.0000071
50518,1997-03-11,I,-0.2395397,0.0000068
50519,1997-03-12,I,-0.2422826,0.0000047
50520,1997-03-13,I,-0.2448799,0.0000058
50521,1997-03-14,I,-0.2473432,0.0000050
50522,1997-03-15,I,-0.2497171,0.0000051
50523,1997-03-16,I,-0.2520524,0.0000111
50524,1997-03-17,I,-0.2543874,0.0000070
50525,1997-03-18,I,-0.2567432,0.0000064
50526,1997-03-19,I,-0.2591406,0.0000066
50527,1997-03-20,I,-0.2615925,0.0000065
50528,1997-03-21,I,-0.2640623,0.0000073
50529,1997-03-22,I,-0.2665600,0.0000068
50530,1997-03-23,I,-0.2691000,0.0000070
50531,1997-03-24,I,-0.2716668,0.0000076
50532,1997-03-25,I,-0.2742399,0.0000071
50533,1997-03-26,I,-0.2767937,0.0000073
50534,1997-03-27,I,-0.2793032,0.0000061
50535,1997-03-28,I,-0.2817595,0.0000062
50536,1997-03-29,I,-0.2841759,0.0000055
50537,1997-03-30,I,-0.2865684,0.0000063
50538,1997-03-31,I,-0.2889622,0.0000053
50539,1997-04-01,I,-0.2913950,0.0000053
50540,1997-04-02,I,-0.2939026,0.0000052
50541,1997-04-03,I,-0.2965173,0.0000054
50542,1997-04-04,I,-0.2992667,0.0000046
50543,1997-04-05,I,-0.3021503,0.0000051
50544,1997-04-06,I,-0.3051146,0.0000058
50545,1997-04-07,I,-0.3080719,0.0000045
50546,1997-04-08,I,-0.3109337,0.0000046
50547,1997-04-09,I,-0.3136397,0.0000051
50548,1997-04-10,I,-0.3161888,0.0000056
50549,1997-04-11,I,-0.3185955,0.0000056
50550,1997-04-12,I,-0.3208919,0.0000062
50551,1997-04-13,I,-0.3231144,0.0000150
50552,1997-04-14,I,-0.3253019,0.0000088
50553,1997-04-15,I,-0.3274855,0.0000069
50554,1997-04-16,I,-0.3296933,0.0000065
50555,1997-04-17,I,-0.3319670,0.0000067
50556,1997-04-18,I,-0.3342865,0.0000063
50557,1997-04-19,I,-0.3366253,0.0000055
50558,1997-04-20,I,-0.3389850,0.0000056
50559,1997-04-21,I,-0.3413476,0.0000066
50560,1997-04-22,I,-0.3436692,0.0000069
50561,1997-04-23,I,-0.3459163,0.0000059
50562,1997-04-24,I,-0.3480818,0.0000061
50563,1997-04-25,I,-0.3501698,0.0000105
50564,1997-04-26,I,-0.3521904,0.0000113
50565,1997-04-27,I,-0.3541570,0.0000163
50566,1997-04-28,I,-0.3561023,0.0000117
50567,1997-04-29,I,-0.3580781,0.0000110
50568,1997-04-30,I,-0.3601355,0.0000112
50569,1997-05-01,I,-0.3623091,0.0000101
50570,1997-05-02,I,-0.3645905,0.0000106
50571,1997-05-03,I,-0.3669788,0.0000102
50572,1997-05-04,I,-0.3694563,0.0000124
50573,1997-05-05,I,-0.3719660,0.0000136
50574,1997-05-06,I,-0.3744398,0.0000143
50575,1997-05-07,I,-0.3768360,0.0000132
50576,1997-05-08,I,-0.3790923,0.0000129
50577,1997-05-09,I,-0.3812157,0.0000127
50578,1997-05-10,I,-0.3832600,0.0000134
50579,1997-05-11,I,-0.3852491,0.0000118
50580,1997-05-12,I,-0.3872073,0.0000048
50581,1997-05-13,I,-0.3891574,0.0000040
50582,1997-05-14,I,-0.3911112,0.0000042
50583,1997-05-15,I,-0.3930716,0.0000056
50584,1997-05-16,I,-0.3950484,0.0000056
50585,1997-05-17,I,-0.3970597,0.0000045
50586,1997-05-18,I,-0.3991102,0.0000058
50587,1997-05-19,I,-0.4011869,0.0000066
50588,1997-05-20,I,-0.4032776,0.0000061
50589,1997-05-21,I,-0.4053668,0.0000050
50590,1997-05-22,I,-0.4074215,0.0000052
50591,1997-05-23,I,-0.4094272,0.0000052
50592,1997-05-24,I,-0.4114004,0.0000080
50593,1997-05-25,I,-0.4133700,0.0000112
50594,1997-05-26,I,-0.4153756,0.0000103
50595,1997-05-27,I,-0.4174680,0.0000103
50596,1997-05-28,I,-0.4196912,0.0000112
50597,1997-05-29,I,-0.4220631,0.0000120
50598,1997-05-30,I,-0.4245540,0.0000110
50599,1997-05-31,I,-0.4270924,0.0000106
50600,1997-06-01,I,-0.4296031,0.0000144
50601,1997-06-02,I,-0.4320241,0.0000134
50602,1997-06-03,I,-0.4342910,0.0000131
50603,1997-06-04,I,-0.4363620,0.0000127
50604,1997-06-05,I,-0.4382183,0.0000125
50605,1997-06-06,I,-0.4398880,0.0000125
50606,1997-06-07,I,-0.4414402,0.0000101
50607,1997-06-08,I,-0.4429250,0.0000062
50608,1997-06-09,I,-0.4443850,0.0000047
50609,1997-06-10,I,-0.4458595,0.0000053
50610,1997-06-11,I,-0.4473781,0.0000071
50611,1997-06-12,I,-0.4489494,0.0000073
50612,1997-06-13,I,-0.4505541,0.0000111
50613,1997-06-14,I,-0.4521635,0.0000149
50614,1997-06-15,I,-0.4537489,0.0000133
50615,1997-06-16,I,-0.4552787,0.0000124
50616,1997-06-17,I,-0.4567268,0.0000122
50617,1997-06-18,I,-0.4580718,0.0000119
50618,1997-06-19,I,-0.4592707,0.0000108
50619,1997-06-20,I,-0.4603355,0.0000112
50620,1997-06-21,I,-0.4613241,0.0000092
50621,1997-06-22,I,-0.4623024,0.0000099
50622,1997-06-23,I,-0.4633401,0.0000075
50623,1997-06-24,I,-0.4644808,0.0000076
50624,1997-06-25,I,-0.4657320,0.0000077
50625,1997-06-26,I,-0.4670695,0.0000076
50626,1997-06-27,I,-0.4684438,0.0000078
50627,1997-06-28,I,-0.4697828,0.0000083
50628,1997-06-29,I,-0.4710244,0.0000084
50629,1997-06-30,I,-0.4721291,0.0000089
50630,1997-07-01,I,0.5269261,0.0000088
50631,1997-07-02,I,0.5261415,0.0000080
50632,1997-07-03,I,0.5255008,0.0000083
50633,1997-07-04,I,0.5249556,0.0000085
50634,1997-07-05,I,0.5244381,0.0000096
50635,1997-07-06,I,0.5238855,0.0000111
50636,1997-07-07,I,0.5232517,0.0000076
50637,1997-07-08,I,0.5225198,0.0000073
50638,1997-07-09,I,0.5216947,0.0000073
50639,1997-07-10,I,0.5207898,0.0000084
50640,1997-07-11,I,0.5198116,0.0000080
50641,1997-07-12,I,0.5187733,0.0000099
50642,1997-07-13,I,0.5176843,0.0000107
50643,1997-07-14,I,0.5165684,0.0000091
50644,1997-07-15,I,0.5154588,0.0000104
50645,1997-07-16,I,0.5143944,0.0000096
50646,1997-07-17,I,0.5133634,0.0000097
50647,1997-07-18,I,0.5122995,0.0000079
50648,1997-07-19,I,0.5111376,0.0000081
50649,1997-07-20,I,0.5098301,0.0000169
50650,1997-07-21,I,0.5083338,0.0000110
50651,1997-07-22,I,0.5066406,0.0000093
50652,1997-07-23,I,0.5047831,0.0000093
50653,1997-07-24,I,0.5028170,0.0000108
50654,1997-07-25,I,0.5007926,0.0000105
50655,1997-07-26,I,0.4988191,0.0000105
50656,1997-07-27,I,0.4969678,0.0000099
50657,1997-07-28,I,0.4952746,0.0000062
50658,1997-07-29,I,0.4937384,0.0000074
50659,1997-07-30,I,0.4923415,0.0000050
50660,1997-07-31,I,0.4910565,0.0000064
50661,1997-08-01,I,0.4898258,0.0000064
50662,1997-08-02,I,0.4885938,0.0000065
50663,1997-08-03,I,0.4873380,0.0000098
50664,1997-08-04,I,0.4860495,0.0000077
50665,1997-08-05,I,0.4847120,0.0000083
50666,1997-08-06,I,0.4833255,0.0000074
50667,1997-08-07,I,0.4818982,0.0000074
50668,1997-08-08,I,0.4804359,0.0000071
50669,1997-08-09,I,0.4789580,0.0000055
50670,1997-08-10,I,0.4775031,0.0000104
50671,1997-08-11,I,0.4761068,0.0000071
50672,1997-08-12,I,0.4747865,0.0000070
50673,1997-08-13,I,0.4735395,0.0000072
50674,1997-08-14,I,0.4723531,0.0000102
50675,1997-08-15,I,0.4711922,0.0000103
50676,1997-08-16,I,0.4699884,0.0000099
50677,1997-08-17,I,0.4686650,0.0000184
50678,1997-08-18,I,0.4671775,0.0000131
50679,1997-08-19,I,0.4655244,0.0000107
50680,1997-08-20,I,0.4637249,0.0000078
50681,1997-08-21,I,0.4618272,0.0000085
50682,1997-08-22,I,0.4599417,0.0000082
50683,1997-08-23,I,0.4581639,0.0000082
50684,1997-08-24,I,0.4565411,0.0000112
50685,1997-08-25,I,0.4550797,0.0000157
50686,1997-08-26,I,0.4537342,0.0000164
50687,1997-08-27,I,0.4524346,0.0000158
50688,1997-08-28,I,0.4511327,0.0000149
50689,1997-08-29,I,0.4498222,0.0000152
50690,1997-08-30,I,0.4484896,0.0000136
50691,1997-08-31,I,0.4471150,0.0000117
50692,1997-09-01,I,0.4456729,0.0000076
50693,1997-09-02,I,0.4441532,0.0000077
50694,1997-09-03,I,0.4425718,0.0000078
50695,1997-09-04,I,0.4409570,0.0000090
50696,1997-09-05,I,0.4393482,0.0000086
50697,1997-09-06,I,0.4377683,0.0000074
50698,1997-09-07,I,0.4362221,0.0000074
50699,1997-09-08,I,0.4347132,0.0000060
50700,1997-09-09,I,0.4332759,0.0000060
50701,1997-09-10,I,0.4319162,0.0000057
50702,1997-09-11,I,0.4305396,0.0000068
50703,1997-09-12,I,0.4290799,0.0000068
50704,1997-09-13,I,0.4275021,0.0000082
50705,1997-09-14,I,0.4257695,0.0000167
50706,1997-09-15,I,0.4238285,0.0000146
50707,1997-09-16,I,0.4216620,0.0000130
50708,1997-09-17,I,0.4193113,0.0000103
50709,1997-09-18,I,0.4168703,0.0000124
50710,1997-09-19,I,0.4144613,0.0000126
50711,1997-09-20,I,0.4121901,0.0000119
50712,1997-09-21,I,0.4101030,0.0000100
50713,1997-09-22,I,0.4081827,0.0000074
50714,1997-09-23,I,0.4063825,0.0000087
50715,1997-09-24,I,0.4046454,0.0000076
50716,1997-09-25,I,0.4029194,0.0000078
50717,1997-09-26,I,0.4011487,0.0000076
50718,1997-09-27,I,0.3992914,0.0000104
50719,1997-09-28,I,0.3973618,0.0000203
50720,1997-09-29,I,0.3953822,0.0000174
50721,1997-09-30,I,0.3933814,0.0000189
50722,1997-10-01,I,0.3913695,0.0000184
50723,1997-10-02,I,0.3893106,0.0000162
50724,1997-10-03,I,0.3872390,0.0000122
50725,1997-10-04,I,0.3852107,0.0000103
50726,1997-10-05,I,0.3832534,0.0000126
50727,1997-10-06,I,0.3813666,0.0000100
50728,1997-10-07,I,0.3795260,0.0000097
50729,1997-10-08,I,0.3776920,0.0000105
50730,1997-10-09,I,0.3758123,0.0000121
50731,1997-10-10,I,0.3738457,0.0000127
50732,1997-10-11,I,0.3717615,0.0000112
50733,1997-10-12,I,0.3695290,0.0000150
50734,1997-10-13,I,0.3671361,0.0000133
50735,1997-10-14,I,0.3646143,0.0000129
50736,1997-10-15,I,0.3620244,0.0000102
50737,1997-10-16,I,0.3594354,0.0000107
50738,1997-10-17,I,0.3569280,0.0000099
50739,1997-10-18,I,0.3545749,0.0000074
50740,1997-10-19,I,0.3524048,0.0000061
50741,1997-10-20,I,0.3503967,0.0000084
50742,1997-10-21,I,0.3485114,0.0000083
50743,1997-10-22,I,0.3467065,0.0000078
50744,1997-10-23,I,0.3449494,0.0000081
50745,1997-10-24,I,0.3431936,0.0000085
50746,1997-10-25,I,0.3413970,0.0000091
50747,1997-10-26,I,0.3395408,0.0000101
50748,1997-10-27,I,0.3376205,0.0000058
50749,1997-10-28,I,0.3356433,0.0000067
50750,1997-10-29,I,0.3336132,0.0000061
50751,1997-10-30,I,0.3315395,0.0000100
50752,1997-10-31,I,0.3294321,0.0000100
50753,1997-11-01,I,0.3273014,0.0000106
50754,1997-11-02,I,0.3251839,0.0000106
50755,1997-11-03,I,0.3231068,0.0000109
50756,1997-11-04,I,0.3210681,0.0000109
50757,1997-11-05,I,0.3190272,0.0000090
50758,1997-11-06,I,0.3168982,0.0000092
50759,1997-11-07,I,0.3146564,0.0000083
50760,1997-11-08,I,0.3123050,0.0000081
50761,1997-11-09,I,0.3098320,0.0000127
50762,1997-11-10,I,0.3072260,0.0000098
50763,1997-11-11,I,0.3045463,0.0000079
50764,1997-11-12,I,0.3018847,0.0000067
50765,1997-11-13,I,0.2993371,0.0000081
50766,1997-11-14,I,0.2970003,0.0000082
50767,1997-11-15,I,0.2949232,0.0000068
50768,1997-11-16,I,0.2930731,0.0000065
50769,1997-11-17,I,0.2913821,0.0000051
50770,1997-11-18,I,0.2897863,0.0000060
50771,1997-11-19,I,0.2882205,0.0000050
50772,1997-11-20,I,0.2866322,0.0000061
50773,1997-11-21,I,0.2850269,0.0000059
50774,1997-11-22,I,0.2834204,0.0000062
50775,1997-11-23,I,0.2818001,0.0000091
50776,1997-11-24,I,0.2801608,0.0000068
50777,1997-11-25,I,0.2785119,0.0000068
50778,1997-11-26,I,0.2768741,0.0000049
50779,1997-11-27,I,0.2752764,0.0000055
50780,1997-11-28,I,0.2737345,0.0000053
50781,1997-11-29,I,0.2722546,0.0000057
50782,1997-11-30,I,0.2708301,0.0000066
50783,1997-12-01,I,0.2694393,0.0000063
50784,1997-12-02,I,0.2680547,0.0000064
50785,1997-12-03,I,0.2666459,0.0000050
50786,1997-12-04,I,0.2651873,0.0000073
50787,1997-12-05,I,0.2636229,0.0000072
50788,1997-12-06,I,0.2618948,0.0000072
50789,1997-12-07,I,0.2599537,0.0000093
50790,1997-12-08,I,0.2578036,0.0000073
50791,1997-12-09,I,0.2555369,0.0000077
50792,1997-12-10,I,0.2532653,0.0000058
50793,1997-12-11,I,0.2510836,0.0000058
50794,1997-12-12,I,0.2490356,0.0000058
50795,1997-12-13,I,0.2471526,0.0000055
50796,1997-12-14,I,0.2454420,0.0000074
50797,1997-12-15,I,0.2438651,0.0000052
50798,1997-12-16,I,0.2423586,0.0000054
50799,1997-12-17,I,0.2408796,0.0000060
50800,1997-12-18,I,0.2393906,0.0000079
50801,1997-12-19,I,0.2378700,0.0000076
50802,1997-12-20,I,0.2362915,0.0000078
50803,1997-12-21,I,0.2346512,0.0000075
50804,1997-12-22,I,0.2329681,0.0000091
50805,1997-12-23,I,0.2312540,0.0000088
50806,1997-12-24,I,0.2295493,0.0000062
50807,1997-12-25,I,0.2278985,0.0000065
50808,1997-12-26,I,0.2263280,0.0000058
50809,1997-12-27,I,0.2248562,0.0000063
50810,1997-12-28,I,0.2234837,0.0000054
50811,1997-12-29,I,0.2221838,0.0000055
50812,1997-12-30,I,0.2208956,0.0000055
50813,1997-12-31,I,0.2195610,0.0000050
50814,1998-01-01,I,0.2181311,0.0000062
50815,1998-01-02,I,0.2165517,0.0000063
50816,1998-01-03,I,0.2147923,0.0000074
50817,1998-01-04,I,0.2128567,0.0000148
50818,1998-01-05,I,0.2107935,0.0000104
50819,1998-01-06,I,0.2087199,0.0000116
50820,1998-01-07,I,0.2067387,0.0000102
50821,1998-01-08,I,0.2048928,0.0000105
50822,1998-01-09,I,0.2032115,0.0000084
50823,1998-01-10,I,0.2016942,0.0000078
50824,1998-01-11,I,0.2002789,0.0000074
50825,1998-01-12,I,0.1988863,0.0000054
50826,1998-01-13,I,0.1974619,0.0000052
50827,1998-01-14,I,0.1959551,0.0000050
50828,1998-01-15,I,0.1943587,0.0000052
50829,1998-01-16,I,0.1927044,0.0000047
50830,1998-01-17,I,0.1910170,0.0000055
50831,1998-01-18,I,0.1892995,0.0000089
50832,1998-01-19,I,0.1875517,0.0000069
50833,1998-01-20,I,0.1857944,0.0000072
50834,1998-01-21,I,0.1840535,0.0000076
50835,1998-01-22,I,0.1823334,0.0000072
50836,1998-01-23,I,0.1806316,0.0000074
50837,1998-01-24,I,0.1789359,0.0000080
50838,1998-01-25,I,0.1772365,0.0000097
50839,1998-01-26,I,0.1755314,0.0000096
50840,1998-01-27,I,0.1737675,0.0000087
50841,1998-01-28,I,0.1718573,0.0000098
50842,1998-01-29,I,0.1697264,0.0000099
50843,1998-01-30,I,0.1673805,0.0000096
50844,1998-01-31,I,0.1648847,0.0000108
50845,1998-02-01,I,0.1623368,0.0000103
50846,1998-02-02,I,0.1597864,0.0000098
50847,1998-02-03,I,0.1572768,0.0000099
50848,1998-02-04,I,0.1548382,0.0000099
50849,1998-02-05,I,0.1524722,0.0000105
50850,1998-02-06,I,0.1502108,0.0000106
50851,1998-02-07,I,0.1480705,0.0000096
50852,1998-02-08,I,0.1460010,0.0000107
50853,1998-02-09,I,0.1439637,0.0000093
50854,1998-02-10,I,0.1419822,0.0000092
50855,1998-02-11,I,0.1400562,0.0000085
50856,1998-02-12,I,0.1381201,0.0000084
50857,1998-02-13,I,0.1361528,0.0000062
50858,1998-02-14,I,0.1341616,0.0000080
50859,1998-02-15,I,0.1321653,0.0000086
50860,1998-02-16,I,0.1301790,0.0000067
50861,1998-02-17,I,0.1282172,0.0000137
50862,1998-02-18,I,0.1263122,0.0000149
50863,1998-02-19,I,0.1245008,0.0000157
50864,1998-02-20,I,0.1227290,0.0000153
50865,1998-02-21,I,0.1209391,0.0000151
50866,1998-02-22,I,0.1191277,0.0000144
50867,1998-02-23,I,0.1172648,0.0000085
50868,1998-02-24,I,0.1152984,0.0000100
50869,1998-02-25,I,0.1131814,0.0000101
50870,1998-02-26,I,0.1109021,0.0000106
50871,1998-02-27,I,0.1084813,0.0000109
50872,1998-02-28,I,0.1059353,0.0000108
50873,1998-03-01,I,0.1032948,0.0000154
50874,1998-03-02,I,0.1006629,0.0000108
50875,1998-03-03,I,0.0981429,0.0000077
50876,1998-03-04,I,0.0957989,0.0000060
50877,1998-03-05,I,0.0936253,0.0000062
50878,1998-03-06,I,0.0915884,0.0000067
50879,1998-03-07,I,0.0896525,0.0000076
50880,1998-03-08,I,0.0877829,0.0000098
50881,1998-03-09,I,0.0859420,0.0000085
50882,1998-03-10,I,0.0840831,0.0000066
50883,1998-03-11,I,0.0821495,0.0000066
50884,1998-03-12,I,0.0800953,0.0000064
50885,1998-03-13,I,0.0779874,0.0000061
50886,1998-03-14,I,0.0758629,0.0000059
50887,1998-03-15,I,0.0737455,0.0000048
50888,1998-03-16,I,0.0716654,0.0000068
50889,1998-03-17,I,0.0696432,0.0000063
50890,1998-03-18,I,0.0676988,0.0000048
50891,1998-03-19,I,0.0658410,0.0000055
50892,1998-03-20,I,0.0640541,0.0000053
50893,1998-03-21,I,0.0623061,0.0000064
50894,1998-03-22,I,0.0605529,0.0000069
50895,1998-03-23,I,0.0587462,0.0000050
50896,1998-03-24,I,0.0568356,0.0000063
50897,1998-03-25,I,0.0547640,0.0000070
50898,1998-03-26,I,0.0524558,0.0000079
50899,1998-03-27,I,0.0499457,0.0000079
50900,1998-03-28,I,0.0473542,0.0000089
50901,1998-03-29,I,0.0447827,0.0000131
50902,1998-03-30,I,0.0422962,0.0000145
50903,1998-03-31,I,0.0399693,0.0000142
50904,1998-04-01,I,0.0378282,0.0000129
50905,1998-04-02,I,0.0358396,0.0000120
50906,1998-04-03,I,0.0339623,0.0000109
50907,1998-04-04,I,0.0321444,0.0000112
50908,1998-04-05,I,0.0303344,0.0000127
50909,1998-04-06,I,0.0284990,0.0000117
50910,1998-04-07,I,0.0266224,0.0000111
50911,1998-04-08,I,0.0246978,0.0000112
50912,1998-04-09,I,0.0227341,0.0000111
50913,1998-04-10,I,0.0207847,0.0000109
50914,1998-04-11,I,0.0188465,0.0000102
50915,1998-04-12,I,0.0168945,0.0000088
50916,1998-04-13,I,0.0149480,0.0000068
50917,1998-04-14,I,0.0130601,0.0000074
50918,1998-04-15,I,0.0112583,0.0000067
50919,1998-04-16,I,0.0095222,0.0000069
50920,1998-04-17,I,0.0078539,0.0000072
50921,1998-04-18,I,0.0061968,0.0000085
50922,1998-04-19,I,0.0044997,0.0000092
50923,1998-04-20,I,0.0027157,0.0000089
50924,1998-04-21,I,0.0007964,0.0000082
50925,1998-04-22,I,-0.0012989,0.0000080
50926,1998-04-23,I,-0.0035787,0.0000082
50927,1998-04-24,I,-0.0060350,0.0000077
50928,1998-04-25,I,-0.0085988,0.0000075
50929,1998-04-26,I,-0.0111338,0.0000074
50930,1998-04-27,I,-0.0135172,0.0000093
50931,1998-04-28,I,-0.0156916,0.0000099
50932,1998-04-29,I,-0.0176657,0.0000089
50933,1998-04-30,I,-0.0195062,0.0000085
50934,1998-05-01,I,-0.0212946,0.0000091
50935,1998-05-02,I,-0.0230758,0.0000069
50936,1998-05-03,I,-0.0248584,0.0000115
50937,1998-05-04,I,-0.0266392,0.0000097
50938,1998-05-05,I,-0.0284175,0.0000086
50939,1998-05-06,I,-0.0302087,0.0000086
50940,1998-05-07,I,-0.0320523,0.0000083
50941,1998-05-08,I,-0.0339004,0.0000083
50942,1998-05-09,I,-0.0357143,0.0000085
50943,1998-05-10,I,-0.0374909,0.0000050
50944,1998-05-11,I,-0.0392064,0.0000052
50945,1998-05-12,I,-0.0408359,0.0000038
50946,1998-05-13,I,-0.0423686,0.0000049
50947,1998-05-14,I,-0.0438156,0.0000069
50948,1998-05-15,I,-0.0452223,0.0000069
50949,1998-05-16,I,-0.0466623,0.0000071
50950,1998-05-17,I,-0.0482125,0.0000079
50951,1998-05-18,I,-0.0499273,0.0000060
50952,1998-05-19,I,-0.0518377,0.0000109
50953,1998-05-20,I,-0.0539439,0.0000106
50954,1998-05-21,I,-0.0562065,0.0000104
50955,1998-05-22,I,-0.0585527,0.0000104
50956,1998-05-23,I,-0.0609448,0.0000103
50957,1998-05-24,I,-0.0632712,0.0000118
50958,1998-05-25,I,-0.0654240,0.0000087
50959,1998-05-26,I,-0.0673566,0.0000086
50960,1998-05-27,I,-0.0690710,0.0000095
50961,1998-05-28,I,-0.0705917,0.0000124
50962,1998-05-29,I,-0.0719757,0.0000130
50963,1998-05-30,I,-0.0732972,0.0000137
50964,1998-05-31,I,-0.0746130,0.0000099
50965,1998-06-01,I,-0.0759441,0.0000081
50966,1998-06-02,I,-0.0772710,0.0000085
50967,1998-06-03,I,-0.0785817,0.0000068
50968,1998-06-04,I,-0.0798776,0.0000076
50969,1998-06-05,I,-0.0811453,0.0000068
50970,1998-06-06,I,-0.0823558,0.0000067
50971,1998-06-07,I,-0.0834578,0.0000084
50972,1998-06-08,I,-0.0844325,0.0000069
50973,1998-06-09,I,-0.0852839,0.0000066
50974,1998-06-10,I,-0.0860324,0.0000086
50975,1998-06-11,I,-0.0867264,0.0000099
50976,1998-06-12,I,-0.0874057,0.0000106
50977,1998-06-13,I,-0.0881018,0.0000102
50978,1998-06-14,I,-0.0888606,0.0000133
50979,1998-06-15,I,-0.0897194,0.0000129
50980,1998-06-16,I,-0.0906527,0.0000097
50981,1998-06-17,I,-0.0916352,0.0000091
50982,1998-06-18,I,-0.0926416,0.0000089
50983,1998-06-19,I,-0.0936165,0.0000089
50984,1998-06-20,I,-0.0945414,0.0000090
50985,1998-06-21,I,-0.0953728,0.0000051
50986,1998-06-22,I,-0.0960629,0.0000071
50987,1998-06-23,I,-0.0965964,0.0000082
50988,1998-06-24,I,-0.0970144,0.0000090
50989,1998-06-25,I,-0.0973995,0.0000091
50990,1998-06-26,I,-0.0977920,0.0000083
50991,1998-06-27,I,-0.0982186,0.0000097
50992,1998-06-28,I,-0.0986858,0.0000114
50993,1998-06-29,I,-0.0992064,0.0000098
50994,1998-06-30,I,-0.0997867,0.0000086
50995,1998-07-01,I,-0.1004088,0.0000085
50996,1998-07-02,I,-0.1010330,0.0000086
50997,1998-07-03,I,-0.1015981,0.0000073
50998,1998-07-04,I,-0.1020668,0.0000049
50999,1998-07-05,I,-0.1024404,0.0000046
51000,1998-07-06,I,-0.1027186,0.0000069
51001,1998-07-07,I,-0.1028967,0.0000071
51002,1998-07-08,I,-0.1029824,0.0000099
51003,1998-07-09,I,-0.1030035,0.0000099
51004,1998-07-10,I,-0.1030415,0.0000102
51005,1998-07-11,I,-0.1031947,0.0000090
51006,1998-07-12,I,-0.1035226,0.0000083
51007,1998-07-13,I,-0.1040298,0.0000084
51008,1998-07-14,I,-0.1046812,0.0000062
51009,1998-07-15,I,-0.1054190,0.0000063
51010,1998-07-16,I,-0.1061736,0.0000069
51011,1998-07-17,I,-0.1068659,0.0000066
51012,1998-07-18,I,-0.1074393,0.0000070
51013,1998-07-19,I,-0.1078724,0.0000059
51014,1998-07-20,I,-0.1081643,0.0000097
51015,1998-07-21,I,-0.1083311,0.0000110
51016,1998-07-22,I,-0.1084226,0.0000112
51017,1998-07-23,I,-0.1085224,0.0000112
51018,1998-07-24,I,-0.1086844,0.0000112
51019,1998-07-25,I,-0.1089446,0.0000119
51020,1998-07-26,I,-0.1093143,0.0000113
51021,1998-07-27,I,-0.1097623,0.0000102
51022,1998-07-28,I,-0.1102469,0.0000088
51023,1998-07-29,I,-0.1107304,0.0000106
51024,1998-07-30,I,-0.1111935,0.0000105
51025,1998-07-31,I,-0.1116704,0.0000106
51026,1998-08-01,I,-0.1121369,0.0000105
51027,1998-08-02,I,-0.1125522,0.0000092
51028,1998-08-03,I,-0.1129176,0.0000130
51029,1998-08-04,I,-0.1132469,0.0000060
51030,1998-08-05,I,-0.1135605,0.0000060
51031,1998-08-06,I,-0.1138838,0.0000067
51032,1998-08-07,I,-0.1142743,0.0000065
51033,1998-08-08,I,-0.1147954,0.0000035
51034,1998-08-09,I,-0.1154840,0.0000045
51035,1998-08-10,I,-0.1163391,0.0000040
51036,1998-08-11,I,-0.1173091,0.0000046
51037,1998-08-12,I,-0.1183170,0.0000043
51038,1998-08-13,I,-0.1192872,0.0000053
51039,1998-08-14,I,-0.1201329,0.0000062
51040,1998-08-15,I,-0.1207999,0.0000081
51041,1998-08-16,I,-0.1212755,0.0000198
51042,1998-08-17,I,-0.1215926,0.0000191
51043,1998-08-18,I,-0.1218266,0.0000209
51044,1998-08-19,I,-0.1220355,0.0000221
51045,1998-08-20,I,-0.1222367,0.0000206
51046,1998-08-21,I,-0.1224955,0.0000212
51047,1998-08-22,I,-0.1228588,0.0000134
51048,1998-08-23,I,-0.1233150,0.0000117
51049,1998-08-24,I,-0.1238411,0.0000078
51050,1998-08-25,I,-0.1244240,0.0000072
51051,1998-08-26,I,-0.1250624,0.0000074
51052,1998-08-27,I,-0.1257425,0.0000078
51053,1998-08-28,I,-0.1263636,0.0000075
51054,1998-08-29,I,-0.1269212,0.0000080
51055,1998-08-30,I,-0.1274676,0.0000086
51056,1998-08-31,I,-0.1280275,0.0000120
51057,1998-09-01,I,-0.1286092,0.0000126
51058,1998-09-02,I,-0.1292343,0.0000123
51059,1998-09-03,I,-0.1299243,0.0000137
51060,1998-09-04,I,-0.1307220,0.0000139
51061,1998-09-05,I,-0.1316830,0.0000126
51062,1998-09-06,I,-0.1328370,0.0000113
51063,1998-09-07,I,-0.1341501,0.0000099
51064,1998-09-08,I,-0.1355729,0.0000103
51065,1998-09-09,I,-0.1370316,0.0000099
51066,1998-09-10,I,-0.1384432,0.0000108
51067,1998-09-11,I,-0.1397025,0.0000112
51068,1998-09-12,I,-0.1407564,0.0000112
51069,1998-09-13,I,-0.1416251,0.0000163
51070,1998-09-14,I,-0.1423535,0.0000121
51071,1998-09-15,I,-0.1430362,0.0000127
51072,1998-09-16,I,-0.1437484,0.0000130
51073,1998-09-17,I,-0.1445251,0.0000129
51074,1998-09-18,I,-0.1453833,0.0000128
51075,1998-09-19,I,-0.1463441,0.0000126
51076,1998-09-20,I,-0.1474095,0.0000109
51077,1998-09-21,I,-0.1485342,0.0000068
51078,1998-09-22,I,-0.1496726,0.0000049
51079,1998-09-23,I,-0.1507802,0.0000044
51080,1998-09-24,I,-0.1518292,0.0000080
51081,1998-09-25,I,-0.1528258,0.0000080
51082,1998-09-26,I,-0.1537743,0.0000072
51083,1998-09-27,I,-0.1546698,0.0000110
51084,1998-09-28,I,-0.1555055,0.0000096
51085,1998-09-29,I,-0.1563181,0.0000073
51086,1998-09-30,I,-0.1571720,0.0000032
51087,1998-10-01,I,-0.1581622,0.0000041
51088,1998-10-02,I,-0.1593458,0.0000041
51089,1998-10-03,I,-0.1607503,0.0000041
51090,1998-10-04,I,-0.1623819,0.0000059
51091,1998-10-05,I,-0.1641995,0.0000050
51092,1998-10-06,I,-0.1661005,0.0000052
51093,1998-10-07,I,-0.1679768,0.0000051
51094,1998-10-08,I,-0.1697717,0.0000069
51095,1998-10-09,I,-0.1714298,0.0000069
51096,1998-10-10,I,-0.1729521,0.0000085
51097,1998-10-11,I,-0.1743443,0.0000098
51098,1998-10-12,I,-0.1756272,0.0000143
51099,1998-10-13,I,-0.1768590,0.0000162
51100,1998-10-14,I,-0.1781084,0.0000146
51101,1998-10-15,I,-0.1794396,0.0000158
51102,1998-10-16,I,-0.1808271,0.0000144
51103,1998-10-17,I,-0.1822437,0.0000145
51104,1998-10-18,I,-0.1836888,0.0000140
51105,1998-10-19,I,-0.1851536,0.0000071
51106,1998-10-20,I,-0.1866161,0.0000065
51107,1998-10-21,I,-0.1880647,0.0000053
51108,1998-10-22,I,-0.1894793,0.0000056
51109,1998-10-23,I,-0.1908137,0.0000053
51110,1998-10-24,I,-0.1920735,0.0000058
51111,1998-10-25,I,-0.1933035,0.0000087
51112,1998-10-26,I,-0.1945232,0.0000142
51113,1998-10-27,I,-0.1957162,0.0000177
51114,1998-10-28,I,-0.1969014,0.0000204
51115,1998-10-29,I,-0.1981601,0.0000209
51116,1998-10-30,I,-0.1995900,0.0000203
51117,1998-10-31,I,-0.2012454,0.0000156
51118,1998-11-01,I,-0.2031303,0.0000133
51119,1998-11-02,I,-0.2051926,0.0000074
51120,1998-11-03,I,-0.2073251,0.0000069
51121,1998-11-04,I,-0.2094093,0.0000065
51122,1998-11-05,I,-0.2113650,0.0000078
51123,1998-11-06,I,-0.2131407,0.0000082
51124,1998-11-07,I,-0.2147551,0.0000083
51125,1998-11-08,I,-0.2162487,0.0000077
51126,1998-11-09,I,-0.2176819,0.0000097
51127,1998-11-10,I,-0.2191202,0.0000094
51128,1998-11-11,I,-0.2205909,0.0000067
51129,1998-11-12,I,-0.2220896,0.0000072
51130,1998-11-13,I,-0.2236081,0.0000071
51131,1998-11-14,I,-0.2251319,0.0000071
51132,1998-11-15,I,-0.2266414,0.0000113
51133,1998-11-16,I,-0.2281143,0.0000108
51134,1998-11-17,I,-0.2295452,0.0000108
51135,1998-11-18,I,-0.2309338,0.0000100
51136,1998-11-19,I,-0.2322805,0.0000100
51137,1998-11-20,I,-0.2335782,0.0000102
51138,1998-11-21,I,-0.2348337,0.0000101
51139,1998-11-22,I,-0.2360622,0.0000129
51140,1998-11-23,I,-0.2372881,0.0000104
51141,1998-11-24,I,-0.2385329,0.0000106
51142,1998-11-25,I,-0.2398188,0.0000113
51143,1998-11-26,I,-0.2412040,0.0000116
51144,1998-11-27,I,-0.2427405,0.0000117
51145,1998-11-28,I,-0.2444404,0.0000086
51146,1998-11-29,I,-0.2462693,0.0000093
51147,1998-11-30,I,-0.2481323,0.0000076
51148,1998-12-01,I,-0.2499302,0.0000068
51149,1998-12-02,I,-0.2515939,0.0000061
51150,1998-12-03,I,-0.2531158,0.0000061
51151,1998-12-04,I,-0.2544798,0.0000055
51152,1998-12-05,I,-0.2557069,0.0000063
51153,1998-12-06,I,-0.2568494,0.0000097
51154,1998-12-07,I,-0.2579503,0.0000093
51155,1998-12-08,I,-0.2590320,0.0000103
51156,1998-12-09,I,-0.2601053,0.0000109
51157,1998-12-10,I,-0.2612184,0.0000113
51158,1998-12-11,I,-0.2623909,0.0000103
51159,1998-12-12,I,-0.2635827,0.0000102
51160,1998-12-13,I,-0.2647357,0.0000095
51161,1998-12-14,I,-0.2658275,0.0000061
51162,1998-12-15,I,-0.2668465,0.0000054
51163,1998-12-16,I,-0.2677791,0.0000047
51164,1998-12-17,I,-0.2686158,0.0000051
51165,1998-12-18,I,-0.2693720,0.0000051
51166,1998-12-19,I,-0.2700595,0.0000045
51167,1998-12-20,I,-0.2707009,0.0000078
51168,1998-12-21,I,-0.2713359,0.0000087
51169,1998-12-22,I,-0.2720006,0.0000088
51170,1998-12-23,I,-0.2727442,0.0000090
51171,1998-12-24,I,-0.2736499,0.0000100
51172,1998-12-25,I,-0.2747502,0.0000099
51173,1998-12-26,I,-0.2760006,0.0000096
51174,1998-12-27,I,-0.2773312,0.0000085
51175,1998-12-28,I,-0.2786753,0.0000078
51176,1998-12-29,I,-0.2799775,0.0000074
51177,1998-12-30,I,-0.2812099,0.0000060
51178,1998-12-31,I,-0.2823341,0.0000062
51179,1999-01-01,I,0.7166631,0.0000048
51180,1999-01-02,I,0.7157538,0.0000091
51181,1999-01-03,I,0.7148929,0.0000130
51182,1999-01-04,I,0.7140423,0.0000135
51183,1999-01-05,I,0.7131819,0.0000149
51184,1999-01-06,I,0.7122795,0.0000163
51185,1999-01-07,I,0.7112652,0.0000182
51186,1999-01-08,I,0.7101837,0.0000169
51187,1999-01-09,I,0.7091047,0.0000177
51188,1999-01-10,I,0.7080354,0.0000165
51189,1999-01-11,I,0.7069937,0.0000125
51190,1999-01-12,I,0.7060484,0.0000130
51191,1999-01-13,I,0.7052346,0.0000109
51192,1999-01-14,I,0.7045002,0.0000109
51193,1999-01-15,I,0.7038183,0.0000096
51194,1999-01-16,I,0.7032077,0.0000100
51195,1999-01-17,I,0.7026524,0.0000113
51196,1999-01-18,I,0.7021070,0.0000080
51197,1999-01-19,I,0.7014909,0.0000080
51198,1999-01-20,I,0.7007374,0.0000112
51199,1999-01-21,I,0.6997973,0.0000147
51200,1999-01-22,I,0.6986720,0.0000144
51201,1999-01-23,I,0.6974028,0.0000193
51202,1999-01-24,I,0.6960345,0.0000249
51203,1999-01-25,I,0.6946253,0.0000187
51204,1999-01-26,I,0.6932741,0.0000133
51205,1999-01-27,I,0.6920250,0.0000109
51206,1999-01-28,I,0.6908424,0.0000111
51207,1999-01-29,I,0.6896986,0.0000057
51208,1999-01-30,I,0.6885450,0.0000072
51209,1999-01-31,I,0.6873616,0.0000077
51210,1999-02-01,I,0.6861358,0.0000092
51211,1999-02-02,I,0.6848638,0.0000153
51212,1999-02-03,I,0.6835548,0.0000155
51213,1999-02-04,I,0.6822259,0.0000153
51214,1999-02-05,I,0.6808925,0.0000142
51215,1999-02-06,I,0.6795712,0.0000143
51216,1999-02-07,I,0.6782882,0.0000165
51217,1999-02-08,I,0.6770761,0.0000129
51218,1999-02-09,I,0.6759552,0.0000137
51219,1999-02-10,I,0.6749119,0.0000142
51220,1999-02-11,I,0.6739428,0.0000155
51221,1999-02-12,I,0.6730364,0.0000154
51222,1999-02-13,I,0.6721393,0.0000135
51223,1999-02-14,I,0.6711804,0.0000186
51224,1999-02-15,I,0.6701140,0.0000137
51225,1999-02-16,I,0.6689183,0.0000131
51226,1999-02-17,I,0.6675736,0.0000117
51227,1999-02-18,I,0.6660522,0.0000124
51228,1999-02-19,I,0.6643942,0.0000121
51229,1999-02-20,I,0.6626968,0.0000121
51230,1999-02-21,I,0.6610413,0.0000171
51231,1999-02-22,I,0.6594725,0.0000147
51232,1999-02-23,I,0.6580508,0.0000142
51233,1999-02-24,I,0.6568111,0.0000133
51234,1999-02-25,I,0.6557312,0.0000137
51235,1999-02-26,I,0.6547679,0.0000139
51236,1999-02-27,I,0.6538752,0.0000136
51237,1999-02-28,I,0.6529877,0.0000170
51238,1999-03-01,I,0.6520673,0.0000113
51239,1999-03-02,I,0.6511253,0.0000158
51240,1999-03-03,I,0.6501754,0.0000171
51241,1999-03-04,I,0.6491977,0.0000162
51242,1999-03-05,I,0.6481838,0.0000153
51243,1999-03-06,I,0.6471735,0.0000110
51244,1999-03-07,I,0.6462583,0.0000113
51245,1999-03-08,I,0.6454292,0.0000074
51246,1999-03-09,I,0.6446676,0.0000049
51247,1999-03-10,I,0.6439574,0.0000045
51248,1999-03-11,I,0.6432645,0.0000048
51249,1999-03-12,I,0.6425490,0.0000047
51250,1999-03-13,I,0.6417652,0.0000054
51251,1999-03-14,I,0.6408641,0.0000052
51252,1999-03-15,I,0.6398005,0.0000055
51253,1999-03-16,I,0.6385608,0.0000061
51254,1999-03-17,I,0.6371604,0.0000062
51255,1999-03-18,I,0.6356283,0.0000073
51256,1999-03-19,I,0.6340067,0.0000073
51257,1999-03-20,I,0.6323448,0.0000098
51258,1999-03-21,I,0.6306827,0.0000130
51259,1999-03-22,I,0.6290823,0.0000091
51260,1999-03-23,I,0.6276210,0.0000096
51261,1999-03-24,I,0.6263176,0.0000090
51262,1999-03-25,I,0.6251154,0.0000087
51263,1999-03-26,I,0.6239661,0.0000080
51264,1999-03-27,I,0.6227899,0.0000090
51265,1999-03-28,I,0.6215475,0.0000106
51266,1999-03-29,I,0.6202271,0.0000089
51267,1999-03-30,I,0.6188549,0.0000108
51268,1999-03-31,I,0.6174657,0.0000110
51269,1999-04-01,I,0.6160559,0.0000102
51270,1999-04-02,I,0.6146358,0.0000091
51271,1999-04-03,I,0.6132488,0.0000094
51272,1999-04-04,I,0.6119436,0.0000121
51273,1999-04-05,I,0.6107195,0.0000110
51274,1999-04-06,I,0.6095502,0.0000107
51275,1999-04-07,I,0.6084063,0.0000107
51276,1999-04-08,I,0.6073019,0.0000103
51277,1999-04-09,I,0.6062160,0.0000098
51278,1999-04-10,I,0.6050794,0.0000092
51279,1999-04-11,I,0.6038380,0.0000095
51280,1999-04-12,I,0.6024367,0.0000127
51281,1999-04-13,I,0.6008313,0.0000078
51282,1999-04-14,I,0.5990325,0.0000084
51283,1999-04-15,I,0.5971267,0.0000095
51284,1999-04-16,I,0.5951894,0.0000086
51285,1999-04-17,I,0.5933008,0.0000088
51286,1999-04-18,I,0.5915425,0.0000098
51287,1999-04-19,I,0.5899368,0.0000091
51288,1999-04-20,I,0.5884796,0.0000108
51289,1999-04-21,I,0.5871357,0.0000105
51290,1999-04-22,I,0.5858700,0.0000106
51291,1999-04-23,I,0.5846524,0.0000112
51292,1999-04-24,I,0.5834096,0.0000116
51293,1999-04-25,I,0.5821038,0.0000136
51294,1999-04-26,I,0.5807272,0.0000170
51295,1999-04-27,I,0.5792883,0.0000169
51296,1999-04-28,I,0.5778153,0.0000179
51297,1999-04-29,I,0.5763425,0.0000146
51298,1999-04-30,I,0.5749110,0.0000127
51299,1999-05-01,I,0.5735568,0.0000095
51300,1999-05-02,I,0.5723009,0.0000090
51301,1999-05-03,I,0.5711608,0.0000082
51302,1999-05-04,I,0.5701531,0.0000080
51303,1999-05-05,I,0.5692849,0.0000081
51304,1999-05-06,I,0.5685253,0.0000081
51305,1999-05-07,I,0.5678023,0.0000085
51306,1999-05-08,I,0.5670242,0.0000078
51307,1999-05-09,I,0.5661260,0.0000072
51308,1999-05-10,I,0.5650662,0.0000071
51309,1999-05-11,I,0.5638383,0.0000071
51310,1999-05-12,I,0.5624417,0.0000071
51311,1999-05-13,I,0.5609021,0.0000089
51312,1999-05-14,I,0.5593077,0.0000074
51313,1999-05-15,I,0.5577711,0.0000126
51314,1999-05-16,I,0.5563838,0.0000131
51315,1999-05-17,I,0.5551776,0.0000118
51316,1999-05-18,I,0.5541047,0.0000112
51317,1999-05-19,I,0.5530771,0.0000094
51318,1999-05-20,I,0.5520312,0.0000104
51319,1999-05-21,I,0.5509326,0.0000115
51320,1999-05-22,I,0.5497423,0.0000121
51321,1999-05-23,I,0.5484752,0.0000149
51322,1999-05-24,I,0.5471842,0.0000164
51323,1999-05-25,I,0.5458829,0.0000161
51324,1999-05-26,I,0.5446169,0.0000165
51325,1999-05-27,I,0.5434790,0.0000149
51326,1999-05-28,I,0.5424877,0.0000149
51327,1999-05-29,I,0.5416207,0.0000134
51328,1999-05-30,I,0.5408573,0.0000167
51329,1999-05-31,I,0.5401792,0.0000146
51330,1999-06-01,I,0.5395709,0.0000154
51331,1999-06-02,I,0.5389991,0.0000171
51332,1999-06-03,I,0.5384210,0.0000161
51333,1999-06-04,I,0.5377971,0.0000162
51334,1999-06-05,I,0.5370776,0.0000146
51335,1999-06-06,I,0.5362240,0.0000145
51336,1999-06-07,I,0.5352345,0.0000115
51337,1999-06-08,I,0.5340876,0.0000121
51338,1999-06-09,I,0.5327944,0.0000125
51339,1999-06-10,I,0.5314212,0.0000162
51340,1999-06-11,I,0.5300582,0.0000168
51341,1999-06-12,I,0.5288036,0.0000158
51342,1999-06-13,I,0.5277451,0.0000149
51343,1999-06-14,I,0.5268842,0.0000135
51344,1999-06-15,I,0.5261647,0.0000138
51345,1999-06-16,I,0.5255264,0.0000116
51346,1999-06-17,I,0.5249123,0.0000116
51347,1999-06-18,I,0.5242564,0.0000104
51348,1999-06-19,I,0.5235431,0.0000084
51349,1999-06-20,I,0.5227985,0.0000069
51350,1999-06-21,I,0.5220543,0.0000059
51351,1999-06-22,I,0.5213344,0.0000068
51352,1999-06-23,I,0.5206902,0.0000065
51353,1999-06-24,I,0.5201869,0.0000086
51354,1999-06-25,I,0.5198245,0.0000077
51355,1999-06-26,I,0.5195920,0.0000133
51356,1999-06-27,I,0.5194892,0.0000152
51357,1999-06-28,I,0.5194934,0.0000112
51358,1999-06-29,I,0.5195805,0.0000112
51359,1999-06-30,I,0.5197040,0.0000120
51360,1999-07-01,I,0.5198185,0.0000131
51361,1999-07-02,I,0.5198866,0.0000132
51362,1999-07-03,I,0.5198591,0.0000123
51363,1999-07-04,I,0.5196997,0.0000155
51364,1999-07-05,I,0.5193533,0.0000194
51365,1999-07-06,I,0.5188338,0.0000139
51366,1999-07-07,I,0.5181964,0.0000109
51367,1999-07-08,I,0.5175319,0.0000159
51368,1999-07-09,I,0.5169290,0.0000168
51369,1999-07-10,I,0.5164390,0.0000165
51370,1999-07-11,I,0.5160635,0.0000133
51371,1999-07-12,I,0.5157658,0.0000105
51372,1999-07-13,I,0.5154992,0.0000104
51373,1999-07-14,I,0.5152114,0.0000075
51374,1999-07-15,I,0.5148502,0.0000116
51375,1999-07-16,I,0.5144098,0.0000114
51376,1999-07-17,I,0.5138963,0.0000120
51377,1999-07-18,I,0.5133493,0.0000155
51378,1999-07-19,I,0.5128217,0.0000189
51379,1999-07-20,I,0.5123413,0.0000192
51380,1999-07-21,I,0.5119259,0.0000131
51381,1999-07-22,I,0.5115925,0.0000155
51382,1999-07-23,I,0.5113601,0.0000177
51383,1999-07-24,I,0.5112268,0.0000184
51384,1999-07-25,I,0.5111795,0.0000179
51385,1999-07-26,I,0.5112034,0.0000150
51386,1999-07-27,I,0.5112447,0.0000133
51387,1999-07-28,I,0.5112465,0.0000158
51388,1999-07-29,I,0.5111641,0.0000195
51389,1999-07-30,I,0.5109674,0.0000197
51390,1999-07-31,I,0.5106019,0.0000140
51391,1999-08-01,I,0.5100597,0.0000147
51392,1999-08-02,I,0.5093835,0.0000151
51393,1999-08-03,I,0.5085834,0.0000130
51394,1999-08-04,I,0.5077248,0.0000079
51395,1999-08-05,I,0.5069517,0.0000089
51396,1999-08-06,I,0.5063363,0.0000074
51397,1999-08-07,I,0.5058855,0.0000113
51398,1999-08-08,I,0.5055726,0.0000151
51399,1999-08-09,I,0.5053566,0.0000130
51400,1999-08-10,I,0.5051554,0.0000138
51401,1999-08-11,I,0.5048818,0.0000139
51402,1999-08-12,I,0.5044943,0.0000134
51403,1999-08-13,I,0.5040306,0.0000138
51404,1999-08-14,I,0.5034755,0.0000123
51405,1999-08-15,I,0.5028335,0.0000196
51406,1999-08-16,I,0.5021506,0.0000193
51407,1999-08-17,I,0.5014756,0.0000225
51408,1999-08-18,I,0.5008665,0.0000264
51409,1999-08-19,I,0.5003538,0.0000267
51410,1999-08-20,I,0.4999497,0.0000279
51411,1999-08-21,I,0.4996446,0.0000217
51412,1999-08-22,I,0.4993757,0.0000241
51413,1999-08-23,I,0.4991079,0.0000185
51414,1999-08-24,I,0.4988128,0.0000151
51415,1999-08-25,I,0.4984385,0.0000132
51416,1999-08-26,I,0.4978885,0.0000155
51417,1999-08-27,I,0.4971141,0.0000154
51418,1999-08-28,I,0.4961367,0.0000152
51419,1999-08-29,I,0.4950132,0.0000154
51420,1999-08-30,I,0.4937950,0.0000130
51421,1999-08-31,I,0.4925597,0.0000125
51422,1999-09-01,I,0.4913970,0.0000059
51423,1999-09-02,I,0.4903736,0.0000136
51424,1999-09-03,I,0.4894959,0.0000145
51425,1999-09-04,I,0.4887330,0.0000147
51426,1999-09-05,I,0.4880416,0.0000160
51427,1999-09-06,I,0.4873767,0.0000145
51428,1999-09-07,I,0.4867018,0.0000149
51429,1999-09-08,I,0.4859969,0.0000095
51430,1999-09-09,I,0.4852594,0.0000101
51431,1999-09-10,I,0.4844892,0.0000096
51432,1999-09-11,I,0.4837042,0.0000101
51433,1999-09-12,I,0.4829547,0.0000105
51434,1999-09-13,I,0.4822724,0.0000098
51435,1999-09-14,I,0.4816757,0.0000108
51436,1999-09-15,I,0.4811804,0.0000100
51437,1999-09-16,I,0.4808012,0.0000103
51438,1999-09-17,I,0.4805073,0.0000099
51439,1999-09-18,I,0.4802400,0.0000094
51440,1999-09-19,I,0.4799374,0.0000086
51441,1999-09-20,I,0.4795551,0.0000066
51442,1999-09-21,I,0.4790366,0.0000059
51443,1999-09-22,I,0.4783341,0.0000068
51444,1999-09-23,I,0.4774473,0.0000076
51445,1999-09-24,I,0.4764040,0.0000073
51446,1999-09-25,I,0.4752684,0.0000081
51447,1999-09-26,I,0.4741016,0.0000134
51448,1999-09-27,I,0.4729385,0.0000153
51449,1999-09-28,I,0.4718520,0.0000147
51450,1999-09-29,I,0.4708922,0.0000147
51451,1999-09-30,I,0.4700389,0.0000154
51452,1999-10-01,I,0.4692934,0.0000152
51453,1999-10-02,I,0.4686452,0.0000121
51454,1999-10-03,I,0.4679887,0.0000099
51455,1999-10-04,I,0.4672008,0.0000115
51456,1999-10-05,I,0.4662491,0.0000110
51457,1999-10-06,I,0.4651385,0.0000099
51458,1999-10-07,I,0.4638969,0.0000106
51459,1999-10-08,I,0.4625806,0.0000109
51460,1999-10-09,I,0.4612317,0.0000131
51461,1999-10-10,I,0.4598978,0.0000106
51462,1999-10-11,I,0.4586355,0.0000094
51463,1999-10-12,I,0.4574952,0.0000112
51464,1999-10-13,I,0.4564746,0.0000094
51465,1999-10-14,I,0.4555292,0.0000092
51466,1999-10-15,I,0.4546726,0.0000091
51467,1999-10-16,I,0.4539074,0.0000086
51468,1999-10-17,I,0.4531824,0.0000089
51469,1999-10-18,I,0.4524298,0.0000074
51470,1999-10-19,I,0.4515918,0.0000077
51471,1999-10-20,I,0.4505998,0.0000073
51472,1999-10-21,I,0.4493691,0.0000074
51473,1999-10-22,I,0.4478794,0.0000066
51474,1999-10-23,I,0.4461654,0.0000076
51475,1999-10-24,I,0.4442978,0.0000092
51476,1999-10-25,I,0.4423803,0.0000086
51477,1999-10-26,I,0.4405215,0.0000089
51478,1999-10-27,I,0.4388057,0.0000089
51479,1999-10-28,I,0.4373007,0.0000092
51480,1999-10-29,I,0.4359680,0.0000095
51481,1999-10-30,I,0.4347220,0.0000102
51482,1999-10-31,I,0.4334822,0.0000105
51483,1999-11-01,I,0.4321945,0.0000102
51484,1999-11-02,I,0.4308404,0.0000100
51485,1999-11-03,I,0.4294067,0.0000097
51486,1999-11-04,I,0.4279022,0.0000098
51487,1999-11-05,I,0.4263864,0.0000091
51488,1999-11-06,I,0.4248938,0.0000102
51489,1999-11-07,I,0.4234493,0.0000092
51490,1999-11-08,I,0.4220819,0.0000094
51491,1999-11-09,I,0.4207760,0.0000119
51492,1999-11-10,I,0.4195172,0.0000107
51493,1999-11-11,I,0.4183245,0.0000113
51494,1999-11-12,I,0.4171970,0.0000103
51495,1999-11-13,I,0.4160858,0.0000120
51496,1999-11-14,I,0.4149142,0.0000114
51497,1999-11-15,I,0.4136561,0.0000104
51498,1999-11-16,I,0.4123155,0.0000100
51499,1999-11-17,I,0.4108637,0.0000092
51500,1999-11-18,I,0.4092486,0.0000093
51501,1999-11-19,I,0.4075114,0.0000069
51502,1999-11-20,I,0.4057054,0.0000068
51503,1999-11-21,I,0.4038815,0.0000116
51504,1999-11-22,I,0.4021374,0.0000092
51505,1999-11-23,I,0.4005630,0.0000096
51506,1999-11-24,I,0.3991994,0.0000095
51507,1999-11-25,I,0.3980295,0.0000102
51508,1999-11-26,I,0.3970002,0.0000103
51509,1999-11-27,I,0.3960273,0.0000089
51510,1999-11-28,I,0.3950205,0.0000112
51511,1999-11-29,I,0.3939067,0.0000105
51512,1999-11-30,I,0.3926501,0.0000107
51513,1999-12-01,I,0.3912830,0.0000101
51514,1999-12-02,I,0.3899017,0.0000126
51515,1999-12-03,I,0.3885700,0.0000132
51516,1999-12-04,I,0.3873187,0.0000101
51517,1999-12-05,I,0.3861617,0.0000133
51518,1999-12-06,I,0.3851078,0.0000108
51519,1999-12-07,I,0.3841514,0.0000109
51520,1999-12-08,I,0.3832869,0.0000096
51521,1999-12-09,I,0.3824869,0.0000105
51522,1999-12-10,I,0.3816924,0.0000109
51523,1999-12-11,I,0.3808583,0.0000113
51524,1999-12-12,I,0.3799612,0.0000105
51525,1999-12-13,I,0.3790014,0.0000086
51526,1999-12-14,I,0.3779287,0.0000075
51527,1999-12-15,I,0.3767190,0.0000064
51528,1999-12-16,I,0.3753910,0.0000073
51529,1999-12-17,I,0.3739490,0.0000063
51530,1999-12-18,I,0.3724280,0.0000045
51531,1999-12-19,I,0.3708914,0.0000068
51532,1999-12-20,I,0.3694183,0.0000083
51533,1999-12-21,I,0.3680781,0.0000082
51534,1999-12-22,I,0.3668986,0.0000074
51535,1999-12-23,I,0.3658344,0.0000074
51536,1999-12-24,I,0.3648134,0.0000074
51537,1999-12-25,I,0.3637676,0.0000139
51538,1999-12-26,I,0.3626416,0.0000103
51539,1999-12-27,I,0.3614176,0.0000075
51540,1999-12-28,I,0.3601199,0.0000090
51541,1999-12-29,I,0.3588150,0.0000099
51542,1999-12-30,I,0.3575820,0.0000100
51543,1999-12-31,I,0.3564680,0.0000093
51544,2000-01-01,I,0.3554779,0.0000099
51545,2000-01-02,I,0.3546013,0.0000119
51546,2000-01-03,I,0.3538511,0.0000109
51547,2000-01-04,I,0.3532407,0.0000115
51548,2000-01-05,I,0.3527584,0.0000184
51549,2000-01-06,I,0.3523478,0.0000177
51550,2000-01-07,I,0.3519531,0.0000176
51551,2000-01-08,I,0.3515451,0.0000164
51552,2000-01-09,I,0.3511013,0.0000177
51553,2000-01-10,I,0.3505581,0.0000125
51554,2000-01-11,I,0.3498837,0.0000082
51555,2000-01-12,I,0.3490579,0.0000074
51556,2000-01-13,I,0.3480789,0.0000078
51557,2000-01-14,I,0.3469530,0.0000073
51558,2000-01-15,I,0.3457527,0.0000113
51559,2000-01-16,I,0.3445709,0.0000136
51560,2000-01-17,I,0.3434786,0.0000143
51561,2000-01-18,I,0.3424942,0.0000152
51562,2000-01-19,I,0.3416014,0.0000169
51563,2000-01-20,I,0.3407681,0.0000157
51564,2000-01-21,I,0.3399239,0.0000118
51565,2000-01-22,I,0.3390087,0.0000143
51566,2000-01-23,I,0.3379788,0.0000155
51567,2000-01-24,I,0.3368230,0.0000141
51568,2000-01-25,I,0.3355650,0.0000145
51569,2000-01-26,I,0.3342630,0.0000155
51570,2000-01-27,I,0.3329705,0.0000166
51571,2000-01-28,I,0.3317595,0.0000153
51572,2000-01-29,I,0.3306943,0.0000155
51573,2000-01-30,I,0.3297810,0.0000193
51574,2000-01-31,I,0.3289974,0.0000117
51575,2000-02-01,I,0.3283129,0.0000105
51576,2000-02-02,I,0.3277029,0.0000086
51577,2000-02-03,I,0.3271651,0.0000091
51578,2000-02-04,I,0.3266687,0.0000088
51579,2000-02-05,I,0.3261358,0.0000095
51580,2000-02-06,I,0.3254875,0.0000123
51581,2000-02-07,I,0.3246905,0.0000104
51582,2000-02-08,I,0.3237227,0.0000101
51583,2000-02-09,I,0.3225948,0.0000128
51584,2000-02-10,I,0.3213703,0.0000136
51585,2000-02-11,I,0.3201523,0.0000132
51586,2000-02-12,I,0.3190495,0.0000108
51587,2000-02-13,I,0.3181164,0.0000133
51588,2000-02-14,I,0.3173225,0.0000109
51589,2000-02-15,I,0.3166345,0.0000090
51590,2000-02-16,I,0.3159933,0.0000069
51591,2000-02-17,I,0.3153425,0.0000097
51592,2000-02-18,I,0.3146323,0.0000096
51593,2000-02-19,I,0.3137999,0.0000107
51594,2000-02-20,I,0.3127883,0.0000179
51595,2000-02-21,I,0.3116093,0.0000172
51596,2000-02-22,I,0.3103534,0.0000173
51597,2000-02-23,I,0.3091197,0.0000169
51598,2000-02-24,I,0.3079762,0.0000164
51599,2000-02-25,I,0.3069611,0.0000163
51600,2000-02-26,I,0.3060912,0.0000188
51601,2000-02-27,I,0.3053514,0.0000190
51602,2000-02-28,I,0.3047112,0.0000147
51603,2000-02-29,I,0.3041475,0.0000124
51604,2000-03-01,I,0.3036146,0.0000123
51605,2000-03-02,I,0.3030484,0.0000184
51606,2000-03-03,I,0.3024127,0.0000156
51607,2000-03-04,I,0.3016694,0.0000149
51608,2000-03-05,I,0.3007739,0.0000187
51609,2000-03-06,I,0.2996988,0.0000148
51610,2000-03-07,I,0.2984566,0.0000149
51611,2000-03-08,I,0.2970966,0.0000061
51612,2000-03-09,I,0.2956967,0.0000095
51613,2000-03-10,I,0.2943311,0.0000107
51614,2000-03-11,I,0.2930592,0.0000061
51615,2000-03-12,I,0.2919176,0.0000070
51616,2000-03-13,I,0.2909222,0.0000076
51617,2000-03-14,I,0.2900590,0.0000077
51618,2000-03-15,I,0.2892809,0.0000067
51619,2000-03-16,I,0.2884896,0.0000071
51620,2000-03-17,I,0.2876329,0.0000068
51621,2000-03-18,I,0.2867091,0.0000130
51622,2000-03-19,I,0.2857348,0.0000126
51623,2000-03-20,I,0.2847302,0.0000117
51624,2000-03-21,I,0.2836923,0.0000120
51625,2000-03-22,I,0.2826350,0.0000121
51626,2000-03-23,I,0.2816194,0.0000158
51627,2000-03-24,I,0.2807193,0.0000154
51628,2000-03-25,I,0.2799627,0.0000169
51629,2000-03-26,I,0.2793535,0.0000234
51630,2000-03-27,I,0.2788899,0.0000201
51631,2000-03-28,I,0.2784925,0.0000204
51632,2000-03-29,I,0.2780937,0.0000149
51633,2000-03-30,I,0.2776725,0.0000145
51634,2000-03-31,I,0.2771664,0.0000086
51635,2000-04-01,I,0.2764975,0.0000096
51636,2000-04-02,I,0.2756181,0.0000130
51637,2000-04-03,I,0.2745324,0.0000113
51638,2000-04-04,I,0.2732821,0.0000119
51639,2000-04-05,I,0.2719447,0.0000112
51640,2000-04-06,I,0.2706298,0.0000113
51641,2000-04-07,I,0.2694194,0.0000105
51642,2000-04-08,I,0.2683463,0.0000104
51643,2000-04-09,I,0.2674115,0.0000113
51644,2000-04-10,I,0.2665807,0.0000078
51645,2000-04-11,I,0.2657881,0.0000078
51646,2000-04-12,I,0.2649589,0.0000080
51647,2000-04-13,I,0.2640299,0.0000093
51648,2000-04-14,I,0.2629560,0.0000091
51649,2000-04-15,I,0.2617192,0.0000092
51650,2000-04-16,I,0.2603431,0.0000117
51651,2000-04-17,I,0.2588842,0.0000109
51652,2000-04-18,I,0.2574245,0.0000122
51653,2000-04-19,I,0.2560356,0.0000124
51654,2000-04-20,I,0.2547639,0.0000124
51655,2000-04-21,I,0.2536094,0.0000123
51656,2000-04-22,I,0.2525748,0.0000118
51657,2000-04-23,I,0.2516761,0.0000149
51658,2000-04-24,I,0.2509068,0.0000083
51659,2000-04-25,I,0.2502359,0.0000111
51660,2000-04-26,I,0.2496127,0.0000119
51661,2000-04-27,I,0.2489595,0.0000142
51662,2000-04-28,I,0.2481815,0.0000144
51663,2000-04-29,I,0.2472151,0.0000142
51664,2000-04-30,I,0.2460516,0.0000202
51665,2000-05-01,I,0.2447213,0.0000148
51666,2000-05-02,I,0.2432598,0.0000172
51667,2000-05-03,I,0.2417452,0.0000149
51668,2000-05-04,I,0.2402546,0.0000143
51669,2000-05-05,I,0.2388845,0.0000137
51670,2000-05-06,I,0.2376998,0.0000131
51671,2000-05-07,I,0.2366889,0.0000159
51672,2000-05-08,I,0.2357958,0.0000115
51673,2000-05-09,I,0.2349430,0.0000113
51674,2000-05-10,I,0.2340491,0.0000118
51675,2000-05-11,I,0.2330370,0.0000143
51676,2000-05-12,I,0.2319156,0.0000144
51677,2000-05-13,I,0.2307060,0.0000196
51678,2000-05-14,I,0.2294409,0.0000278
51679,2000-05-15,I,0.2281735,0.0000278
51680,2000-05-16,I,0.2269746,0.0000288
51681,2000-05-17,I,0.2258874,0.0000272
51682,2000-05-18,I,0.2248976,0.0000262
51683,2000-05-19,I,0.2240242,0.0000163
51684,2000-05-20,I,0.2232846,0.0000074
51685,2000-05-21,I,0.2226679,0.0000056
51686,2000-05-22,I,0.2221362,0.0000056
51687,2000-05-23,I,0.2216349,0.0000069
51688,2000-05-24,I,0.2211173,0.0000074
51689,2000-05-25,I,0.2205696,0.0000077
51690,2000-05-26,I,0.2199716,0.0000076
51691,2000-05-27,I,0.2192988,0.0000127
51692,2000-05-28,I,0.2185279,0.0000205
51693,2000-05-29,I,0.2176599,0.0000174
51694,2000-05-30,I,0.2167292,0.0000175
51695,2000-05-31,I,0.2157935,0.0000185
51696,2000-06-01,I,0.2149256,0.0000180
51697,2000-06-02,I,0.2141808,0.0000193
51698,2000-06-03,I,0.2135763,0.0000142
51699,2000-06-04,I,0.2130893,0.0000139
51700,2000-06-05,I,0.2126575,0.0000101
51701,2000-06-06,I,0.2121793,0.0000092
51702,2000-06-07,I,0.2115854,0.0000123
51703,2000-06-08,I,0.2108364,0.0000131
51704,2000-06-09,I,0.2099624,0.0000134
51705,2000-06-10,I,0.2090401,0.0000128
51706,2000-06-11,I,0.2081524,0.0000202
51707,2000-06-12,I,0.2073608,0.0000214
51708,2000-06-13,I,0.2067150,0.0000225
51709,2000-06-14,I,0.2062577,0.0000320
51710,2000-06-15,I,0.2060111,0.0000339
51711,2000-06-16,I,0.2059622,0.0000367
51712,2000-06-17,I,0.2060551,0.0000319
51713,2000-06-18,I,0.2062217,0.0000274
51714,2000-06-19,I,0.2064164,0.0000227
51715,2000-06-20,I,0.2065961,0.0000221
51716,2000-06-21,I,0.2067086,0.0000182
51717,2000-06-22,I,0.2067104,0.0000176
51718,2000-06-23,I,0.2066051,0.0000142
51719,2000-06-24,I,0.2064052,0.0000153
51720,2000-06-25,I,0.2061103,0.0000220
51721,2000-06-26,I,0.2057241,0.0000135
51722,2000-06-27,I,0.2052886,0.0000137
51723,2000-06-28,I,0.2048518,0.0000156
51724,2000-06-29,I,0.2044819,0.0000155
51725,2000-06-30,I,0.2042407,0.0000157
51726,2000-07-01,I,0.2041396,0.0000133
51727,2000-07-02,I,0.2041269,0.0000236
51728,2000-07-03,I,0.2041020,0.0000244
51729,2000-07-04,I,0.2039671,0.0000157
51730,2000-07-05,I,0.2036636,0.0000151
51731,2000-07-06,I,0.2031858,0.0000157
51732,2000-07-07,I,0.2025722,0.0000157
51733,2000-07-08,I,0.2019067,0.0000156
51734,2000-07-09,I,0.2012677,0.0000105
51735,2000-07-10,I,0.2007068,0.0000088
51736,2000-07-11,I,0.2002548,0.0000087
51737,2000-07-12,I,0.1999154,0.0000103
51738,2000-07-13,I,0.1997056,0.0000106
51739,2000-07-14,I,0.1996141,0.0000108
51740,2000-07-15,I,0.1996400,0.0000123
51741,2000-07-16,I,0.1997705,0.0000133
51742,2000-07-17,I,0.1999541,0.0000126
51743,2000-07-18,I,0.2001486,0.0000114
51744,2000-07-19,I,0.2003232,0.0000096
51745,2000-07-20,I,0.2004517,0.0000091
51746,2000-07-21,I,0.2005316,0.0000091
51747,2000-07-22,I,0.2005659,0.0000116
51748,2000-07-23,I,0.2005401,0.0000157
51749,2000-07-24,I,0.2004625,0.0000105
51750,2000-07-25,I,0.2003671,0.0000124
51751,2000-07-26,I,0.2002905,0.0000124
51752,2000-07-27,I,0.2002763,0.0000123
51753,2000-07-28,I,0.2003495,0.0000096
51754,2000-07-29,I,0.2004970,0.0000080
51755,2000-07-30,I,0.2006586,0.0000119
51756,2000-07-31,I,0.2007471,0.0000100
51757,2000-08-01,I,0.2006923,0.0000091
51758,2000-08-02,I,0.2004733,0.0000093
51759,2000-08-03,I,0.2001244,0.0000095
51760,2000-08-04,I,0.1997185,0.0000107
51761,2000-08-05,I,0.1993296,0.0000103
51762,2000-08-06,I,0.1990213,0.0000116
51763,2000-08-07,I,0.1988380,0.0000094
51764,2000-08-08,I,0.1987994,0.0000089
51765,2000-08-09,I,0.1988978,0.0000086
51766,2000-08-10,I,0.1990886,0.0000086
51767,2000-08-11,I,0.1993289,0.0000081
51768,2000-08-12,I,0.1995786,0.0000072
51769,2000-08-13,I,0.1997968,0.0000122
51770,2000-08-14,I,0.1999461,0.0000130
51771,2000-08-15,I,0.1999916,0.0000145
51772,2000-08-16,I,0.1999027,0.0000124
51773,2000-08-17,I,0.1996462,0.0000123
51774,2000-08-18,I,0.1992241,0.0000131
51775,2000-08-19,I,0.1986702,0.0000144
51776,2000-08-20,I,0.1980283,0.0000077
51777,2000-08-21,I,0.1973479,0.0000071
51778,2000-08-22,I,0.1966790,0.0000108
51779,2000-08-23,I,0.1960633,0.0000109
51780,2000-08-24,I,0.1955199,0.0000108
51781,2000-08-25,I,0.1950741,0.0000102
51782,2000-08-26,I,0.1946783,0.0000133
51783,2000-08-27,I,0.1942415,0.0000187
51784,2000-08-28,I,0.1936888,0.0000101
51785,2000-08-29,I,0.1929748,0.0000111
51786,2000-08-30,I,0.1921072,0.0000113
51787,2000-08-31,I,0.1911533,0.0000110
51788,2000-09-01,I,0.1901989,0.0000111
51789,2000-09-02,I,0.1893256,0.0000104
51790,2000-09-03,I,0.1885919,0.0000150
51791,2000-09-04,I,0.1880273,0.0000086
51792,2000-09-05,I,0.1876349,0.0000116
51793,2000-09-06,I,0.1874028,0.0000108
51794,2000-09-07,I,0.1873098,0.0000111
51795,2000-09-08,I,0.1873223,0.0000110
51796,2000-09-09,I,0.1873861,0.0000126
51797,2000-09-10,I,0.1874266,0.0000153
51798,2000-09-11,I,0.1874013,0.0000092
51799,2000-09-12,I,0.1872869,0.0000092
51800,2000-09-13,I,0.1870496,0.0000097
51801,2000-09-14,I,0.1866365,0.0000097
51802,2000-09-15,I,0.1860550,0.0000075
51803,2000-09-16,I,0.1853555,0.0000092
51804,2000-09-17,I,0.1846236,0.0000069
51805,2000-09-18,I,0.1839384,0.0000074
51806,2000-09-19,I,0.1833584,0.0000072
51807,2000-09-20,I,0.1828959,0.0000077
51808,2000-09-21,I,0.1825005,0.0000079
51809,2000-09-22,I,0.1821426,0.0000073
51810,2000-09-23,I,0.1817630,0.0000102
51811,2000-09-24,I,0.1812951,0.0000096
51812,2000-09-25,I,0.1806746,0.0000102
51813,2000-09-26,I,0.1798634,0.0000094
51814,2000-09-27,I,0.1788756,0.0000107
51815,2000-09-28,I,0.1777662,0.0000102
51816,2000-09-29,I,0.1766344,0.0000101
51817,2000-09-30,I,0.1755771,0.0000126
51818,2000-10-01,I,0.1746616,0.0000250
51819,2000-10-02,I,0.1739322,0.0000126
51820,2000-10-03,I,0.1734054,0.0000107
51821,2000-10-04,I,0.1730604,0.0000112
51822,2000-10-05,I,0.1728192,0.0000114
51823,2000-10-06,I,0.1725918,0.0000111
51824,2000-10-07,I,0.1723008,0.0000080
51825,2000-10-08,I,0.1718859,0.0000291
51826,2000-10-09,I,0.1713077,0.0000135
51827,2000-10-10,I,0.1705445,0.0000104
51828,2000-10-11,I,0.1695914,0.0000106
51829,2000-10-12,I,0.1684726,0.0000114
51830,2000-10-13,I,0.1672293,0.0000111
51831,2000-10-14,I,0.1659165,0.0000097
51832,2000-10-15,I,0.1646002,0.0000094
51833,2000-10-16,I,0.1633460,0.0000090
51834,2000-10-17,I,0.1622008,0.0000078
51835,2000-10-18,I,0.1611743,0.0000085
51836,2000-10-19,I,0.1602224,0.0000081
51837,2000-10-20,I,0.1593019,0.0000067
51838,2000-10-21,I,0.1583373,0.0000085
51839,2000-10-22,I,0.1572489,0.0000054
51840,2000-10-23,I,0.1559969,0.0000046
51841,2000-10-24,I,0.1545842,0.0000034
51842,2000-10-25,I,0.1530514,0.0000037
51843,2000-10-26,I,0.1514687,0.0000035
51844,2000-10-27,I,0.1499145,0.0000027
51845,2000-10-28,I,0.1484579,0.0000060
51846,2000-10-29,I,0.1471418,0.0000062
51847,2000-10-30,I,0.1459752,0.0000079
51848,2000-10-31,I,0.1449482,0.0000074
51849,2000-11-01,I,0.1440379,0.0000070
51850,2000-11-02,I,0.1432245,0.0000071
51851,2000-11-03,I,0.1424206,0.0000071
51852,2000-11-04,I,0.1415779,0.0000081
51853,2000-11-05,I,0.1406790,0.0000059
51854,2000-11-06,I,0.1397020,0.0000054
51855,2000-11-07,I,0.1386307,0.0000072
51856,2000-11-08,I,0.1374558,0.0000080
51857,2000-11-09,I,0.1361794,0.0000072
51858,2000-11-10,I,0.1348407,0.0000105
51859,2000-11-11,I,0.1335115,0.0000176
51860,2000-11-12,I,0.1322815,0.0000222
51861,2000-11-13,I,0.1312288,0.0000122
51862,2000-11-14,I,0.1303795,0.0000116
51863,2000-11-15,I,0.1296880,0.0000119
51864,2000-11-16,I,0.1290752,0.0000111
51865,2000-11-17,I,0.1284673,0.0000071
51866,2000-11-18,I,0.1277803,0.0000074
51867,2000-11-19,I,0.1269550,0.0000126
51868,2000-11-20,I,0.1259796,0.0000122
51869,2000-11-21,I,0.1248810,0.0000120
51870,2000-11-22,I,0.1237094,0.0000124
51871,2000-11-23,I,0.1225261,0.0000127
51872,2000-11-24,I,0.1214273,0.0000124
51873,2000-11-25,I,0.1204737,0.0000129
51874,2000-11-26,I,0.1196892,0.0000076
51875,2000-11-27,I,0.1190582,0.0000061
51876,2000-11-28,I,0.1185366,0.0000073
51877,2000-11-29,I,0.1180511,0.0000076
51878,2000-11-30,I,0.1175362,0.0000077
51879,2000-12-01,I,0.1169571,0.0000071
51880,2000-12-02,I,0.1162837,0.0000093
51881,2000-12-03,I,0.1154766,0.0000170
51882,2000-12-04,I,0.1145258,0.0000100
51883,2000-12-05,I,0.1134396,0.0000103
51884,2000-12-06,I,0.1122369,0.0000102
51885,2000-12-07,I,0.1109424,0.0000105
51886,2000-12-08,I,0.1096102,0.0000102
51887,2000-12-09,I,0.1083239,0.0000102
51888,2000-12-10,I,0.1071513,0.0000073
51889,2000-12-11,I,0.1061402,0.0000049
51890,2000-12-12,I,0.1053021,0.0000044
51891,2000-12-13,I,0.1045962,0.0000056
51892,2000-12-14,I,0.1039425,0.0000056
51893,2000-12-15,I,0.1032518,0.0000055
51894,2000-12-16,I,0.1024791,0.0000062
51895,2000-12-17,I,0.1016208,0.0000074
51896,2000-12-18,I,0.1006920,0.0000117
51897,2000-12-19,I,0.0997342,0.0000107
51898,2000-12-20,I,0.0987954,0.0000118
51899,2000-12-21,I,0.0979297,0.0000118
51900,2000-12-22,I,0.0971851,0.0000118
51901,2000-12-23,I,0.0965696,0.0000128
51902,2000-12-24,I,0.0960771,0.0000150
51903,2000-12-25,I,0.0956962,0.0000176
51904,2000-12-26,I,0.0954001,0.0000055
51905,2000-12-27,I,0.0951508,0.0000060
51906,2000-12-28,I,0.0949096,0.0000065
51907,2000-12-29,I,0.0946359,0.0000063
51908,2000-12-30,I,0.0942828,0.0000070
51909,2000-12-31,I,0.0938120,0.0000069
51910,2001-01-01,I,0.0932119,0.0000032
51911,2001-01-02,I,0.0924914,0.0000029
51912,2001-01-03,I,0.0916692,0.0000029
51913,2001-01-04,I,0.0907750,0.0000033
51914,2001-01-05,I,0.0898678,0.0000033
51915,2001-01-06,I,0.0890192,0.0000064
51916,2001-01-07,I,0.0882913,0.0000117
51917,2001-01-08,I,0.0877100,0.0000084
51918,2001-01-09,I,0.0872412,0.0000069
51919,2001-01-10,I,0.0868214,0.0000075
51920,2001-01-11,I,0.0863978,0.0000074
51921,2001-01-12,I,0.0858918,0.0000061
51922,2001-01-13,I,0.0852278,0.0000075
51923,2001-01-14,I,0.0843969,0.0000101
51924,2001-01-15,I,0.0834651,0.0000067
51925,2001-01-16,I,0.0825200,0.0000072
51926,2001-01-17,I,0.0816624,0.0000088
51927,2001-01-18,I,0.0809795,0.0000085
51928,2001-01-19,I,0.0804921,0.0000080
51929,2001-01-20,I,0.0801787,0.0000078
51930,2001-01-21,I,0.0800201,0.0000093
51931,2001-01-22,I,0.0799806,0.0000090
51932,2001-01-23,I,0.0800240,0.0000065
51933,2001-01-24,I,0.0801074,0.0000064
51934,2001-01-25,I,0.0801174,0.0000064
51935,2001-01-26,I,0.0800005,0.0000062
51936,2001-01-27,I,0.0797485,0.0000083
51937,2001-01-28,I,0.0793597,0.0000070
51938,2001-01-29,I,0.0788571,0.0000068
51939,2001-01-30,I,0.0782861,0.0000067
51940,2001-01-31,I,0.0777066,0.0000069
51941,2001-02-01,I,0.0771923,0.0000069
51942,2001-02-02,I,0.0767767,0.0000053
51943,2001-02-03,I,0.0764905,0.0000051
51944,2001-02-04,I,0.0763463,0.0000049
51945,2001-02-05,I,0.0763070,0.0000055
51946,2001-02-06,I,0.0762904,0.0000049
51947,2001-02-07,I,0.0761786,0.0000053
51948,2001-02-08,I,0.0758370,0.0000056
51949,2001-02-09,I,0.0752207,0.0000057
51950,2001-02-10,I,0.0743550,0.0000074
51951,2001-02-11,I,0.0733133,0.0000076
51952,2001-02-12,I,0.0721847,0.0000069
51953,2001-02-13,I,0.0710379,0.0000071
51954,2001-02-14,I,0.0699293,0.0000084
51955,2001-02-15,I,0.0689493,0.0000089
51956,2001-02-16,I,0.0681196,0.0000085
51957,2001-02-17,I,0.0674165,0.0000092
51958,2001-02-18,I,0.0668053,0.0000200
51959,2001-02-19,I,0.0662222,0.0000097
51960,2001-02-20,I,0.0656180,0.0000059
51961,2001-02-21,I,0.0649693,0.0000054
51962,2001-02-22,I,0.0642715,0.0000048
51963,2001-02-23,I,0.0634742,0.0000051
51964,2001-02-24,I,0.0625189,0.0000053
51965,2001-02-25,I,0.0613865,0.0000057
51966,2001-02-26,I,0.0600910,0.0000066
51967,2001-02-27,I,0.0586786,0.0000093
51968,2001-02-28,I,0.0572195,0.0000093
51969,2001-03-01,I,0.0557875,0.0000086
51970,2001-03-02,I,0.0544602,0.0000087
51971,2001-03-03,I,0.0532819,0.0000088
51972,2001-03-04,I,0.0522376,0.0000060
51973,2001-03-05,I,0.0512832,0.0000084
51974,2001-03-06,I,0.0503495,0.0000083
51975,2001-03-07,I,0.0493442,0.0000083
51976,2001-03-08,I,0.0481341,0.0000083
51977,2001-03-09,I,0.0467010,0.0000082
51978,2001-03-10,I,0.0451229,0.0000116
51979,2001-03-11,I,0.0434773,0.0000096
51980,2001-03-12,I,0.0418802,0.0000075
51981,2001-03-13,I,0.0404374,0.0000096
51982,2001-03-14,I,0.0392295,0.0000104
51983,2001-03-15,I,0.0382952,0.0000107
51984,2001-03-16,I,0.0375726,0.0000106
51985,2001-03-17,I,0.0369887,0.0000099
51986,2001-03-18,I,0.0365050,0.0000122
51987,2001-03-19,I,0.0360785,0.0000100
51988,2001-03-20,I,0.0356539,0.0000077
51989,2001-03-21,I,0.0351677,0.0000088
51990,2001-03-22,I,0.0345744,0.0000088
51991,2001-03-23,I,0.0338807,0.0000092
51992,2001-03-24,I,0.0330948,0.0000090
51993,2001-03-25,I,0.0321732,0.0000069
51994,2001-03-26,I,0.0311344,0.0000056
51995,2001-03-27,I,0.0300364,0.0000054
51996,2001-03-28,I,0.0289533,0.0000054
51997,2001-03-29,I,0.0279431,0.0000052
51998,2001-03-30,I,0.0270584,0.0000052
51999,2001-03-31,I,0.0262790,0.0000061
52000,2001-04-01,I,0.0255789,0.0000071
52001,2001-04-02,I,0.0249086,0.0000056
52002,2001-04-03,I,0.0241974,0.0000050
52003,2001-04-04,I,0.0233525,0.0000056
52004,2001-04-05,I,0.0222941,0.0000061
52005,2001-04-06,I,0.0210310,0.0000078
52006,2001-04-07,I,0.0196128,0.0000091
52007,2001-04-08,I,0.0181175,0.0000108
52008,2001-04-09,I,0.0167131,0.0000095
52009,2001-04-10,I,0.0155146,0.0000103
52010,2001-04-11,I,0.0145593,0.0000097
52011,2001-04-12,I,0.0138392,0.0000078
52012,2001-04-13,I,0.0133170,0.0000062
52013,2001-04-14,I,0.0129482,0.0000082
52014,2001-04-15,I,0.0126452,0.0000089
52015,2001-04-16,I,0.0123092,0.0000071
52016,2001-04-17,I,0.0118484,0.0000067
52017,2001-04-18,I,0.0112269,0.0000070
52018,2001-04-19,I,0.0104350,0.0000071
52019,2001-04-20,I,0.0095289,0.0000065
52020,2001-04-21,I,0.0085563,0.0000075
52021,2001-04-22,I,0.0075520,0.0000092
52022,2001-04-23,I,0.0065774,0.0000095
52023,2001-04-24,I,0.0056709,0.0000102
52024,2001-04-25,I,0.0048440,0.0000100
52025,2001-04-26,I,0.0040790,0.0000085
52026,2001-04-27,I,0.0034022,0.0000091
52027,2001-04-28,I,0.0028191,0.0000106
52028,2001-04-29,I,0.0022428,0.0000200
52029,2001-04-30,I,0.0015733,0.0000090
52030,2001-05-01,I,0.0007278,0.0000083
52031,2001-05-02,I,-0.0003259,0.0000084
52032,2001-05-03,I,-0.0015934,0.0000083
52033,2001-05-04,I,-0.0030352,0.0000075
52034,2001-05-05,I,-0.0045933,0.0000071
52035,2001-05-06,I,-0.0061331,0.0000075
52036,2001-05-07,I,-0.0075369,0.0000055
52037,2001-05-08,I,-0.0087404,0.0000070
52038,2001-05-09,I,-0.0097369,0.0000067
52039,2001-05-10,I,-0.0105319,0.0000064
52040,2001-05-11,I,-0.0111764,0.0000068
52041,2001-05-12,I,-0.0117496,0.0000095
52042,2001-05-13,I,-0.0123247,0.0000086
52043,2001-05-14,I,-0.0129605,0.0000075
52044,2001-05-15,I,-0.0137043,0.0000062
52045,2001-05-16,I,-0.0145695,0.0000061
52046,2001-05-17,I,-0.0155375,0.0000061
52047,2001-05-18,I,-0.0166007,0.0000051
52048,2001-05-19,I,-0.0177270,0.0000061
52049,2001-05-20,I,-0.0188626,0.0000055
52050,2001-05-21,I,-0.0199416,0.0000049
52051,2001-05-22,I,-0.0209025,0.0000050
52052,2001-05-23,I,-0.0216782,0.0000048
52053,2001-05-24,I,-0.0222369,0.0000048
52054,2001-05-25,I,-0.0226032,0.0000042
52055,2001-05-26,I,-0.0228237,0.0000036
52056,2001-05-27,I,-0.0230030,0.0000056
52057,2001-05-28,I,-0.0232464,0.0000053
52058,2001-05-29,I,-0.0236177,0.0000065
52059,2001-05-30,I,-0.0241318,0.0000062
52060,2001-05-31,I,-0.0247483,0.0000062
52061,2001-06-01,I,-0.0253975,0.0000061
52062,2001-06-02,I,-0.0260175,0.0000075
52063,2001-06-03,I,-0.0265184,0.0000072
52064,2001-06-04,I,-0.0268285,0.0000062
52065,2001-06-05,I,-0.0269122,0.0000069
52066,2001-06-06,I,-0.0267590,0.0000070
52067,2001-06-07,I,-0.0264018,0.0000072
52068,2001-06-08,I,-0.0259287,0.0000058
52069,2001-06-09,I,-0.0254333,0.0000067
52070,2001-06-10,I,-0.0250007,0.0000076
52071,2001-06-11,I,-0.0246893,0.0000054
52072,2001-06-12,I,-0.0245243,0.0000063
52073,2001-06-13,I,-0.0244996,0.0000074
52074,2001-06-14,I,-0.0245855,0.0000074
52075,2001-06-15,I,-0.0247149,0.0000075
52076,2001-06-16,I,-0.0248844,0.0000093
52077,2001-06-17,I,-0.0250857,0.0000104
52078,2001-06-18,I,-0.0252770,0.0000111
52079,2001-06-19,I,-0.0254095,0.0000091
52080,2001-06-20,I,-0.0254321,0.0000094
52081,2001-06-21,I,-0.0253320,0.0000096
52082,2001-06-22,I,-0.0251783,0.0000086
52083,2001-06-23,I,-0.0250102,0.0000092
52084,2001-06-24,I,-0.0248971,0.0000078
52085,2001-06-25,I,-0.0249203,0.0000085
52086,2001-06-26,I,-0.0251571,0.0000080
52087,2001-06-27,I,-0.0256219,0.0000077
52088,2001-06-28,I,-0.0262345,0.0000072
52089,2001-06-29,I,-0.0268374,0.0000066
52090,2001-06-30,I,-0.0273305,0.0000078
52091,2001-07-01,I,-0.0276628,0.0000081
52092,2001-07-02,I,-0.0278068,0.0000086
52093,2001-07-03,I,-0.0277724,0.0000088
52094,2001-07-04,I,-0.0275917,0.0000088
52095,2001-07-05,I,-0.0273214,0.0000092
52096,2001-07-06,I,-0.0270168,0.0000095
52097,2001-07-07,I,-0.0267172,0.0000135
52098,2001-07-08,I,-0.0264876,0.0000075
52099,2001-07-09,I,-0.0263559,0.0000079
52100,2001-07-10,I,-0.0262957,0.0000067
52101,2001-07-11,I,-0.0262937,0.0000066
52102,2001-07-12,I,-0.0263420,0.0000064
52103,2001-07-13,I,-0.0264423,0.0000051
52104,2001-07-14,I,-0.0265745,0.0000062
52105,2001-07-15,I,-0.0266776,0.0000060
52106,2001-07-16,I,-0.0266996,0.0000086
52107,2001-07-17,I,-0.0266054,0.0000074
52108,2001-07-18,I,-0.0263767,0.0000073
52109,2001-07-19,I,-0.0259942,0.0000073
52110,2001-07-20,I,-0.0255082,0.0000073
52111,2001-07-21,I,-0.0250060,0.0000066
52112,2001-07-22,I,-0.0246132,0.0000072
52113,2001-07-23,I,-0.0244171,0.0000115
52114,2001-07-24,I,-0.0244378,0.0000100
52115,2001-07-25,I,-0.0246254,0.0000110
52116,2001-07-26,I,-0.0248554,0.0000110
52117,2001-07-27,I,-0.0250362,0.0000111
52118,2001-07-28,I,-0.0250710,0.0000109
52119,2001-07-29,I,-0.0248973,0.0000107
52120,2001-07-30,I,-0.0245203,0.0000094
52121,2001-07-31,I,-0.0239750,0.0000053
52122,2001-08-01,I,-0.0233173,0.0000060
52123,2001-08-02,I,-0.0226031,0.0000060
52124,2001-08-03,I,-0.0219307,0.0000058
52125,2001-08-04,I,-0.0213741,0.0000059
52126,2001-08-05,I,-0.0209647,0.0000054
52127,2001-08-06,I,-0.0207134,0.0000080
52128,2001-08-07,I,-0.0206093,0.0000073
52129,2001-08-08,I,-0.0206453,0.0000081
52130,2001-08-09,I,-0.0208280,0.0000082
52131,2001-08-10,I,-0.0211180,0.0000079
52132,2001-08-11,I,-0.0214883,0.0000089
52133,2001-08-12,I,-0.0218582,0.0000086
52134,2001-08-13,I,-0.0221683,0.0000059
52135,2001-08-14,I,-0.0223759,0.0000042
52136,2001-08-15,I,-0.0224719,0.0000042
52137,2001-08-16,I,-0.0224951,0.0000042
52138,2001-08-17,I,-0.0225424,0.0000044
52139,2001-08-18,I,-0.0227349,0.0000050
52140,2001-08-19,I,-0.0231468,0.0000037
52141,2001-08-20,I,-0.0238110,0.0000041
52142,2001-08-21,I,-0.0246716,0.0000050
52143,2001-08-22,I,-0.0256336,0.0000051
52144,2001-08-23,I,-0.0265722,0.0000049
52145,2001-08-24,I,-0.0273305,0.0000045
52146,2001-08-25,I,-0.0278859,0.0000064
52147,2001-08-26,I,-0.0281912,0.0000077
52148,2001-08-27,I,-0.0282702,0.0000072
52149,2001-08-28,I,-0.0281810,0.0000068
52150,2001-08-29,I,-0.0279875,0.0000070
52151,2001-08-30,I,-0.0277699,0.0000070
52152,2001-08-31,I,-0.0276246,0.0000066
52153,2001-09-01,I,-0.0275565,0.0000072
52154,2001-09-02,I,-0.0276237,0.0000089
52155,2001-09-03,I,-0.0278457,0.0000101
52156,2001-09-04,I,-0.0282101,0.0000089
52157,2001-09-05,I,-0.0286795,0.0000086
52158,2001-09-06,I,-0.0292220,0.0000086
52159,2001-09-07,I,-0.0297228,0.0000071
52160,2001-09-08,I,-0.0301251,0.0000067
52161,2001-09-09,I,-0.0303991,0.0000093
52162,2001-09-10,I,-0.0305407,0.0000099
52163,2001-09-11,I,-0.0305585,0.0000099
52164,2001-09-12,I,-0.0304893,0.0000100
52165,2001-09-13,I,-0.0303902,0.0000100
52166,2001-09-14,I,-0.0303768,0.0000101
52167,2001-09-15,I,-0.0305592,0.0000099
52168,2001-09-16,I,-0.0310227,0.0000098
52169,2001-09-17,I,-0.0317716,0.0000077
52170,2001-09-18,I,-0.0327081,0.0000051
52171,2001-09-19,I,-0.0336833,0.0000055
52172,2001-09-20,I,-0.0345782,0.0000054
52173,2001-09-21,I,-0.0353188,0.0000052
52174,2001-09-22,I,-0.0358650,0.0000088
52175,2001-09-23,I,-0.0362289,0.0000111
52176,2001-09-24,I,-0.0364315,0.0000127
52177,2001-09-25,I,-0.0365148,0.0000097
52178,2001-09-26,I,-0.0365719,0.0000097
52179,2001-09-27,I,-0.0366649,0.0000098
52180,2001-09-28,I,-0.0368626,0.0000079
52181,2001-09-29,I,-0.0372070,0.0000067
52182,2001-09-30,I,-0.0376819,0.0000052
52183,2001-10-01,I,-0.0382858,0.0000061
52184,2001-10-02,I,-0.0390267,0.0000055
52185,2001-10-03,I,-0.0398842,0.0000061
52186,2001-10-04,I,-0.0407664,0.0000060
52187,2001-10-05,I,-0.0416597,0.0000056
52188,2001-10-06,I,-0.0425070,0.0000063
52189,2001-10-07,I,-0.0432212,0.0000077
52190,2001-10-08,I,-0.0438093,0.0000086
52191,2001-10-09,I,-0.0443119,0.0000106
52192,2001-10-10,I,-0.0447946,0.0000104
52193,2001-10-11,I,-0.0453471,0.0000105
52194,2001-10-12,I,-0.0460388,0.0000102
52195,2001-10-13,I,-0.0469352,0.0000103
52196,2001-10-14,I,-0.0481049,0.0000174
52197,2001-10-15,I,-0.0495247,0.0000087
52198,2001-10-16,I,-0.0510923,0.0000084
52199,2001-10-17,I,-0.0526756,0.0000081
52200,2001-10-18,I,-0.0541385,0.0000087
52201,2001-10-19,I,-0.0553641,0.0000088
52202,2001-10-20,I,-0.0563100,0.0000086
52203,2001-10-21,I,-0.0570173,0.0000070
52204,2001-10-22,I,-0.0575865,0.0000061
52205,2001-10-23,I,-0.0580938,0.0000056
52206,2001-10-24,I,-0.0586034,0.0000050
52207,2001-10-25,I,-0.0591482,0.0000048
52208,2001-10-26,I,-0.0598058,0.0000039
52209,2001-10-27,I,-0.0606271,0.0000083
52210,2001-10-28,I,-0.0616005,0.0000060
52211,2001-10-29,I,-0.0626731,0.0000056
52212,2001-10-30,I,-0.0637941,0.0000056
52213,2001-10-31,I,-0.0649004,0.0000057
52214,2001-11-01,I,-0.0659625,0.0000056
52215,2001-11-02,I,-0.0669114,0.0000041
52216,2001-11-03,I,-0.0676788,0.0000057
52217,2001-11-04,I,-0.0683087,0.0000060
52218,2001-11-05,I,-0.0688485,0.0000053
52219,2001-11-06,I,-0.0693383,0.0000058
52220,2001-11-07,I,-0.0698185,0.0000055
52221,2001-11-08,I,-0.0703925,0.0000050
52222,2001-11-09,I,-0.0712107,0.0000050
52223,2001-11-10,I,-0.0723447,0.0000058
52224,2001-11-11,I,-0.0737149,0.0000076
52225,2001-11-12,I,-0.0752402,0.0000054
52226,2001-11-13,I,-0.0768242,0.0000051
52227,2001-11-14,I,-0.0783598,0.0000051
52228,2001-11-15,I,-0.0796801,0.0000050
52229,2001-11-16,I,-0.0807152,0.0000048
52230,2001-11-17,I,-0.0815299,0.0000042
52231,2001-11-18,I,-0.0821868,0.0000051
52232,2001-11-19,I,-0.0827571,0.0000048
52233,2001-11-20,I,-0.0833038,0.0000050
52234,2001-11-21,I,-0.0838642,0.0000057
52235,2001-11-22,I,-0.0844760,0.0000056
52236,2001-11-23,I,-0.0851887,0.0000061
52237,2001-11-24,I,-0.0859913,0.0000053
52238,2001-11-25,I,-0.0868759,0.0000128
52239,2001-11-26,I,-0.0878323,0.0000062
52240,2001-11-27,I,-0.0888226,0.0000040
52241,2001-11-28,I,-0.0897932,0.0000042
52242,2001-11-29,I,-0.0906844,0.0000041
52243,2001-11-30,I,-0.0914634,0.0000041
52244,2001-12-01,I,-0.0920973,0.0000043
52245,2001-12-02,I,-0.0925390,0.0000027
52246,2001-12-03,I,-0.0928478,0.0000022
52247,2001-12-04,I,-0.0931113,0.0000018
52248,2001-12-05,I,-0.0934066,0.0000020
52249,2001-12-06,I,-0.0938409,0.0000020
52250,2001-12-07,I,-0.0944807,0.0000021
52251,2001-12-08,I,-0.0953339,0.0000042
52252,2001-12-09,I,-0.0963856,0.0000050
52253,2001-12-10,I,-0.0975643,0.0000085
52254,2001-12-11,I,-0.0987479,0.0000098
52255,2001-12-12,I,-0.0998134,0.0000094
52256,2001-12-13,I,-0.1007082,0.0000091
52257,2001-12-14,I,-0.1014059,0.0000093
52258,2001-12-15,I,-0.1018858,0.0000088
52259,2001-12-16,I,-0.1022203,0.0000115
52260,2001-12-17,I,-0.1025281,0.0000063
52261,2001-12-18,I,-0.1028980,0.0000058
52262,2001-12-19,I,-0.1033688,0.0000062
52263,2001-12-20,I,-0.1039517,0.0000059
52264,2001-12-21,I,-0.1047412,0.0000059
52265,2001-12-22,I,-0.1057340,0.0000059
52266,2001-12-23,I,-0.1068325,0.0000069
52267,2001-12-24,I,-0.1079933,0.0000112
52268,2001-12-25,I,-0.1091801,0.0000078
52269,2001-12-26,I,-0.1103550,0.0000027
52270,2001-12-27,I,-0.1114831,0.0000027
52271,2001-12-28,I,-0.1125251,0.0000031
52272,2001-12-29,I,-0.1134437,0.0000065
52273,2001-12-30,I,-0.1142562,0.0000067
52274,2001-12-31,I,-0.1150209,0.0000070
52275,2002-01-01,I,-0.1158037,0.0000175
52276,2002-01-02,I,-0.1166693,0.0000098
52277,2002-01-03,I,-0.1176985,0.0000108
52278,2002-01-04,I,-0.1188986,0.0000099
52279,2002-01-05,I,-0.1202113,0.0000094
52280,2002-01-06,I,-0.1215473,0.0000074
52281,2002-01-07,I,-0.1228365,0.0000077
52282,2002-01-08,I,-0.1239610,0.0000088
52283,2002-01-09,I,-0.1248067,0.0000085
52284,2002-01-10,I,-0.1254012,0.0000084
52285,2002-01-11,I,-0.1257888,0.0000089
52286,2002-01-12,I,-0.1259989,0.0000114
52287,2002-01-13,I,-0.1260590,0.0000081
52288,2002-01-14,I,-0.1260491,0.0000084
52289,2002-01-15,I,-0.1260530,0.0000066
52290,2002-01-16,I,-0.1261427,0.0000042
52291,2002-01-17,I,-0.1263067,0.0000041
52292,2002-01-18,I,-0.1265787,0.0000040
52293,2002-01-19,I,-0.1270116,0.0000040
52294,2002-01-20,I,-0.1275351,0.0000037
52295,2002-01-21,I,-0.1281046,0.0000036
52296,2002-01-22,I,-0.1287014,0.0000032
52297,2002-01-23,I,-0.1293014,0.0000032
52298,2002-01-24,I,-0.1298552,0.0000032
52299,2002-01-25,I,-0.1302989,0.0000031
52300,2002-01-26,I,-0.1306333,0.0000032
52301,2002-01-27,I,-0.1309397,0.0000051
52302,2002-01-28,I,-0.1313269,0.0000055
52303,2002-01-29,I,-0.1319022,0.0000071
52304,2002-01-30,I,-0.1327378,0.0000073
52305,2002-01-31,I,-0.1338676,0.0000074
52306,2002-02-01,I,-0.1351858,0.0000073
52307,2002-02-02,I,-0.1366441,0.0000057
52308,2002-02-03,I,-0.1381439,0.0000049
52309,2002-02-04,I,-0.1395213,0.0000049
52310,2002-02-05,I,-0.1407169,0.0000048
52311,2002-02-06,I,-0.1417091,0.0000046
52312,2002-02-07,I,-0.1424476,0.0000045
52313,2002-02-08,I,-0.1430156,0.0000043
52314,2002-02-09,I,-0.1434398,0.0000075
52315,2002-02-10,I,-0.1438149,0.0000084
52316,2002-02-11,I,-0.1442491,0.0000077
52317,2002-02-12,I,-0.1447929,0.0000079
52318,2002-02-13,I,-0.1454163,0.0000071
52319,2002-02-14,I,-0.1461477,0.0000069
52320,2002-02-15,I,-0.1469803,0.0000055
52321,2002-02-16,I,-0.1479109,0.0000033
52322,2002-02-17,I,-0.1489420,0.0000035
52323,2002-02-18,I,-0.1500088,0.0000054
52324,2002-02-19,I,-0.1510412,0.0000060
52325,2002-02-20,I,-0.1519999,0.0000060
52326,2002-02-21,I,-0.1528758,0.0000061
52327,2002-02-22,I,-0.1536466,0.0000061
52328,2002-02-23,I,-0.1543413,0.0000058
52329,2002-02-24,I,-0.1549999,0.0000047
52330,2002-02-25,I,-0.1557544,0.0000049
52331,2002-02-26,I,-0.1567153,0.0000040
52332,2002-02-27,I,-0.1579427,0.0000038
52333,2002-02-28,I,-0.1594139,0.0000038
52334,2002-03-01,I,-0.1610130,0.0000039
52335,2002-03-02,I,-0.1626763,0.0000035
52336,2002-03-03,I,-0.1642811,0.0000028
52337,2002-03-04,I,-0.1656714,0.0000025
52338,2002-03-05,I,-0.1667923,0.0000034
52339,2002-03-06,I,-0.1676924,0.0000027
52340,2002-03-07,I,-0.1684204,0.0000025
52341,2002-03-08,I,-0.1690271,0.0000023
52342,2002-03-09,I,-0.1695783,0.0000025
52343,2002-03-10,I,-0.1701147,0.0000031
52344,2002-03-11,I,-0.1707265,0.0000032
52345,2002-03-12,I,-0.1714742,0.0000035
52346,2002-03-13,I,-0.1723703,0.0000034
52347,2002-03-14,I,-0.1733587,0.0000036
52348,2002-03-15,I,-0.1743534,0.0000037
52349,2002-03-16,I,-0.1752898,0.0000036
52350,2002-03-17,I,-0.1761789,0.0000047
52351,2002-03-18,I,-0.1770191,0.0000047
52352,2002-03-19,I,-0.1777692,0.0000048
52353,2002-03-20,I,-0.1783677,0.0000042
52354,2002-03-21,I,-0.1788335,0.0000040
52355,2002-03-22,I,-0.1792219,0.0000039
52356,2002-03-23,I,-0.1796032,0.0000026
52357,2002-03-24,I,-0.1800487,0.0000024
52358,2002-03-25,I,-0.1806578,0.0000026
52359,2002-03-26,I,-0.1815139,0.0000030
52360,2002-03-27,I,-0.1826625,0.0000033
52361,2002-03-28,I,-0.1840935,0.0000034
52362,2002-03-29,I,-0.1856545,0.0000036
52363,2002-03-30,I,-0.1871290,0.0000044
52364,2002-03-31,I,-0.1884097,0.0000047
52365,2002-04-01,I,-0.1894584,0.0000074
52366,2002-04-02,I,-0.1902632,0.0000058
52367,2002-04-03,I,-0.1908576,0.0000052
52368,2002-04-04,I,-0.1912938,0.0000052
52369,2002-04-05,I,-0.1916733,0.0000053
52370,2002-04-06,I,-0.1920732,0.0000044
52371,2002-04-07,I,-0.1925641,0.0000034
52372,2002-04-08,I,-0.1931491,0.0000033
52373,2002-04-09,I,-0.1938376,0.0000035
52374,2002-04-10,I,-0.1946386,0.0000031
52375,2002-04-11,I,-0.1955434,0.0000030
52376,2002-04-12,I,-0.1965074,0.0000030
52377,2002-04-13,I,-0.1974443,0.0000040
52378,2002-04-14,I,-0.1982901,0.0000050
52379,2002-04-15,I,-0.1990076,0.0000050
52380,2002-04-16,I,-0.1995629,0.0000053
52381,2002-04-17,I,-0.1999155,0.0000050
52382,2002-04-18,I,-0.2001942,0.0000050
52383,2002-04-19,I,-0.2004544,0.0000045
52384,2002-04-20,I,-0.2006743,0.0000039
52385,2002-04-21,I,-0.2009659,0.0000033
52386,2002-04-22,I,-0.2014624,0.0000035
52387,2002-04-23,I,-0.2022539,0.0000034
52388,2002-04-24,I,-0.2033128,0.0000040
52389,2002-04-25,I,-0.2045866,0.0000040
52390,2002-04-26,I,-0.2059938,0.0000037
52391,2002-04-27,I,-0.2073654,0.0000063
52392,2002-04-28,I,-0.2085331,0.0000060
52393,2002-04-29,I,-0.2094074,0.0000060
52394,2002-04-30,I,-0.2099957,0.0000061
52395,2002-05-01,I,-0.2103291,0.0000055
52396,2002-05-02,I,-0.2105531,0.0000055
52397,2002-05-03,I,-0.2107538,0.0000041
52398,2002-05-04,I,-0.2109919,0.0000037
52399,2002-05-05,I,-0.2113629,0.0000044
52400,2002-05-06,I,-0.2119108,0.0000052
52401,2002-05-07,I,-0.2126161,0.0000055
52402,2002-05-08,I,-0.2134461,0.0000053
52403,2002-05-09,I,-0.2143605,0.0000052
52404,2002-05-10,I,-0.2153272,0.0000051
52405,2002-05-11,I,-0.2162937,0.0000060
52406,2002-05-12,I,-0.2171961,0.0000058
52407,2002-05-13,I,-0.2180117,0.0000086
52408,2002-05-14,I,-0.2187289,0.0000081
52409,2002-05-15,I,-0.2193166,0.0000069
52410,2002-05-16,I,-0.2198559,0.0000069
52411,2002-05-17,I,-0.2203514,0.0000060
52412,2002-05-18,I,-0.2208634,0.0000041
52413,2002-05-19,I,-0.2215396,0.0000028
52414,2002-05-20,I,-0.2224490,0.0000023
52415,2002-05-21,I,-0.2236193,0.0000019
52416,2002-05-22,I,-0.2249880,0.0000020
52417,2002-05-23,I,-0.2264168,0.0000020
52418,2002-05-24,I,-0.2277978,0.0000020
52419,2002-05-25,I,-0.2290038,0.0000026
52420,2002-05-26,I,-0.2299216,0.0000024
52421,2002-05-27,I,-0.2305238,0.0000027
52422,2002-05-28,I,-0.2308498,0.0000031
52423,2002-05-29,I,-0.2309822,0.0000031
52424,2002-05-30,I,-0.2310228,0.0000031
52425,2002-05-31,I,-0.2310614,0.0000032
52426,2002-06-01,I,-0.2311156,0.0000031
52427,2002-06-02,I,-0.2312210,0.0000032
52428,2002-06-03,I,-0.2313850,0.0000030
52429,2002-06-04,I,-0.2316011,0.0000029
52430,2002-06-05,I,-0.2318168,0.0000029
52431,2002-06-06,I,-0.2319358,0.0000029
52432,2002-06-07,I,-0.2319527,0.0000031
52433,2002-06-08,I,-0.2318656,0.0000049
52434,2002-06-09,I,-0.2316373,0.0000046
52435,2002-06-10,I,-0.2312558,0.0000068
52436,2002-06-11,I,-0.2307256,0.0000085
52437,2002-06-12,I,-0.2300693,0.0000083
52438,2002-06-13,I,-0.2293896,0.0000082
52439,2002-06-14,I,-0.2287007,0.0000081
52440,2002-06-15,I,-0.2281849,0.0000105
52441,2002-06-16,I,-0.2279079,0.0000072
52442,2002-06-17,I,-0.2278930,0.0000078
52443,2002-06-18,I,-0.2280801,0.0000082
52444,2002-06-19,I,-0.2283589,0.0000080
52445,2002-06-20,I,-0.2286830,0.0000079
52446,2002-06-21,I,-0.2289872,0.0000072
52447,2002-06-22,I,-0.2292182,0.0000088
52448,2002-06-23,I,-0.2293020,0.0000054
52449,2002-06-24,I,-0.2292446,0.0000044
52450,2002-06-25,I,-0.2291098,0.0000036
52451,2002-06-26,I,-0.2289625,0.0000038
52452,2002-06-27,I,-0.2288278,0.0000038
52453,2002-06-28,I,-0.2287767,0.0000034
52454,2002-06-29,I,-0.2288352,0.0000032
52455,2002-06-30,I,-0.2289689,0.0000025
52456,2002-07-01,I,-0.2292064,0.0000027
52457,2002-07-02,I,-0.2295636,0.0000024
52458,2002-07-03,I,-0.2300111,0.0000025
52459,2002-07-04,I,-0.2304294,0.0000025
52460,2002-07-05,I,-0.2307860,0.0000025
52461,2002-07-06,I,-0.2310266,0.0000040
52462,2002-07-07,I,-0.2311227,0.0000034
52463,2002-07-08,I,-0.2310794,0.0000062
52464,2002-07-09,I,-0.2309140,0.0000060
52465,2002-07-10,I,-0.2306679,0.0000058
52466,2002-07-11,I,-0.2303905,0.0000058
52467,2002-07-12,I,-0.2301687,0.0000056
52468,2002-07-13,I,-0.2301842,0.0000068
52469,2002-07-14,I,-0.2304341,0.0000051
52470,2002-07-15,I,-0.2308944,0.0000064
52471,2002-07-16,I,-0.2314728,0.0000060
52472,2002-07-17,I,-0.2320466,0.0000050
52473,2002-07-18,I,-0.2325153,0.0000050
52474,2002-07-19,I,-0.2328064,0.0000049
52475,2002-07-20,I,-0.2328256,0.0000052
52476,2002-07-21,I,-0.2325494,0.0000034
52477,2002-07-22,I,-0.2320432,0.0000034
52478,2002-07-23,I,-0.2313996,0.0000029
52479,2002-07-24,I,-0.2306922,0.0000029
52480,2002-07-25,I,-0.2299879,0.0000030
52481,2002-07-26,I,-0.2294060,0.0000030
52482,2002-07-27,I,-0.2289642,0.0000027
52483,2002-07-28,I,-0.2286554,0.0000025
52484,2002-07-29,I,-0.2284570,0.0000030
52485,2002-07-30,I,-0.2282995,0.0000029
52486,2002-07-31,I,-0.2281059,0.0000025
52487,2002-08-01,I,-0.2278464,0.0000025
52488,2002-08-02,I,-0.2275119,0.0000025
52489,2002-08-03,I,-0.2270973,0.0000042
52490,2002-08-04,I,-0.2265564,0.0000038
52491,2002-08-05,I,-0.2258918,0.0000036
52492,2002-08-06,I,-0.2251603,0.0000040
52493,2002-08-07,I,-0.2244446,0.0000038
52494,2002-08-08,I,-0.2238560,0.0000038
52495,2002-08-09,I,-0.2235111,0.0000032
52496,2002-08-10,I,-0.2234774,0.0000053
52497,2002-08-11,I,-0.2237373,0.0000057
52498,2002-08-12,I,-0.2242181,0.0000056
52499,2002-08-13,I,-0.2247973,0.0000065
52500,2002-08-14,I,-0.2253212,0.0000062
52501,2002-08-15,I,-0.2257019,0.0000063
52502,2002-08-16,I,-0.2258593,0.0000048
52503,2002-08-17,I,-0.2257801,0.0000049
52504,2002-08-18,I,-0.2255239,0.0000039
52505,2002-08-19,I,-0.2251639,0.0000046
52506,2002-08-20,I,-0.2247744,0.0000041
52507,2002-08-21,I,-0.2244398,0.0000039
52508,2002-08-22,I,-0.2242676,0.0000039
52509,2002-08-23,I,-0.2242667,0.0000036
52510,2002-08-24,I,-0.2243537,0.0000045
52511,2002-08-25,I,-0.2245567,0.0000035
52512,2002-08-26,I,-0.2248424,0.0000035
52513,2002-08-27,I,-0.2251621,0.0000034
52514,2002-08-28,I,-0.2254686,0.0000031
52515,2002-08-29,I,-0.2257036,0.0000032
52516,2002-08-30,I,-0.2258141,0.0000030
52517,2002-08-31,I,-0.2257909,0.0000034
52518,2002-09-01,I,-0.2256536,0.0000047
52519,2002-09-02,I,-0.2254281,0.0000055
52520,2002-09-03,I,-0.2251676,0.0000067
52521,2002-09-04,I,-0.2249739,0.0000064
52522,2002-09-05,I,-0.2249528,0.0000064
52523,2002-09-06,I,-0.2251587,0.0000062
52524,2002-09-07,I,-0.2256897,0.0000057
52525,2002-09-08,I,-0.2265390,0.0000056
52526,2002-09-09,I,-0.2275649,0.0000056
52527,2002-09-10,I,-0.2285800,0.0000062
52528,2002-09-11,I,-0.2294085,0.0000052
52529,2002-09-12,I,-0.2299584,0.0000052
52530,2002-09-13,I,-0.2302885,0.0000051
52531,2002-09-14,I,-0.2304264,0.0000038
52532,2002-09-15,I,-0.2304327,0.0000028
52533,2002-09-16,I,-0.2303933,0.0000029
52534,2002-09-17,I,-0.2303701,0.0000033
52535,2002-09-18,I,-0.2303971,0.0000036
52536,2002-09-19,I,-0.2305177,0.0000036
52537,2002-09-20,I,-0.2307477,0.0000034
52538,2002-09-21,I,-0.2310795,0.0000049
52539,2002-09-22,I,-0.2314898,0.0000042
52540,2002-09-23,I,-0.2319408,0.0000054
52541,2002-09-24,I,-0.2323847,0.0000045
52542,2002-09-25,I,-0.2327552,0.0000048
52543,2002-09-26,I,-0.2330039,0.0000048
52544,2002-09-27,I,-0.2331031,0.0000045
52545,2002-09-28,I,-0.2331446,0.0000050
52546,2002-09-29,I,-0.2330660,0.0000041
52547,2002-09-30,I,-0.2329126,0.0000068
52548,2002-10-01,I,-0.2327832,0.0000052
52549,2002-10-02,I,-0.2328021,0.0000045
52550,2002-10-03,I,-0.2330013,0.0000045
52551,2002-10-04,I,-0.2334542,0.0000042
52552,2002-10-05,I,-0.2342555,0.0000051
52553,2002-10-06,I,-0.2353067,0.0000037
52554,2002-10-07,I,-0.2364571,0.0000042
52555,2002-10-08,I,-0.2375330,0.0000053
52556,2002-10-09,I,-0.2384033,0.0000048
52557,2002-10-10,I,-0.2390083,0.0000049
52558,2002-10-11,I,-0.2393631,0.0000050
52559,2002-10-12,I,-0.2395402,0.0000057
52560,2002-10-13,I,-0.2396567,0.0000038
52561,2002-10-14,I,-0.2398217,0.0000055
52562,2002-10-15,I,-0.2400912,0.0000053
52563,2002-10-16,I,-0.2404829,0.0000043
52564,2002-10-17,I,-0.2410163,0.0000037
52565,2002-10-18,I,-0.2416962,0.0000034
52566,2002-10-19,I,-0.2424298,0.0000039
52567,2002-10-20,I,-0.2431891,0.0000030
52568,2002-10-21,I,-0.2439456,0.0000032
52569,2002-10-22,I,-0.2446767,0.0000034
52570,2002-10-23,I,-0.2453475,0.0000035
52571,2002-10-24,I,-0.2459090,0.0000036
52572,2002-10-25,I,-0.2463360,0.0000031
52573,2002-10-26,I,-0.2466288,0.0000030
52574,2002-10-27,I,-0.2468462,0.0000029
52575,2002-10-28,I,-0.2470293,0.0000029
52576,2002-10-29,I,-0.2472034,0.0000027
52577,2002-10-30,I,-0.2475164,0.0000026
52578,2002-10-31,I,-0.2480814,0.0000026
52579,2002-11-01,I,-0.2489200,0.0000027
52580,2002-11-02,I,-0.2500217,0.0000046
52581,2002-11-03,I,-0.2512630,0.0000049
52582,2002-11-04,I,-0.2524910,0.0000058
52583,2002-11-05,I,-0.2535866,0.0000080
52584,2002-11-06,I,-0.2544001,0.0000072
52585,2002-11-07,I,-0.2549773,0.0000071
52586,2002-11-08,I,-0.2553262,0.0000064
52587,2002-11-09,I,-0.2555263,0.0000059
52588,2002-11-10,I,-0.2556253,0.0000050
52589,2002-11-11,I,-0.2557333,0.0000056
52590,2002-11-12,I,-0.2559230,0.0000056
52591,2002-11-13,I,-0.2562531,0.0000050
52592,2002-11-14,I,-0.2567446,0.0000050
52593,2002-11-15,I,-0.2573380,0.0000049
52594,2002-11-16,I,-0.2579784,0.0000073
52595,2002-11-17,I,-0.2586282,0.0000057
52596,2002-11-18,I,-0.2592403,0.0000063
52597,2002-11-19,I,-0.2597669,0.0000072
52598,2002-11-20,I,-0.2601395,0.0000066
52599,2002-11-21,I,-0.2603806,0.0000066
52600,2002-11-22,I,-0.2605723,0.0000062
52601,2002-11-23,I,-0.2607330,0.0000067
52602,2002-11-24,I,-0.2608929,0.0000047
52603,2002-11-25,I,-0.2611440,0.0000042
52604,2002-11-26,I,-0.2615656,0.0000042
52605,2002-11-27,I,-0.2622115,0.0000042
52606,2002-11-28,I,-0.2631298,0.0000042
52607,2002-11-29,I,-0.2642837,0.0000041
52608,2002-11-30,I,-0.2656293,0.0000067
52609,2002-12-01,I,-0.2670529,0.0000023
52610,2002-12-02,I,-0.2684078,0.0000028
52611,2002-12-03,I,-0.2695660,0.0000050
52612,2002-12-04,I,-0.2704478,0.0000046
52613,2002-12-05,I,-0.2710566,0.0000046
52614,2002-12-06,I,-0.2714236,0.0000046
52615,2002-12-07,I,-0.2717396,0.0000068
52616,2002-12-08,I,-0.2721209,0.0000056
52617,2002-12-09,I,-0.2726412,0.0000065
52618,2002-12-10,I,-0.2733357,0.0000050
52619,2002-12-11,I,-0.2741907,0.0000049
52620,2002-12-12,I,-0.2751856,0.0000049
52621,2002-12-13,I,-0.2761973,0.0000048
52622,2002-12-14,I,-0.2772572,0.0000063
52623,2002-12-15,I,-0.2782595,0.0000057
52624,2002-12-16,I,-0.2791429,0.0000064
52625,2002-12-17,I,-0.2798662,0.0000063
52626,2002-12-18,I,-0.2804324,0.0000058
52627,2002-12-19,I,-0.2808068,0.0000060
52628,2002-12-20,I,-0.2810295,0.0000055
52629,2002-12-21,I,-0.2812100,0.0000058
52630,2002-12-22,I,-0.2813870,0.0000062
52631,2002-12-23,I,-0.2816384,0.0000061
52632,2002-12-24,I,-0.2820811,0.0000212
52633,2002-12-25,I,-0.2828001,0.0000180
52634,2002-12-26,I,-0.2837648,0.0000166
52635,2002-12-27,I,-0.2848960,0.0000072
52636,2002-12-28,I,-0.2860823,0.0000092
52637,2002-12-29,I,-0.2872075,0.0000067
52638,2002-12-30,I,-0.2881649,0.0000068
52639,2002-12-31,I,-0.2889012,0.0000058
52640,2003-01-01,I,-0.2894276,0.0000050
52641,2003-01-02,I,-0.2897847,0.0000050
52642,2003-01-03,I,-0.2900905,0.0000050
52643,2003-01-04,I,-0.2904298,0.0000055
52644,2003-01-05,I,-0.2908112,0.0000050
52645,2003-01-06,I,-0.2913240,0.0000051
52646,2003-01-07,I,-0.2920188,0.0000047
52647,2003-01-08,I,-0.2928401,0.0000047
52648,2003-01-09,I,-0.2937142,0.0000047
52649,2003-01-10,I,-0.2946250,0.0000048
52650,2003-01-11,I,-0.2955554,0.0000052
52651,2003-01-12,I,-0.2964593,0.0000044
52652,2003-01-13,I,-0.2972536,0.0000045
52653,2003-01-14,I,-0.2979028,0.0000046
52654,2003-01-15,I,-0.2984095,0.0000039
52655,2003-01-16,I,-0.2987611,0.0000035
52656,2003-01-17,I,-0.2989943,0.0000029
52657,2003-01-18,I,-0.2992026,0.0000037
52658,2003-01-19,I,-0.2994845,0.0000039
52659,2003-01-20,I,-0.2998952,0.0000043
52660,2003-01-21,I,-0.3004516,0.0000067
52661,2003-01-22,I,-0.3011576,0.0000072
52662,2003-01-23,I,-0.3019797,0.0000079
52663,2003-01-24,I,-0.3028613,0.0000076
52664,2003-01-25,I,-0.3037536,0.0000073
52665,2003-01-26,I,-0.3045155,0.0000059
52666,2003-01-27,I,-0.3050423,0.0000053
52667,2003-01-28,I,-0.3053217,0.0000049
52668,2003-01-29,I,-0.3054000,0.0000043
52669,2003-01-30,I,-0.3053888,0.0000043
52670,2003-01-31,I,-0.3053530,0.0000039
52671,2003-02-01,I,-0.3053377,0.0000057
52672,2003-02-02,I,-0.3054213,0.0000047
52673,2003-02-03,I,-0.3056832,0.0000040
52674,2003-02-04,I,-0.3061727,0.0000036
52675,2003-02-05,I,-0.3068687,0.0000035
52676,2003-02-06,I,-0.3076458,0.0000036
52677,2003-02-07,I,-0.3084246,0.0000035
52678,2003-02-08,I,-0.3091320,0.0000041
52679,2003-02-09,I,-0.3097340,0.0000035
52680,2003-02-10,I,-0.3102252,0.0000040
52681,2003-02-11,I,-0.3105885,0.0000049
52682,2003-02-12,I,-0.3108423,0.0000045
52683,2003-02-13,I,-0.3110792,0.0000046
52684,2003-02-14,I,-0.3113728,0.0000046
52685,2003-02-15,I,-0.3117305,0.0000053
52686,2003-02-16,I,-0.3121823,0.0000049
52687,2003-02-17,I,-0.3128526,0.0000041
52688,2003-02-18,I,-0.3137861,0.0000031
52689,2003-02-19,I,-0.3149354,0.0000026
52690,2003-02-20,I,-0.3161861,0.0000025
52691,2003-02-21,I,-0.3174260,0.0000025
52692,2003-02-22,I,-0.3185178,0.0000033
52693,2003-02-23,I,-0.3193628,0.0000030
52694,2003-02-24,I,-0.3199575,0.0000031
52695,2003-02-25,I,-0.3203477,0.0000035
52696,2003-02-26,I,-0.3206057,0.0000038
52697,2003-02-27,I,-0.3208274,0.0000038
52698,2003-02-28,I,-0.3210616,0.0000032
52699,2003-03-01,I,-0.3213342,0.0000067
52700,2003-03-02,I,-0.3217285,0.0000043
52701,2003-03-03,I,-0.3222769,0.0000050
52702,2003-03-04,I,-0.3229339,0.0000052
52703,2003-03-05,I,-0.3235981,0.0000051
52704,2003-03-06,I,-0.3242836,0.0000051
52705,2003-03-07,I,-0.3249880,0.0000048
52706,2003-03-08,I,-0.3256338,0.0000059
52707,2003-03-09,I,-0.3262047,0.0000043
52708,2003-03-10,I,-0.3266992,0.0000041
52709,2003-03-11,I,-0.3271130,0.0000034
52710,2003-03-12,I,-0.3274410,0.0000034
52711,2003-03-13,I,-0.3277667,0.0000034
52712,2003-03-14,I,-0.3281217,0.0000032
52713,2003-03-15,I,-0.3286228,0.0000034
52714,2003-03-16,I,-0.3293535,0.0000028
52715,2003-03-17,I,-0.3303825,0.0000036
52716,2003-03-18,I,-0.3317064,0.0000032
52717,2003-03-19,I,-0.3332146,0.0000030
52718,2003-03-20,I,-0.3347550,0.0000029
52719,2003-03-21,I,-0.3361548,0.0000026
52720,2003-03-22,I,-0.3372912,0.0000026
52721,2003-03-23,I,-0.3381200,0.0000027
52722,2003-03-24,I,-0.3386631,0.0000028
52723,2003-03-25,I,-0.3390021,0.0000033
52724,2003-03-26,I,-0.3392432,0.0000033
52725,2003-03-27,I,-0.3395301,0.0000034
52726,2003-03-28,I,-0.3399356,0.0000033
52727,2003-03-29,I,-0.3404782,0.0000034
52728,2003-03-30,I,-0.3411741,0.0000035
52729,2003-03-31,I,-0.3420023,0.0000041
52730,2003-04-01,I,-0.3429189,0.0000036
52731,2003-04-02,I,-0.3438752,0.0000039
52732,2003-04-03,I,-0.3448588,0.0000039
52733,2003-04-04,I,-0.3457889,0.0000038
52734,2003-04-05,I,-0.3466028,0.0000039
52735,2003-04-06,I,-0.3473228,0.0000032
52736,2003-04-07,I,-0.3479159,0.0000042
52737,2003-04-08,I,-0.3483635,0.0000041
52738,2003-04-09,I,-0.3486963,0.0000041
52739,2003-04-10,I,-0.3490161,0.0000041
52740,2003-04-11,I,-0.3494104,0.0000041
52741,2003-04-12,I,-0.3499565,0.0000054
52742,2003-04-13,I,-0.3507569,0.0000029
52743,2003-04-14,I,-0.3518583,0.0000028
52744,2003-04-15,I,-0.3532211,0.0000037
52745,2003-04-16,I,-0.3547053,0.0000040
52746,2003-04-17,I,-0.3561266,0.0000053
52747,2003-04-18,I,-0.3572959,0.0000054
52748,2003-04-19,I,-0.3581530,0.0000113
52749,2003-04-20,I,-0.3586367,0.0000067
52750,2003-04-21,I,-0.3588223,0.0000071
52751,2003-04-22,I,-0.3588803,0.0000060
52752,2003-04-23,I,-0.3589122,0.0000045
52753,2003-04-24,I,-0.3590290,0.0000044
52754,2003-04-25,I,-0.3592890,0.0000025
52755,2003-04-26,I,-0.3596822,0.0000025
52756,2003-04-27,I,-0.3602284,0.0000019
52757,2003-04-28,I,-0.3608987,0.0000018
52758,2003-04-29,I,-0.3616448,0.0000017
52759,2003-04-30,I,-0.3624026,0.0000018
52760,2003-05-01,I,-0.3630942,0.0000020
52761,2003-05-02,I,-0.3636280,0.0000022
52762,2003-05-03,I,-0.3639732,0.0000039
52763,2003-05-04,I,-0.3641276,0.0000047
52764,2003-05-05,I,-0.3641144,0.0000066
52765,2003-05-06,I,-0.3640185,0.0000057
52766,2003-05-07,I,-0.3639165,0.0000052
52767,2003-05-08,I,-0.3638322,0.0000051
52768,2003-05-09,I,-0.3639056,0.0000048
52769,2003-05-10,I,-0.3642002,0.0000052
52770,2003-05-11,I,-0.3647308,0.0000035
52771,2003-05-12,I,-0.3655190,0.0000022
52772,2003-05-13,I,-0.3665539,0.0000028
52773,2003-05-14,I,-0.3677575,0.0000030
52774,2003-05-15,I,-0.3689420,0.0000033
52775,2003-05-16,I,-0.3699096,0.0000031
52776,2003-05-17,I,-0.3705404,0.0000065
52777,2003-05-18,I,-0.3708873,0.0000055
52778,2003-05-19,I,-0.3710574,0.0000055
52779,2003-05-20,I,-0.3712090,0.0000043
52780,2003-05-21,I,-0.3714253,0.0000039
52781,2003-05-22,I,-0.3717424,0.0000039
52782,2003-05-23,I,-0.3721978,0.0000033
52783,2003-05-24,I,-0.3727682,0.0000035
52784,2003-05-25,I,-0.3734133,0.0000034
52785,2003-05-26,I,-0.3740601,0.0000035
52786,2003-05-27,I,-0.3746528,0.0000042
52787,2003-05-28,I,-0.3751579,0.0000032
52788,2003-05-29,I,-0.3755405,0.0000032
52789,2003-05-30,I,-0.3757718,0.0000029
52790,2003-05-31,I,-0.3758233,0.0000027
52791,2003-06-01,I,-0.3756729,0.0000025
52792,2003-06-02,I,-0.3753667,0.0000025
52793,2003-06-03,I,-0.3749699,0.0000030
52794,2003-06-04,I,-0.3745145,0.0000037
52795,2003-06-05,I,-0.3740604,0.0000040
52796,2003-06-06,I,-0.3737450,0.0000042
52797,2003-06-07,I,-0.3736611,0.0000052
52798,2003-06-08,I,-0.3738321,0.0000041
52799,2003-06-09,I,-0.3742377,0.0000040
52800,2003-06-10,I,-0.3747707,0.0000036
52801,2003-06-11,I,-0.3752706,0.0000033
52802,2003-06-12,I,-0.3755955,0.0000026
52803,2003-06-13,I,-0.3756285,0.0000024
52804,2003-06-14,I,-0.3753325,0.0000054
52805,2003-06-15,I,-0.3747830,0.0000044
52806,2003-06-16,I,-0.3741045,0.0000044
52807,2003-06-17,I,-0.3734337,0.0000033
52808,2003-06-18,I,-0.3728718,0.0000032
52809,2003-06-19,I,-0.3724717,0.0000033
52810,2003-06-20,I,-0.3722403,0.0000032
52811,2003-06-21,I,-0.3721221,0.0000034
52812,2003-06-22,I,-0.3720500,0.0000031
52813,2003-06-23,I,-0.3719645,0.0000041
52814,2003-06-24,I,-0.3718111,0.0000038
52815,2003-06-25,I,-0.3715413,0.0000039
52816,2003-06-26,I,-0.3711262,0.0000046
52817,2003-06-27,I,-0.3705659,0.0000045
52818,2003-06-28,I,-0.3698619,0.0000040
52819,2003-06-29,I,-0.3690369,0.0000032
52820,2003-06-30,I,-0.3681352,0.0000029
52821,2003-07-01,I,-0.3672293,0.0000032
52822,2003-07-02,I,-0.3663979,0.0000027
52823,2003-07-03,I,-0.3656883,0.0000027
52824,2003-07-04,I,-0.3651348,0.0000029
52825,2003-07-05,I,-0.3647734,0.0000046
52826,2003-07-06,I,-0.3645612,0.0000050
52827,2003-07-07,I,-0.3644204,0.0000064
52828,2003-07-08,I,-0.3642627,0.0000038
52829,2003-07-09,I,-0.3640050,0.0000038
52830,2003-07-10,I,-0.3635334,0.0000037
52831,2003-07-11,I,-0.3628156,0.0000033
52832,2003-07-12,I,-0.3619172,0.0000025
52833,2003-07-13,I,-0.3609529,0.0000021
52834,2003-07-14,I,-0.3600250,0.0000025
52835,2003-07-15,I,-0.3592228,0.0000021
52836,2003-07-16,I,-0.3586193,0.0000020
52837,2003-07-17,I,-0.3582378,0.0000021
52838,2003-07-18,I,-0.3580219,0.0000019
52839,2003-07-19,I,-0.3578936,0.0000020
52840,2003-07-20,I,-0.3577857,0.0000020
52841,2003-07-21,I,-0.3576341,0.0000023
52842,2003-07-22,I,-0.3573996,0.0000040
52843,2003-07-23,I,-0.3570603,0.0000047
52844,2003-07-24,I,-0.3566067,0.0000049
52845,2003-07-25,I,-0.3560443,0.0000049
52846,2003-07-26,I,-0.3553902,0.0000079
52847,2003-07-27,I,-0.3547300,0.0000073
52848,2003-07-28,I,-0.3541233,0.0000066
52849,2003-07-29,I,-0.3536072,0.0000056
52850,2003-07-30,I,-0.3532143,0.0000053
52851,2003-07-31,I,-0.3530332,0.0000057
52852,2003-08-01,I,-0.3530906,0.0000060
52853,2003-08-02,I,-0.3533179,0.0000075
52854,2003-08-03,I,-0.3536562,0.0000071
52855,2003-08-04,I,-0.3540369,0.0000069
52856,2003-08-05,I,-0.3543207,0.0000080
52857,2003-08-06,I,-0.3543599,0.0000074
52858,2003-08-07,I,-0.3541618,0.0000069
52859,2003-08-08,I,-0.3537440,0.0000056
52860,2003-08-09,I,-0.3531782,0.0000036
52861,2003-08-10,I,-0.3525882,0.0000035
52862,2003-08-11,I,-0.3520874,0.0000035
52863,2003-08-12,I,-0.3517684,0.0000028
52864,2003-08-13,I,-0.3516766,0.0000027
52865,2003-08-14,I,-0.3517656,0.0000031
52866,2003-08-15,I,-0.3519884,0.0000029
52867,2003-08-16,I,-0.3522936,0.0000042
52868,2003-08-17,I,-0.3526033,0.0000043
52869,2003-08-18,I,-0.3528384,0.0000044
52870,2003-08-19,I,-0.3529045,0.0000060
52871,2003-08-20,I,-0.3527289,0.0000055
52872,2003-08-21,I,-0.3523604,0.0000068
52873,2003-08-22,I,-0.3518420,0.0000064
52874,2003-08-23,I,-0.3512211,0.0000083
52875,2003-08-24,I,-0.3505807,0.0000073
52876,2003-08-25,I,-0.3499870,0.0000099
52877,2003-08-26,I,-0.3495314,0.0000085
52878,2003-08-27,I,-0.3492927,0.0000067
52879,2003-08-28,I,-0.3494149,0.0000070
52880,2003-08-29,I,-0.3498616,0.0000069
52881,2003-08-30,I,-0.3505251,0.0000075
52882,2003-08-31,I,-0.3512761,0.0000050
52883,2003-09-01,I,-0.3519472,0.0000040
52884,2003-09-02,I,-0.3524163,0.0000035
52885,2003-09-03,I,-0.3526344,0.0000031
52886,2003-09-04,I,-0.3525856,0.0000034
52887,2003-09-05,I,-0.3523584,0.0000034
52888,2003-09-06,I,-0.3520693,0.0000027
52889,2003-09-07,I,-0.3517748,0.0000029
52890,2003-09-08,I,-0.3515758,0.0000030
52891,2003-09-09,I,-0.3515564,0.0000030
52892,2003-09-10,I,-0.3517370,0.0000027
52893,2003-09-11,I,-0.3520603,0.0000027
52894,2003-09-12,I,-0.3524604,0.0000024
52895,2003-09-13,I,-0.3528330,0.0000040
52896,2003-09-14,I,-0.3531319,0.0000036
52897,2003-09-15,I,-0.3533428,0.0000050
52898,2003-09-16,I,-0.3534535,0.0000042
52899,2003-09-17,I,-0.3534576,0.0000041
52900,2003-09-18,I,-0.3533465,0.0000044
52901,2003-09-19,I,-0.3530887,0.0000040
52902,2003-09-20,I,-0.3527968,0.0000043
52903,2003-09-21,I,-0.3525335,0.0000035
52904,2003-09-22,I,-0.3523885,0.0000041
52905,2003-09-23,I,-0.3524686,0.0000060
52906,2003-09-24,I,-0.3528143,0.0000045
52907,2003-09-25,I,-0.3534192,0.0000048
52908,2003-09-26,I,-0.3542415,0.0000048
52909,2003-09-27,I,-0.3551718,0.0000069
52910,2003-09-28,I,-0.3560603,0.0000050
52911,2003-09-29,I,-0.3567764,0.0000051
52912,2003-09-30,I,-0.3572628,0.0000045
52913,2003-10-01,I,-0.3574947,0.0000039
52914,2003-10-02,I,-0.3575434,0.0000037
52915,2003-10-03,I,-0.3575253,0.0000024
52916,2003-10-04,I,-0.3575563,0.0000046
52917,2003-10-05,I,-0.3577116,0.0000049
52918,2003-10-06,I,-0.3580504,0.0000048
52919,2003-10-07,I,-0.3586005,0.0000084
52920,2003-10-08,I,-0.3593077,0.0000065
52921,2003-10-09,I,-0.3600542,0.0000065
52922,2003-10-10,I,-0.3607569,0.0000057
52923,2003-10-11,I,-0.3614052,0.0000049
52924,2003-10-12,I,-0.3619451,0.0000041
52925,2003-10-13,I,-0.3623444,0.0000028
52926,2003-10-14,I,-0.3625940,0.0000028
52927,2003-10-15,I,-0.3627009,0.0000025
52928,2003-10-16,I,-0.3626855,0.0000025
52929,2003-10-17,I,-0.3625996,0.0000026
52930,2003-10-18,I,-0.3625268,0.0000029
52931,2003-10-19,I,-0.3625735,0.0000023
52932,2003-10-20,I,-0.3628352,0.0000024
52933,2003-10-21,I,-0.3633816,0.0000023
52934,2003-10-22,I,-0.3642207,0.0000027
52935,2003-10-23,I,-0.3653182,0.0000026
52936,2003-10-24,I,-0.3666035,0.0000026
52937,2003-10-25,I,-0.3679152,0.0000047
52938,2003-10-26,I,-0.3690749,0.0000038
52939,2003-10-27,I,-0.3699340,0.0000049
52940,2003-10-28,I,-0.3704257,0.0000051
52941,2003-10-29,I,-0.3705842,0.0000056
52942,2003-10-30,I,-0.3705420,0.0000056
52943,2003-10-31,I,-0.3704336,0.0000053
52944,2003-11-01,I,-0.3703634,0.0000084
52945,2003-11-02,I,-0.3704255,0.0000058
52946,2003-11-03,I,-0.3706700,0.0000057
52947,2003-11-04,I,-0.3710949,0.0000050
52948,2003-11-05,I,-0.3716455,0.0000049
52949,2003-11-06,I,-0.3722165,0.0000048
52950,2003-11-07,I,-0.3727379,0.0000042
52951,2003-11-08,I,-0.3731670,0.0000085
52952,2003-11-09,I,-0.3734991,0.0000075
52953,2003-11-10,I,-0.3737101,0.0000081
52954,2003-11-11,I,-0.3738058,0.0000091
52955,2003-11-12,I,-0.3737423,0.0000086
52956,2003-11-13,I,-0.3736849,0.0000085
52957,2003-11-14,I,-0.3736874,0.0000053
52958,2003-11-15,I,-0.3737445,0.0000061
52959,2003-11-16,I,-0.3739045,0.0000035
52960,2003-11-17,I,-0.3742567,0.0000037
52961,2003-11-18,I,-0.3748576,0.0000034
52962,2003-11-19,I,-0.3756732,0.0000031
52963,2003-11-20,I,-0.3766143,0.0000031
52964,2003-11-21,I,-0.3776569,0.0000030
52965,2003-11-22,I,-0.3787591,0.0000035
52966,2003-11-23,I,-0.3796923,0.0000031
52967,2003-11-24,I,-0.3803395,0.0000031
52968,2003-11-25,I,-0.3806915,0.0000035
52969,2003-11-26,I,-0.3807660,0.0000036
52970,2003-11-27,I,-0.3807079,0.0000036
52971,2003-11-28,I,-0.3806736,0.0000031
52972,2003-11-29,I,-0.3807771,0.0000037
52973,2003-11-30,I,-0.3810378,0.0000029
52974,2003-12-01,I,-0.3814298,0.0000033
52975,2003-12-02,I,-0.3819260,0.0000043
52976,2003-12-03,I,-0.3824611,0.0000039
52977,2003-12-04,I,-0.3829600,0.0000039
52978,2003-12-05,I,-0.3833443,0.0000038
52979,2003-12-06,I,-0.3836264,0.0000051
52980,2003-12-07,I,-0.3837894,0.0000043
52981,2003-12-08,I,-0.3837836,0.0000035
52982,2003-12-09,I,-0.3835670,0.0000035
52983,2003-12-10,I,-0.3831965,0.0000034
52984,2003-12-11,I,-0.3828080,0.0000035
52985,2003-12-12,I,-0.3824312,0.0000035
52986,2003-12-13,I,-0.3821437,0.0000032
52987,2003-12-14,I,-0.3819729,0.0000029
52988,2003-12-15,I,-0.3819964,0.0000030
52989,2003-12-16,I,-0.3822506,0.0000045
52990,2003-12-17,I,-0.3827534,0.0000046
52991,2003-12-18,I,-0.3834535,0.0000046
52992,2003-12-19,I,-0.3842275,0.0000046
52993,2003-12-20,I,-0.3849995,0.0000054
52994,2003-12-21,I,-0.3856785,0.0000051
52995,2003-12-22,I,-0.3861289,0.0000053
52996,2003-12-23,I,-0.3863051,0.0000053
52997,2003-12-24,I,-0.3863118,0.0000053
52998,2003-12-25,I,-0.3863800,0.0000052
52999,2003-12-26,I,-0.3865590,0.0000040
53000,2003-12-27,I,-0.3868809,0.0000047
53001,2003-12-28,I,-0.3873439,0.0000018
53002,2003-12-29,I,-0.3879047,0.0000026
53003,2003-12-30,I,-0.3885122,0.0000027
53004,2003-12-31,I,-0.3890938,0.0000036
53005,2004-01-01,I,-0.3896111,0.0000036
53006,2004-01-02,I,-0.3900767,0.0000036
53007,2004-01-03,I,-0.3904257,0.0000065
53008,2004-01-04,I,-0.3905932,0.0000045
53009,2004-01-05,I,-0.3906040,0.0000046
53010,2004-01-06,I,-0.3905213,0.0000048
53011,2004-01-07,I,-0.3904423,0.0000049
53012,2004-01-08,I,-0.3904618,0.0000051
53013,2004-01-09,I,-0.3906104,0.0000045
53014,2004-01-10,I,-0.3909731,0.0000055
53015,2004-01-11,I,-0.3915875,0.0000041
53016,2004-01-12,I,-0.3924623,0.0000042
53017,2004-01-13,I,-0.3935699,0.0000033
53018,2004-01-14,I,-0.3948418,0.0000035
53019,2004-01-15,I,-0.3961097,0.0000035
53020,2004-01-16,I,-0.3972627,0.0000034
53021,2004-01-17,I,-0.3982241,0.0000050
53022,2004-01-18,I,-0.3989195,0.0000039
53023,2004-01-19,I,-0.3993777,0.0000035
53024,2004-01-20,I,-0.3996423,0.0000034
53025,2004-01-21,I,-0.3998404,0.0000034
53026,2004-01-22,I,-0.4000692,0.0000034
53027,2004-01-23,I,-0.4004329,0.0000033
53028,2004-01-24,I,-0.4009494,0.0000052
53029,2004-01-25,I,-0.4016188,0.0000057
53030,2004-01-26,I,-0.4024243,0.0000057
53031,2004-01-27,I,-0.4033002,0.0000062
53032,2004-01-28,I,-0.4040711,0.0000063
53033,2004-01-29,I,-0.4046641,0.0000063
53034,2004-01-30,I,-0.4050432,0.0000041
53035,2004-01-31,I,-0.4051645,0.0000054
53036,2004-02-01,I,-0.4051142,0.0000047
53037,2004-02-02,I,-0.4049439,0.0000048
53038,2004-02-03,I,-0.4047021,0.0000030
53039,2004-02-04,I,-0.4044246,0.0000053
53040,2004-02-05,I,-0.4041796,0.0000053
53041,2004-02-06,I,-0.4041138,0.0000054
53042,2004-02-07,I,-0.4042213,0.0000059
53043,2004-02-08,I,-0.4046330,0.0000056
53044,2004-02-09,I,-0.4052923,0.0000059
53045,2004-02-10,I,-0.4061206,0.0000048
53046,2004-02-11,I,-0.4070395,0.0000049
53047,2004-02-12,I,-0.4079564,0.0000049
53048,2004-02-13,I,-0.4087555,0.0000048
53049,2004-02-14,I,-0.4093455,0.0000047
53050,2004-02-15,I,-0.4096955,0.0000030
53051,2004-02-16,I,-0.4098643,0.0000032
53052,2004-02-17,I,-0.4099541,0.0000033
53053,2004-02-18,I,-0.4100584,0.0000033
53054,2004-02-19,I,-0.4103177,0.0000034
53055,2004-02-20,I,-0.4108109,0.0000031
53056,2004-02-21,I,-0.4115541,0.0000054
53057,2004-02-22,I,-0.4124685,0.0000044
53058,2004-02-23,I,-0.4135182,0.0000043
53059,2004-02-24,I,-0.4145967,0.0000042
53060,2004-02-25,I,-0.4155697,0.0000043
53061,2004-02-26,I,-0.4163641,0.0000044
53062,2004-02-27,I,-0.4169658,0.0000042
53063,2004-02-28,I,-0.4173773,0.0000047
53064,2004-02-29,I,-0.4175276,0.0000036
53065,2004-03-01,I,-0.4174759,0.0000038
53066,2004-03-02,I,-0.4173344,0.0000048
53067,2004-03-03,I,-0.4172123,0.0000046
53068,2004-03-04,I,-0.4171845,0.0000048
53069,2004-03-05,I,-0.4173411,0.0000046
53070,2004-03-06,I,-0.4177157,0.0000053
53071,2004-03-07,I,-0.4183349,0.0000045
53072,2004-03-08,I,-0.4191739,0.0000034
53073,2004-03-09,I,-0.4201152,0.0000036
53074,2004-03-10,I,-0.4210096,0.0000041
53075,2004-03-11,I,-0.4217335,0.0000044
53076,2004-03-12,I,-0.4222020,0.0000043
53077,2004-03-13,I,-0.4224436,0.0000071
53078,2004-03-14,I,-0.4225018,0.0000068
53079,2004-03-15,I,-0.4224526,0.0000069
53080,2004-03-16,I,-0.4224550,0.0000068
53081,2004-03-17,I,-0.4225659,0.0000073
53082,2004-03-18,I,-0.4229047,0.0000084
53083,2004-03-19,I,-0.4234972,0.0000083
53084,2004-03-20,I,-0.4243612,0.0000097
53085,2004-03-21,I,-0.4254491,0.0000072
53086,2004-03-22,I,-0.4265908,0.0000072
53087,2004-03-23,I,-0.4277204,0.0000059
53088,2004-03-24,I,-0.4288092,0.0000046
53089,2004-03-25,I,-0.4297774,0.0000045
53090,2004-03-26,I,-0.4305967,0.0000040
53091,2004-03-27,I,-0.4312433,0.0000050
53092,2004-03-28,I,-0.4317248,0.0000034
53093,2004-03-29,I,-0.4321075,0.0000034
53094,2004-03-30,I,-0.4324971,0.0000026
53095,2004-03-31,I,-0.4329721,0.0000027
53096,2004-04-01,I,-0.4336147,0.0000030
53097,2004-04-02,I,-0.4344729,0.0000030
53098,2004-04-03,I,-0.4355449,0.0000034
53099,2004-04-04,I,-0.4368762,0.0000028
53100,2004-04-05,I,-0.4384012,0.0000027
53101,2004-04-06,I,-0.4399498,0.0000028
53102,2004-04-07,I,-0.4414071,0.0000026
53103,2004-04-08,I,-0.4426187,0.0000040
53104,2004-04-09,I,-0.4435111,0.0000041
53105,2004-04-10,I,-0.4441791,0.0000055
53106,2004-04-11,I,-0.4446324,0.0000046
53107,2004-04-12,I,-0.4449541,0.0000060
53108,2004-04-13,I,-0.4453438,0.0000038
53109,2004-04-14,I,-0.4459293,0.0000022
53110,2004-04-15,I,-0.4467310,0.0000022
53111,2004-04-16,I,-0.4476832,0.0000023
53112,2004-04-17,I,-0.4487301,0.0000022
53113,2004-04-18,I,-0.4497703,0.0000017
53114,2004-04-19,I,-0.4507330,0.0000016
53115,2004-04-20,I,-0.4515498,0.0000025
53116,2004-04-21,I,-0.4521395,0.0000025
53117,2004-04-22,I,-0.4525024,0.0000030
53118,2004-04-23,I,-0.4526300,0.0000029
53119,2004-04-24,I,-0.4525408,0.0000043
53120,2004-04-25,I,-0.4523480,0.0000031
53121,2004-04-26,I,-0.4521176,0.0000030
53122,2004-04-27,I,-0.4519678,0.0000030
53123,2004-04-28,I,-0.4519755,0.0000025
53124,2004-04-29,I,-0.4522099,0.0000025
53125,2004-04-30,I,-0.4526761,0.0000021
53126,2004-05-01,I,-0.4534397,0.0000038
53127,2004-05-02,I,-0.4544456,0.0000031
53128,2004-05-03,I,-0.4555694,0.0000035
53129,2004-05-04,I,-0.4567044,0.0000044
53130,2004-05-05,I,-0.4577565,0.0000045
53131,2004-05-06,I,-0.4586077,0.0000048
53132,2004-05-07,I,-0.4592423,0.0000047
53133,2004-05-08,I,-0.4596825,0.0000059
53134,2004-05-09,I,-0.4600094,0.0000047
53135,2004-05-10,I,-0.4603782,0.0000049
53136,2004-05-11,I,-0.4608811,0.0000046
53137,2004-05-12,I,-0.4615400,0.0000048
53138,2004-05-13,I,-0.4623622,0.0000048
53139,2004-05-14,I,-0.4633256,0.0000047
53140,2004-05-15,I,-0.4643657,0.0000053
53141,2004-05-16,I,-0.4654063,0.0000043
53142,2004-05-17,I,-0.4663453,0.0000049
53143,2004-05-18,I,-0.4671494,0.0000046
53144,2004-05-19,I,-0.4677510,0.0000046
53145,2004-05-20,I,-0.4681655,0.0000063
53146,2004-05-21,I,-0.4683547,0.0000062
53147,2004-05-22,I,-0.4684237,0.0000103
53148,2004-05-23,I,-0.4683869,0.0000082
53149,2004-05-24,I,-0.4682793,0.0000086
53150,2004-05-25,I,-0.4682624,0.0000086
53151,2004-05-26,I,-0.4683043,0.0000076
53152,2004-05-27,I,-0.4684797,0.0000077
53153,2004-05-28,I,-0.4688498,0.0000059
53154,2004-05-29,I,-0.4693282,0.0000086
53155,2004-05-30,I,-0.4698745,0.0000081
53156,2004-05-31,I,-0.4704110,0.0000063
53157,2004-06-01,I,-0.4708674,0.0000059
53158,2004-06-02,I,-0.4711511,0.0000058
53159,2004-06-03,I,-0.4711724,0.0000066
53160,2004-06-04,I,-0.4710146,0.0000067
53161,2004-06-05,I,-0.4707173,0.0000061
53162,2004-06-06,I,-0.4704398,0.0000064
53163,2004-06-07,I,-0.4703015,0.0000064
53164,2004-06-08,I,-0.4703722,0.0000062
53165,2004-06-09,I,-0.4705952,0.0000050
53166,2004-06-10,I,-0.4709819,0.0000051
53167,2004-06-11,I,-0.4714248,0.0000034
53168,2004-06-12,I,-0.4718974,0.0000051
53169,2004-06-13,I,-0.4723091,0.0000045
53170,2004-06-14,I,-0.4725712,0.0000045
53171,2004-06-15,I,-0.4726232,0.0000055
53172,2004-06-16,I,-0.4724155,0.0000051
53173,2004-06-17,I,-0.4720032,0.0000053
53174,2004-06-18,I,-0.4714649,0.0000047
53175,2004-06-19,I,-0.4708583,0.0000057
53176,2004-06-20,I,-0.4702929,0.0000054
53177,2004-06-21,I,-0.4697710,0.0000056
53178,2004-06-22,I,-0.4693670,0.0000060
53179,2004-06-23,I,-0.4691251,0.0000064
53180,2004-06-24,I,-0.4690291,0.0000066
53181,2004-06-25,I,-0.4691181,0.0000065
53182,2004-06-26,I,-0.4693427,0.0000072
53183,2004-06-27,I,-0.4695472,0.0000058
53184,2004-06-28,I,-0.4696828,0.0000064
53185,2004-06-29,I,-0.4696693,0.0000077
53186,2004-06-30,I,-0.4694692,0.0000072
53187,2004-07-01,I,-0.4690021,0.0000075
53188,2004-07-02,I,-0.4683745,0.0000075
53189,2004-07-03,I,-0.4676054,0.0000136
53190,2004-07-04,I,-0.4668810,0.0000086
53191,2004-07-05,I,-0.4663585,0.0000042
53192,2004-07-06,I,-0.4660735,0.0000031
53193,2004-07-07,I,-0.4659482,0.0000025
53194,2004-07-08,I,-0.4658656,0.0000029
53195,2004-07-09,I,-0.4657474,0.0000030
53196,2004-07-10,I,-0.4655254,0.0000030
53197,2004-07-11,I,-0.4651475,0.0000045
53198,2004-07-12,I,-0.4646036,0.0000054
53199,2004-07-13,I,-0.4638727,0.0000050
53200,2004-07-14,I,-0.4629481,0.0000053
53201,2004-07-15,I,-0.4619229,0.0000055
53202,2004-07-16,I,-0.4608714,0.0000054
53203,2004-07-17,I,-0.4598601,0.0000056
53204,2004-07-18,I,-0.4589683,0.0000042
53205,2004-07-19,I,-0.4582311,0.0000047
53206,2004-07-20,I,-0.4576692,0.0000042
53207,2004-07-21,I,-0.4573183,0.0000044
53208,2004-07-22,I,-0.4571907,0.0000049
53209,2004-07-23,I,-0.4572103,0.0000046
53210,2004-07-24,I,-0.4572983,0.0000105
53211,2004-07-25,I,-0.4573568,0.0000087
53212,2004-07-26,I,-0.4572825,0.0000087
53213,2004-07-27,I,-0.4569944,0.0000091
53214,2004-07-28,I,-0.4564759,0.0000084
53215,2004-07-29,I,-0.4557740,0.0000086
53216,2004-07-30,I,-0.4550266,0.0000075
53217,2004-07-31,I,-0.4543754,0.0000076
53218,2004-08-01,I,-0.4539271,0.0000059
53219,2004-08-02,I,-0.4537798,0.0000060
53220,2004-08-03,I,-0.4539005,0.0000070
53221,2004-08-04,I,-0.4541519,0.0000069
53222,2004-08-05,I,-0.4544035,0.0000068
53223,2004-08-06,I,-0.4545573,0.0000069
53224,2004-08-07,I,-0.4546140,0.0000100
53225,2004-08-08,I,-0.4545193,0.0000080
53226,2004-08-09,I,-0.4542521,0.0000072
53227,2004-08-10,I,-0.4538186,0.0000079
53228,2004-08-11,I,-0.4532315,0.0000077
53229,2004-08-12,I,-0.4526178,0.0000077
53230,2004-08-13,I,-0.4519642,0.0000072
53231,2004-08-14,I,-0.4513955,0.0000083
53232,2004-08-15,I,-0.4509461,0.0000050
53233,2004-08-16,I,-0.4506899,0.0000047
53234,2004-08-17,I,-0.4506768,0.0000048
53235,2004-08-18,I,-0.4509071,0.0000047
53236,2004-08-19,I,-0.4513232,0.0000048
53237,2004-08-20,I,-0.4518570,0.0000048
53238,2004-08-21,I,-0.4524024,0.0000059
53239,2004-08-22,I,-0.4528184,0.0000044
53240,2004-08-23,I,-0.4530124,0.0000072
53241,2004-08-24,I,-0.4529826,0.0000063
53242,2004-08-25,I,-0.4528113,0.0000069
53243,2004-08-26,I,-0.4524656,0.0000071
53244,2004-08-27,I,-0.4521097,0.0000071
53245,2004-08-28,I,-0.4518399,0.0000083
53246,2004-08-29,I,-0.4518199,0.0000063
53247,2004-08-30,I,-0.4520827,0.0000080
53248,2004-08-31,I,-0.4525752,0.0000070
53249,2004-09-01,I,-0.4531610,0.0000055
53250,2004-09-02,I,-0.4537106,0.0000061
53251,2004-09-03,I,-0.4540860,0.0000063
53252,2004-09-04,I,-0.4542748,0.0000072
53253,2004-09-05,I,-0.4541946,0.0000063
53254,2004-09-06,I,-0.4538114,0.0000041
53255,2004-09-07,I,-0.4531921,0.0000059
53256,2004-09-08,I,-0.4524242,0.0000052
53257,2004-09-09,I,-0.4516210,0.0000053
53258,2004-09-10,I,-0.4508872,0.0000053
53259,2004-09-11,I,-0.4503511,0.0000052
53260,2004-09-12,I,-0.4500804,0.0000073
53261,2004-09-13,I,-0.4501020,0.0000055
53262,2004-09-14,I,-0.4504218,0.0000062
53263,2004-09-15,I,-0.4509723,0.0000049
53264,2004-09-16,I,-0.4516403,0.0000049
53265,2004-09-17,I,-0.4522982,0.0000050
53266,2004-09-18,I,-0.4528574,0.0000048
53267,2004-09-19,I,-0.4531570,0.0000058
53268,2004-09-20,I,-0.4531973,0.0000060
53269,2004-09-21,I,-0.4530320,0.0000079
53270,2004-09-22,I,-0.4527430,0.0000074
53271,2004-09-23,I,-0.4524462,0.0000075
53272,2004-09-24,I,-0.4522676,0.0000075
53273,2004-09-25,I,-0.4523286,0.0000093
53274,2004-09-26,I,-0.4526464,0.0000090
53275,2004-09-27,I,-0.4531841,0.0000083
53276,2004-09-28,I,-0.4539305,0.0000097
53277,2004-09-29,I,-0.4547416,0.0000086
53278,2004-09-30,I,-0.4554377,0.0000085
53279,2004-10-01,I,-0.4559614,0.0000077
53280,2004-10-02,I,-0.4563478,0.0000065
53281,2004-10-03,I,-0.4565597,0.0000052
53282,2004-10-04,I,-0.4566339,0.0000056
53283,2004-10-05,I,-0.4566472,0.0000050
53284,2004-10-06,I,-0.4566548,0.0000054
53285,2004-10-07,I,-0.4567407,0.0000055
53286,2004-10-08,I,-0.4569290,0.0000054
53287,2004-10-09,I,-0.4571373,0.0000062
53288,2004-10-10,I,-0.4575789,0.0000049
53289,2004-10-11,I,-0.4582313,0.0000058
53290,2004-10-12,I,-0.4590946,0.0000056
53291,2004-10-13,I,-0.4601526,0.0000052
53292,2004-10-14,I,-0.4612869,0.0000055
53293,2004-10-15,I,-0.4623517,0.0000053
53294,2004-10-16,I,-0.4632979,0.0000066
53295,2004-10-17,I,-0.4639024,0.0000051
53296,2004-10-18,I,-0.4641753,0.0000048
53297,2004-10-19,I,-0.4642333,0.0000050
53298,2004-10-20,I,-0.4642125,0.0000039
53299,2004-10-21,I,-0.4642655,0.0000043
53300,2004-10-22,I,-0.4645035,0.0000043
53301,2004-10-23,I,-0.4649655,0.0000058
53302,2004-10-24,I,-0.4656198,0.0000039
53303,2004-10-25,I,-0.4664284,0.0000037
53304,2004-10-26,I,-0.4673169,0.0000033
53305,2004-10-27,I,-0.4682203,0.0000033
53306,2004-10-28,I,-0.4690408,0.0000033
53307,2004-10-29,I,-0.4696932,0.0000033
53308,2004-10-30,I,-0.4701077,0.0000038
53309,2004-10-31,I,-0.4702857,0.0000031
53310,2004-11-01,I,-0.4703152,0.0000030
53311,2004-11-02,I,-0.4702875,0.0000033
53312,2004-11-03,I,-0.4702657,0.0000030
53313,2004-11-04,I,-0.4702980,0.0000032
53314,2004-11-05,I,-0.4704602,0.0000033
53315,2004-11-06,I,-0.4708486,0.0000034
53316,2004-11-07,I,-0.4715030,0.0000028
53317,2004-11-08,I,-0.4724189,0.0000024
53318,2004-11-09,I,-0.4735563,0.0000027
53319,2004-11-10,I,-0.4748534,0.0000025
53320,2004-11-11,I,-0.4761631,0.0000031
53321,2004-11-12,I,-0.4773411,0.0000032
53322,2004-11-13,I,-0.4783524,0.0000048
53323,2004-11-14,I,-0.4790588,0.0000043
53324,2004-11-15,I,-0.4795027,0.0000043
53325,2004-11-16,I,-0.4798327,0.0000059
53326,2004-11-17,I,-0.4801739,0.0000048
53327,2004-11-18,I,-0.4806647,0.0000050
53328,2004-11-19,I,-0.4813818,0.0000050
53329,2004-11-20,I,-0.4823048,0.0000086
53330,2004-11-21,I,-0.4833914,0.0000101
53331,2004-11-22,I,-0.4845220,0.0000103
53332,2004-11-23,I,-0.4856220,0.0000127
53333,2004-11-24,I,-0.4866044,0.0000137
53334,2004-11-25,I,-0.4873770,0.0000149
53335,2004-11-26,I,-0.4879449,0.0000148
53336,2004-11-27,I,-0.4882643,0.0000149
53337,2004-11-28,I,-0.4883812,0.0000118
53338,2004-11-29,I,-0.4883904,0.0000155
53339,2004-11-30,I,-0.4883606,0.0000120
53340,2004-12-01,I,-0.4883164,0.0000092
53341,2004-12-02,I,-0.4884463,0.0000093
53342,2004-12-03,I,-0.4887324,0.0000086
53343,2004-12-04,I,-0.4891801,0.0000081
53344,2004-12-05,I,-0.4898425,0.0000056
53345,2004-12-06,I,-0.4907088,0.0000055
53346,2004-12-07,I,-0.4917230,0.0000063
53347,2004-12-08,I,-0.4928163,0.0000061
53348,2004-12-09,I,-0.4938577,0.0000062
53349,2004-12-10,I,-0.4946810,0.0000062
53350,2004-12-11,I,-0.4953129,0.0000057
53351,2004-12-12,I,-0.4956992,0.0000036
53352,2004-12-13,I,-0.4959089,0.0000032
53353,2004-12-14,I,-0.4961039,0.0000028
53354,2004-12-15,I,-0.4964835,0.0000032
53355,2004-12-16,I,-0.4970905,0.0000033
53356,2004-12-17,I,-0.4979061,0.0000032
53357,2004-12-18,I,-0.4989039,0.0000050
53358,2004-12-19,I,-0.4999633,0.0000041
53359,2004-12-20,I,-0.5010228,0.0000039
53360,2004-12-21,I,-0.5019410,0.0000041
53361,2004-12-22,I,-0.5025887,0.0000041
53362,2004-12-23,I,-0.5030749,0.0000039
53363,2004-12-24,I,-0.5033518,0.0000034
53364,2004-12-25,I,-0.5033951,0.0000034
53365,2004-12-26,I,-0.5032880,0.0000036
53366,2004-12-27,I,-0.5031306,0.0000058
53367,2004-12-28,I,-0.5030036,0.0000047
53368,2004-12-29,I,-0.5029488,0.0000047
53369,2004-12-30,I,-0.5029735,0.0000047
53370,2004-12-31,I,-0.5031882,0.0000049
53371,2005-01-01,I,-0.5036311,0.0000043
53372,2005-01-02,I,-0.5042627,0.0000045
53373,2005-01-03,I,-0.5050088,0.0000080
53374,2005-01-04,I,-0.5058481,0.0000069
53375,2005-01-05,I,-0.5066907,0.0000066
53376,2005-01-06,I,-0.5073947,0.0000071
53377,2005-01-07,I,-0.5078776,0.0000070
53378,2005-01-08,I,-0.5081577,0.0000077
53379,2005-01-09,I,-0.5083283,0.0000062
53380,2005-01-10,I,-0.5085068,0.0000058
53381,2005-01-11,I,-0.5087841,0.0000071
53382,2005-01-12,I,-0.5093349,0.0000056
53383,2005-01-13,I,-0.5101808,0.0000056
53384,2005-01-14,I,-0.5112689,0.0000047
53385,2005-01-15,I,-0.5124561,0.0000052
53386,2005-01-16,I,-0.5136546,0.0000035
53387,2005-01-17,I,-0.5147612,0.0000026
53388,2005-01-18,I,-0.5157019,0.0000022
53389,2005-01-19,I,-0.5164151,0.0000028
53390,2005-01-20,I,-0.5168915,0.0000031
53391,2005-01-21,I,-0.5172180,0.0000032
53392,2005-01-22,I,-0.5174033,0.0000032
53393,2005-01-23,I,-0.5174851,0.0000042
53394,2005-01-24,I,-0.5175253,0.0000052
53395,2005-01-25,I,-0.5175818,0.0000043
53396,2005-01-26,I,-0.5177056,0.0000040
53397,2005-01-27,I,-0.5179730,0.0000040
53398,2005-01-28,I,-0.5184360,0.0000039
53399,2005-01-29,I,-0.5190534,0.0000045
53400,2005-01-30,I,-0.5197397,0.0000038
53401,2005-01-31,I,-0.5204631,0.0000034
53402,2005-02-01,I,-0.5211905,0.0000038
53403,2005-02-02,I,-0.5218738,0.0000043
53404,2005-02-03,I,-0.5224047,0.0000069
53405,2005-02-04,I,-0.5227538,0.0000069
53406,2005-02-05,I,-0.5229425,0.0000079
53407,2005-02-06,I,-0.5231756,0.0000067
53408,2005-02-07,I,-0.5235446,0.0000059
53409,2005-02-08,I,-0.5240695,0.0000062
53410,2005-02-09,I,-0.5248763,0.0000037
53411,2005-02-10,I,-0.5260316,0.0000036
53412,2005-02-11,I,-0.5274547,0.0000030
53413,2005-02-12,I,-0.5290234,0.0000033
53414,2005-02-13,I,-0.5305546,0.0000033
53415,2005-02-14,I,-0.5318992,0.0000034
53416,2005-02-15,I,-0.5329786,0.0000056
53417,2005-02-16,I,-0.5337595,0.0000047
53418,2005-02-17,I,-0.5343039,0.0000047
53419,2005-02-18,I,-0.5346954,0.0000044
53420,2005-02-19,I,-0.5351206,0.0000043
53421,2005-02-20,I,-0.5356405,0.0000034
53422,2005-02-21,I,-0.5362883,0.0000021
53423,2005-02-22,I,-0.5371051,0.0000024
53424,2005-02-23,I,-0.5380987,0.0000026
53425,2005-02-24,I,-0.5392947,0.0000027
53426,2005-02-25,I,-0.5407065,0.0000026
53427,2005-02-26,I,-0.5423051,0.0000040
53428,2005-02-27,I,-0.5440274,0.0000033
53429,2005-02-28,I,-0.5457256,0.0000032
53430,2005-03-01,I,-0.5473433,0.0000038
53431,2005-03-02,I,-0.5488256,0.0000035
53432,2005-03-03,I,-0.5501067,0.0000038
53433,2005-03-04,I,-0.5512121,0.0000032
53434,2005-03-05,I,-0.5522160,0.0000051
53435,2005-03-06,I,-0.5531581,0.0000043
53436,2005-03-07,I,-0.5541239,0.0000041
53437,2005-03-08,I,-0.5552297,0.0000045
53438,2005-03-09,I,-0.5565004,0.0000042
53439,2005-03-10,I,-0.5578906,0.0000043
53440,2005-03-11,I,-0.5593770,0.0000036
53441,2005-03-12,I,-0.5609054,0.0000043
53442,2005-03-13,I,-0.5622876,0.0000039
53443,2005-03-14,I,-0.5633959,0.0000036
53444,2005-03-15,I,-0.5641599,0.0000036
53445,2005-03-16,I,-0.5645828,0.0000035
53446,2005-03-17,I,-0.5647604,0.0000036
53447,2005-03-18,I,-0.5648075,0.0000031
53448,2005-03-19,I,-0.5648490,0.0000030
53449,2005-03-20,I,-0.5649368,0.0000026
53450,2005-03-21,I,-0.5651139,0.0000032
53451,2005-03-22,I,-0.5654418,0.0000034
53452,2005-03-23,I,-0.5660242,0.0000035
53453,2005-03-24,I,-0.5668735,0.0000035
53454,2005-03-25,I,-0.5679385,0.0000034
53455,2005-03-26,I,-0.5691276,0.0000054
53456,2005-03-27,I,-0.5703189,0.0000043
53457,2005-03-28,I,-0.5714102,0.0000049
53458,2005-03-29,I,-0.5723188,0.0000035
53459,2005-03-30,I,-0.5729782,0.0000033
53460,2005-03-31,I,-0.5733537,0.0000033
53461,2005-04-01,I,-0.5735312,0.0000033
53462,2005-04-02,I,-0.5736228,0.0000041
53463,2005-04-03,I,-0.5738473,0.0000039
53464,2005-04-04,I,-0.5743133,0.0000046
53465,2005-04-05,I,-0.5750763,0.0000051
53466,2005-04-06,I,-0.5760620,0.0000049
53467,2005-04-07,I,-0.5772309,0.0000052
53468,2005-04-08,I,-0.5785169,0.0000045
53469,2005-04-09,I,-0.5797958,0.0000061
53470,2005-04-10,I,-0.5808544,0.0000048
53471,2005-04-11,I,-0.5815846,0.0000051
53472,2005-04-12,I,-0.5820651,0.0000049
53473,2005-04-13,I,-0.5823454,0.0000041
53474,2005-04-14,I,-0.5825858,0.0000041
53475,2005-04-15,I,-0.5828435,0.0000030
53476,2005-04-16,I,-0.5831746,0.0000042
53477,2005-04-17,I,-0.5836531,0.0000033
53478,2005-04-18,I,-0.5843004,0.0000032
53479,2005-04-19,I,-0.5851451,0.0000045
53480,2005-04-20,I,-0.5861815,0.0000046
53481,2005-04-21,I,-0.5873950,0.0000044
53482,2005-04-22,I,-0.5887581,0.0000040
53483,2005-04-23,I,-0.5901745,0.0000052
53484,2005-04-24,I,-0.5916018,0.0000039
53485,2005-04-25,I,-0.5929231,0.0000044
53486,2005-04-26,I,-0.5940459,0.0000040
53487,2005-04-27,I,-0.5949024,0.0000036
53488,2005-04-28,I,-0.5955016,0.0000035
53489,2005-04-29,I,-0.5959571,0.0000035
53490,2005-04-30,I,-0.5964681,0.0000045
53491,2005-05-01,I,-0.5971143,0.0000033
53492,2005-05-02,I,-0.5979901,0.0000038
53493,2005-05-03,I,-0.5991133,0.0000053
53494,2005-05-04,I,-0.6004401,0.0000053
53495,2005-05-05,I,-0.6018485,0.0000053
53496,2005-05-06,I,-0.6031968,0.0000054
53497,2005-05-07,I,-0.6044061,0.0000072
53498,2005-05-08,I,-0.6054396,0.0000048
53499,2005-05-09,I,-0.6062322,0.0000042
53500,2005-05-10,I,-0.6067919,0.0000065
53501,2005-05-11,I,-0.6071706,0.0000060
53502,2005-05-12,I,-0.6074286,0.0000060
53503,2005-05-13,I,-0.6076761,0.0000058
53504,2005-05-14,I,-0.6079271,0.0000090
53505,2005-05-15,I,-0.6083077,0.0000083
53506,2005-05-16,I,-0.6088646,0.0000062
53507,2005-05-17,I,-0.6095860,0.0000044
53508,2005-05-18,I,-0.6104126,0.0000037
53509,2005-05-19,I,-0.6113669,0.0000043
53510,2005-05-20,I,-0.6123944,0.0000044
53511,2005-05-21,I,-0.6133540,0.0000045
53512,2005-05-22,I,-0.6142188,0.0000035
53513,2005-05-23,I,-0.6148382,0.0000044
53514,2005-05-24,I,-0.6151316,0.0000050
53515,2005-05-25,I,-0.6151126,0.0000041
53516,2005-05-26,I,-0.6148593,0.0000039
53517,2005-05-27,I,-0.6145596,0.0000037
53518,2005-05-28,I,-0.6144072,0.0000050
53519,2005-05-29,I,-0.6144904,0.0000038
53520,2005-05-30,I,-0.6148240,0.0000022
53521,2005-05-31,I,-0.6153832,0.0000041
53522,2005-06-01,I,-0.6160929,0.0000041
53523,2005-06-02,I,-0.6168203,0.0000040
53524,2005-06-03,I,-0.6173750,0.0000057
53525,2005-06-04,I,-0.6176712,0.0000056
53526,2005-06-05,I,-0.6177695,0.0000060
53527,2005-06-06,I,-0.6176318,0.0000053
53528,2005-06-07,I,-0.6173033,0.0000051
53529,2005-06-08,I,-0.6168337,0.0000046
53530,2005-06-09,I,-0.6162601,0.0000033
53531,2005-06-10,I,-0.6157397,0.0000034
53532,2005-06-11,I,-0.6153436,0.0000037
53533,2005-06-12,I,-0.6150583,0.0000031
53534,2005-06-13,I,-0.6148997,0.0000031
53535,2005-06-14,I,-0.6149058,0.0000048
53536,2005-06-15,I,-0.6150703,0.0000037
53537,2005-06-16,I,-0.6153776,0.0000037
53538,2005-06-17,I,-0.6157731,0.0000037
53539,2005-06-18,I,-0.6161240,0.0000059
53540,2005-06-19,I,-0.6162996,0.0000048
53541,2005-06-20,I,-0.6162332,0.0000036
53542,2005-06-21,I,-0.6159410,0.0000051
53543,2005-06-22,I,-0.6154641,0.0000053
53544,2005-06-23,I,-0.6149561,0.0000053
53545,2005-06-24,I,-0.6145745,0.0000051
53546,2005-06-25,I,-0.6144151,0.0000066
53547,2005-06-26,I,-0.6145364,0.0000076
53548,2005-06-27,I,-0.6148010,0.0000068
53549,2005-06-28,I,-0.6151267,0.0000080
53550,2005-06-29,I,-0.6153920,0.0000072
53551,2005-06-30,I,-0.6155443,0.0000072
53552,2005-07-01,I,-0.6154561,0.0000068
53553,2005-07-02,I,-0.6151027,0.0000080
53554,2005-07-03,I,-0.6144473,0.0000081
53555,2005-07-04,I,-0.6135364,0.0000053
53556,2005-07-05,I,-0.6125092,0.0000051
53557,2005-07-06,I,-0.6114583,0.0000046
53558,2005-07-07,I,-0.6104654,0.0000046
53559,2005-07-08,I,-0.6096134,0.0000047
53560,2005-07-09,I,-0.6088955,0.0000041
53561,2005-07-10,I,-0.6083329,0.0000046
53562,2005-07-11,I,-0.6079942,0.0000048
53563,2005-07-12,I,-0.6078326,0.0000056
53564,2005-07-13,I,-0.6077653,0.0000050
53565,2005-07-14,I,-0.6077515,0.0000054
53566,2005-07-15,I,-0.6076784,0.0000054
53567,2005-07-16,I,-0.6074731,0.0000075
53568,2005-07-17,I,-0.6071073,0.0000058
53569,2005-07-18,I,-0.6064925,0.0000061
53570,2005-07-19,I,-0.6056959,0.0000084
53571,2005-07-20,I,-0.6048368,0.0000055
53572,2005-07-21,I,-0.6040402,0.0000054
53573,2005-07-22,I,-0.6034009,0.0000051
53574,2005-07-23,I,-0.6031503,0.0000060
53575,2005-07-24,I,-0.6032519,0.0000047
53576,2005-07-25,I,-0.6036473,0.0000040
53577,2005-07-26,I,-0.6041398,0.0000069
53578,2005-07-27,I,-0.6045763,0.0000076
53579,2005-07-28,I,-0.6048366,0.0000075
53580,2005-07-29,I,-0.6048490,0.0000082
53581,2005-07-30,I,-0.6046557,0.0000112
53582,2005-07-31,I,-0.6042090,0.0000088
53583,2005-08-01,I,-0.6036424,0.0000078
53584,2005-08-02,I,-0.6030216,0.0000055
53585,2005-08-03,I,-0.6023707,0.0000047
53586,2005-08-04,I,-0.6017619,0.0000042
53587,2005-08-05,I,-0.6012517,0.0000042
53588,2005-08-06,I,-0.6009546,0.0000057
53589,2005-08-07,I,-0.6008886,0.0000052
53590,2005-08-08,I,-0.6010604,0.0000053
53591,2005-08-09,I,-0.6013898,0.0000061
53592,2005-08-10,I,-0.6018369,0.0000052
53593,2005-08-11,I,-0.6022535,0.0000053
53594,2005-08-12,I,-0.6025523,0.0000057
53595,2005-08-13,I,-0.6026659,0.0000054
53596,2005-08-14,I,-0.6025770,0.0000048
53597,2005-08-15,I,-0.6022223,0.0000050
53598,2005-08-16,I,-0.6017561,0.0000050
53599,2005-08-17,I,-0.6013473,0.0000042
53600,2005-08-18,I,-0.6009906,0.0000044
53601,2005-08-19,I,-0.6008900,0.0000043
53602,2005-08-20,I,-0.6011302,0.0000049
53603,2005-08-21,I,-0.6017028,0.0000042
53604,2005-08-22,I,-0.6024450,0.0000042
53605,2005-08-23,I,-0.6030829,0.0000041
53606,2005-08-24,I,-0.6034994,0.0000030
53607,2005-08-25,I,-0.6036519,0.0000035
53608,2005-08-26,I,-0.6035295,0.0000036
53609,2005-08-27,I,-0.6030669,0.0000043
53610,2005-08-28,I,-0.6024048,0.0000037
53611,2005-08-29,I,-0.6015615,0.0000042
53612,2005-08-30,I,-0.6006488,0.0000052
53613,2005-08-31,I,-0.5997937,0.0000050
53614,2005-09-01,I,-0.5990950,0.0000059
53615,2005-09-02,I,-0.5986444,0.0000061
53616,2005-09-03,I,-0.5984938,0.0000079
53617,2005-09-04,I,-0.5986091,0.0000080
53618,2005-09-05,I,-0.5988493,0.0000071
53619,2005-09-06,I,-0.5992174,0.0000087
53620,2005-09-07,I,-0.5996615,0.0000053
53621,2005-09-08,I,-0.6001311,0.0000052
53622,2005-09-09,I,-0.6005137,0.0000051
53623,2005-09-10,I,-0.6007243,0.0000061
53624,2005-09-11,I,-0.6007394,0.0000042
53625,2005-09-12,I,-0.6005686,0.0000033
53626,2005-09-13,I,-0.6003922,0.0000031
53627,2005-09-14,I,-0.6003735,0.0000028
53628,2005-09-15,I,-0.6005921,0.0000025
53629,2005-09-16,I,-0.6011414,0.0000018
53630,2005-09-17,I,-0.6020670,0.0000018
53631,2005-09-18,I,-0.6032750,0.0000017
53632,2005-09-19,I,-0.6045695,0.0000015
53633,2005-09-20,I,-0.6057829,0.0000016
53634,2005-09-21,I,-0.6067447,0.0000021
53635,2005-09-22,I,-0.6073910,0.0000027
53636,2005-09-23,I,-0.6077203,0.0000026
53637,2005-09-24,I,-0.6077713,0.0000027
53638,2005-09-25,I,-0.6076554,0.0000027
53639,2005-09-26,I,-0.6074621,0.0000029
53640,2005-09-27,I,-0.6073125,0.0000027
53641,2005-09-28,I,-0.6072208,0.0000022
53642,2005-09-29,I,-0.6073035,0.0000024
53643,2005-09-30,I,-0.6076038,0.0000026
53644,2005-10-01,I,-0.6080604,0.0000042
53645,2005-10-02,I,-0.6087229,0.0000031
53646,2005-10-03,I,-0.6094741,0.0000044
53647,2005-10-04,I,-0.6102174,0.0000047
53648,2005-10-05,I,-0.6108649,0.0000051
53649,2005-10-06,I,-0.6113533,0.0000052
53650,2005-10-07,I,-0.6116964,0.0000055
53651,2005-10-08,I,-0.6119373,0.0000062
53652,2005-10-09,I,-0.6120218,0.0000049
53653,2005-10-10,I,-0.6120214,0.0000047
53654,2005-10-11,I,-0.6120554,0.0000046
53655,2005-10-12,I,-0.6122245,0.0000039
53656,2005-10-13,I,-0.6126408,0.0000037
53657,2005-10-14,I,-0.6133548,0.0000038
53658,2005-10-15,I,-0.6143842,0.0000043
53659,2005-10-16,I,-0.6155524,0.0000037
53660,2005-10-17,I,-0.6167060,0.0000034
53661,2005-10-18,I,-0.6177406,0.0000044
53662,2005-10-19,I,-0.6185748,0.0000041
53663,2005-10-20,I,-0.6191583,0.0000049
53664,2005-10-21,I,-0.6195121,0.0000051
53665,2005-10-22,I,-0.6197224,0.0000072
53666,2005-10-23,I,-0.6198675,0.0000059
53667,2005-10-24,I,-0.6200037,0.0000060
53668,2005-10-25,I,-0.6202363,0.0000060
53669,2005-10-26,I,-0.6205397,0.0000045
53670,2005-10-27,I,-0.6209777,0.0000043
53671,2005-10-28,I,-0.6216430,0.0000041
53672,2005-10-29,I,-0.6224689,0.0000035
53673,2005-10-30,I,-0.6234856,0.0000022
53674,2005-10-31,I,-0.6245799,0.0000020
53675,2005-11-01,I,-0.6256421,0.0000057
53676,2005-11-02,I,-0.6265680,0.0000058
53677,2005-11-03,I,-0.6273016,0.0000063
53678,2005-11-04,I,-0.6278328,0.0000063
53679,2005-11-05,I,-0.6280822,0.0000077
53680,2005-11-06,I,-0.6282523,0.0000067
53681,2005-11-07,I,-0.6284076,0.0000059
53682,2005-11-08,I,-0.6287301,0.0000052
53683,2005-11-09,I,-0.6293147,0.0000042
53684,2005-11-10,I,-0.6302931,0.0000042
53685,2005-11-11,I,-0.6315489,0.0000041
53686,2005-11-12,I,-0.6329940,0.0000040
53687,2005-11-13,I,-0.6344525,0.0000037
53688,2005-11-14,I,-0.6357953,0.0000030
53689,2005-11-15,I,-0.6369022,0.0000033
53690,2005-11-16,I,-0.6377074,0.0000036
53691,2005-11-17,I,-0.6382619,0.0000036
53692,2005-11-18,I,-0.6386010,0.0000035
53693,2005-11-19,I,-0.6387653,0.0000035
53694,2005-11-20,I,-0.6390005,0.0000035
53695,2005-11-21,I,-0.6393319,0.0000030
53696,2005-11-22,I,-0.6398046,0.0000029
53697,2005-11-23,I,-0.6404055,0.0000028
53698,2005-11-24,I,-0.6411462,0.0000029
53699,2005-11-25,I,-0.6420224,0.0000029
53700,2005-11-26,I,-0.6430118,0.0000027
53701,2005-11-27,I,-0.6440616,0.0000042
53702,2005-11-28,I,-0.6450739,0.0000042
53703,2005-11-29,I,-0.6459536,0.0000041
53704,2005-11-30,I,-0.6466279,0.0000035
53705,2005-12-01,I,-0.6470888,0.0000035
53706,2005-12-02,I,-0.6473535,0.0000039
53707,2005-12-03,I,-0.6474934,0.0000038
53708,2005-12-04,I,-0.6476229,0.0000038
53709,2005-12-05,I,-0.6477390,0.0000041
53710,2005-12-06,I,-0.6480033,0.0000033
53711,2005-12-07,I,-0.6485652,0.0000031
53712,2005-12-08,I,-0.6493234,0.0000029
53713,2005-12-09,I,-0.6502652,0.0000029
53714,2005-12-10,I,-0.6512420,0.0000028
53715,2005-12-11,I,-0.6521276,0.0000022
53716,2005-12-12,I,-0.6528826,0.0000027
53717,2005-12-13,I,-0.6534555,0.0000049
53718,2005-12-14,I,-0.6538055,0.0000042
53719,2005-12-15,I,-0.6539359,0.0000038
53720,2005-12-16,I,-0.6540002,0.0000037
53721,2005-12-17,I,-0.6540381,0.0000050
53722,2005-12-18,I,-0.6541231,0.0000049
53723,2005-12-19,I,-0.6543147,0.0000044
53724,2005-12-20,I,-0.6546584,0.0000060
53725,2005-12-21,I,-0.6552283,0.0000054
53726,2005-12-22,I,-0.6559628,0.0000055
53727,2005-12-23,I,-0.6568244,0.0000048
53728,2005-12-24,I,-0.6577590,0.0000046
53729,2005-12-25,I,-0.6586830,0.0000054
53730,2005-12-26,I,-0.6595466,0.0000045
53731,2005-12-27,I,-0.6602768,0.0000046
53732,2005-12-28,I,-0.6607828,0.0000043
53733,2005-12-29,I,-0.6610944,0.0000043
53734,2005-12-30,I,-0.6611399,0.0000043
53735,2005-12-31,I,-0.6611236,0.0000035
53736,2006-01-01,I,0.3388174,0.0000032
53737,2006-01-02,I,0.3385849,0.0000027
53738,2006-01-03,I,0.3381081,0.0000024
53739,2006-01-04,I,0.3374102,0.0000071
53740,2006-01-05,I,0.3365429,0.0000074
53741,2006-01-06,I,0.3355865,0.0000074
53742,2006-01-07,I,0.3346786,0.0000073
53743,2006-01-08,I,0.3339572,0.0000074
53744,2006-01-09,I,0.3334938,0.0000075
53745,2006-01-10,I,0.3332906,0.0000077
53746,2006-01-11,I,0.3333082,0.0000061
53747,2006-01-12,I,0.3334999,0.0000063
53748,2006-01-13,I,0.3337734,0.0000066
53749,2006-01-14,I,0.3339995,0.0000059
53750,2006-01-15,I,0.3340894,0.0000060
53751,2006-01-16,I,0.3340758,0.0000066
53752,2006-01-17,I,0.3339443,0.0000076
53753,2006-01-18,I,0.3336460,0.0000048
53754,2006-01-19,I,0.3331328,0.0000043
53755,2006-01-20,I,0.3325448,0.0000043
53756,2006-01-21,I,0.3318820,0.0000042
53757,2006-01-22,I,0.3311906,0.0000037
53758,2006-01-23,I,0.3305408,0.0000033
53759,2006-01-24,I,0.3299901,0.0000050
53760,2006-01-25,I,0.3295166,0.0000035
53761,2006-01-26,I,0.3291204,0.0000040
53762,2006-01-27,I,0.3287245,0.0000044
53763,2006-01-28,I,0.3282743,0.0000047
53764,2006-01-29,I,0.3276956,0.0000042
53765,2006-01-30,I,0.3268650,0.0000043
53766,2006-01-31,I,0.3257288,0.0000047
53767,2006-02-01,I,0.3242987,0.0000041
53768,2006-02-02,I,0.3227261,0.0000037
53769,2006-02-03,I,0.3211822,0.0000037
53770,2006-02-04,I,0.3197569,0.0000040
53771,2006-02-05,I,0.3186277,0.0000030
53772,2006-02-06,I,0.3177880,0.0000032
53773,2006-02-07,I,0.3172169,0.0000031
53774,2006-02-08,I,0.3168191,0.0000034
53775,2006-02-09,I,0.3164682,0.0000034
53776,2006-02-10,I,0.3160777,0.0000033
53777,2006-02-11,I,0.3156025,0.0000047
53778,2006-02-12,I,0.3149950,0.0000036
53779,2006-02-13,I,0.3142223,0.0000036
53780,2006-02-14,I,0.3133398,0.0000035
53781,2006-02-15,I,0.3123764,0.0000035
53782,2006-02-16,I,0.3113515,0.0000036
53783,2006-02-17,I,0.3102624,0.0000035
53784,2006-02-18,I,0.3091458,0.0000053
53785,2006-02-19,I,0.3080886,0.0000034
53786,2006-02-20,I,0.3071335,0.0000034
53787,2006-02-21,I,0.3063731,0.0000030
53788,2006-02-22,I,0.3058274,0.0000026
53789,2006-02-23,I,0.3054235,0.0000024
53790,2006-02-24,I,0.3050502,0.0000025
53791,2006-02-25,I,0.3045144,0.0000038
53792,2006-02-26,I,0.3037047,0.0000027
53793,2006-02-27,I,0.3024929,0.0000030
53794,2006-02-28,I,0.3008944,0.0000035
53795,2006-03-01,I,0.2990071,0.0000032
53796,2006-03-02,I,0.2970097,0.0000031
53797,2006-03-03,I,0.2951858,0.0000032
53798,2006-03-04,I,0.2936023,0.0000047
53799,2006-03-05,I,0.2923314,0.0000025
53800,2006-03-06,I,0.2914088,0.0000025
53801,2006-03-07,I,0.2907642,0.0000027
53802,2006-03-08,I,0.2903027,0.0000023
53803,2006-03-09,I,0.2899238,0.0000027
53804,2006-03-10,I,0.2895687,0.0000032
53805,2006-03-11,I,0.2891746,0.0000057
53806,2006-03-12,I,0.2886732,0.0000048
53807,2006-03-13,I,0.2879796,0.0000046
53808,2006-03-14,I,0.2871185,0.0000060
53809,2006-03-15,I,0.2861136,0.0000053
53810,2006-03-16,I,0.2850614,0.0000048
53811,2006-03-17,I,0.2840371,0.0000048
53812,2006-03-18,I,0.2831017,0.0000061
53813,2006-03-19,I,0.2822194,0.0000039
53814,2006-03-20,I,0.2814702,0.0000037
53815,2006-03-21,I,0.2808846,0.0000045
53816,2006-03-22,I,0.2803937,0.0000034
53817,2006-03-23,I,0.2798968,0.0000030
53818,2006-03-24,I,0.2793249,0.0000030
53819,2006-03-25,I,0.2785200,0.0000039
53820,2006-03-26,I,0.2773367,0.0000028
53821,2006-03-27,I,0.2757941,0.0000024
53822,2006-03-28,I,0.2739651,0.0000026
53823,2006-03-29,I,0.2719172,0.0000032
53824,2006-03-30,I,0.2698617,0.0000035
53825,2006-03-31,I,0.2680182,0.0000035
53826,2006-04-01,I,0.2665009,0.0000049
53827,2006-04-02,I,0.2653722,0.0000039
53828,2006-04-03,I,0.2645537,0.0000040
53829,2006-04-04,I,0.2639591,0.0000038
53830,2006-04-05,I,0.2634089,0.0000029
53831,2006-04-06,I,0.2628423,0.0000029
53832,2006-04-07,I,0.2621936,0.0000025
53833,2006-04-08,I,0.2614213,0.0000038
53834,2006-04-09,I,0.2604365,0.0000023
53835,2006-04-10,I,0.2592584,0.0000024
53836,2006-04-11,I,0.2580300,0.0000024
53837,2006-04-12,I,0.2567767,0.0000022
53838,2006-04-13,I,0.2555359,0.0000022
53839,2006-04-14,I,0.2543535,0.0000019
53840,2006-04-15,I,0.2533323,0.0000030
53841,2006-04-16,I,0.2525104,0.0000030
53842,2006-04-17,I,0.2518580,0.0000010
53843,2006-04-18,I,0.2513237,0.0000009
53844,2006-04-19,I,0.2508310,0.0000014
53845,2006-04-20,I,0.2503061,0.0000015
53846,2006-04-21,I,0.2496625,0.0000015
53847,2006-04-22,I,0.2487799,0.0000015
53848,2006-04-23,I,0.2475639,0.0000037
53849,2006-04-24,I,0.2460181,0.0000042
53850,2006-04-25,I,0.2442587,0.0000046
53851,2006-04-26,I,0.2424260,0.0000042
53852,2006-04-27,I,0.2406482,0.0000049
53853,2006-04-28,I,0.2390430,0.0000050
53854,2006-04-29,I,0.2377098,0.0000050
53855,2006-04-30,I,0.2367145,0.0000050
53856,2006-05-01,I,0.2359702,0.0000044
53857,2006-05-02,I,0.2352722,0.0000052
53858,2006-05-03,I,0.2344862,0.0000055
53859,2006-05-04,I,0.2336195,0.0000055
53860,2006-05-05,I,0.2326215,0.0000055
53861,2006-05-06,I,0.2315021,0.0000059
53862,2006-05-07,I,0.2302197,0.0000058
53863,2006-05-08,I,0.2288564,0.0000057
53864,2006-05-09,I,0.2273970,0.0000048
53865,2006-05-10,I,0.2258866,0.0000041
53866,2006-05-11,I,0.2243900,0.0000042
53867,2006-05-12,I,0.2229523,0.0000038
53868,2006-05-13,I,0.2216316,0.0000061
53869,2006-05-14,I,0.2204928,0.0000059
53870,2006-05-15,I,0.2195575,0.0000054
53871,2006-05-16,I,0.2187243,0.0000080
53872,2006-05-17,I,0.2179668,0.0000048
53873,2006-05-18,I,0.2172085,0.0000047
53874,2006-05-19,I,0.2162920,0.0000033
53875,2006-05-20,I,0.2151456,0.0000037
53876,2006-05-21,I,0.2137946,0.0000029
53877,2006-05-22,I,0.2122906,0.0000028
53878,2006-05-23,I,0.2107089,0.0000039
53879,2006-05-24,I,0.2091717,0.0000035
53880,2006-05-25,I,0.2078088,0.0000036
53881,2006-05-26,I,0.2066891,0.0000036
53882,2006-05-27,I,0.2059276,0.0000049
53883,2006-05-28,I,0.2054963,0.0000051
53884,2006-05-29,I,0.2052877,0.0000028
53885,2006-05-30,I,0.2051379,0.0000034
53886,2006-05-31,I,0.2049170,0.0000030
53887,2006-06-01,I,0.2046119,0.0000027
53888,2006-06-02,I,0.2041320,0.0000027
53889,2006-06-03,I,0.2034972,0.0000026
53890,2006-06-04,I,0.2027478,0.0000045
53891,2006-06-05,I,0.2019577,0.0000029
53892,2006-06-06,I,0.2011993,0.0000032
53893,2006-06-07,I,0.2004874,0.0000030
53894,2006-06-08,I,0.1999179,0.0000030
53895,2006-06-09,I,0.1995655,0.0000033
53896,2006-06-10,I,0.1994777,0.0000036
53897,2006-06-11,I,0.1996352,0.0000035
53898,2006-06-12,I,0.1999840,0.0000031
53899,2006-06-13,I,0.2003747,0.0000033
53900,2006-06-14,I,0.2006663,0.0000035
53901,2006-06-15,I,0.2007738,0.0000040
53902,2006-06-16,I,0.2006238,0.0000041
53903,2006-06-17,I,0.2001456,0.0000071
53904,2006-06-18,I,0.1994009,0.0000049
53905,2006-06-19,I,0.1985436,0.0000049
53906,2006-06-20,I,0.1977000,0.0000046
53907,2006-06-21,I,0.1970141,0.0000035
53908,2006-06-22,I,0.1964981,0.0000033
53909,2006-06-23,I,0.1962165,0.0000035
53910,2006-06-24,I,0.1961139,0.0000054
53911,2006-06-25,I,0.1961956,0.0000036
53912,2006-06-26,I,0.1963098,0.0000036
53913,2006-06-27,I,0.1963182,0.0000034
53914,2006-06-28,I,0.1961762,0.0000033
53915,2006-06-29,I,0.1958401,0.0000032
53916,2006-06-30,I,0.1952719,0.0000035
53917,2006-07-01,I,0.1945228,0.0000046
53918,2006-07-02,I,0.1936064,0.0000047
53919,2006-07-03,I,0.1926397,0.0000068
53920,2006-07-04,I,0.1916739,0.0000045
53921,2006-07-05,I,0.1907265,0.0000038
53922,2006-07-06,I,0.1899089,0.0000047
53923,2006-07-07,I,0.1893020,0.0000049
53924,2006-07-08,I,0.1888968,0.0000073
53925,2006-07-09,I,0.1887639,0.0000051
53926,2006-07-10,I,0.1887432,0.0000057
53927,2006-07-11,I,0.1887579,0.0000065
53928,2006-07-12,I,0.1886764,0.0000056
53929,2006-07-13,I,0.1884070,0.0000057
53930,2006-07-14,I,0.1878092,0.0000041
53931,2006-07-15,I,0.1869002,0.0000054
53932,2006-07-16,I,0.1857936,0.0000045
53933,2006-07-17,I,0.1847131,0.0000039
53934,2006-07-18,I,0.1837911,0.0000036
53935,2006-07-19,I,0.1830931,0.0000031
53936,2006-07-20,I,0.1826682,0.0000032
53937,2006-07-21,I,0.1825142,0.0000032
53938,2006-07-22,I,0.1825888,0.0000045
53939,2006-07-23,I,0.1828187,0.0000038
53940,2006-07-24,I,0.1830816,0.0000038
53941,2006-07-25,I,0.1832384,0.0000045
53942,2006-07-26,I,0.1832688,0.0000041
53943,2006-07-27,I,0.1831348,0.0000044
53944,2006-07-28,I,0.1828941,0.0000041
53945,2006-07-29,I,0.1825462,0.0000092
53946,2006-07-30,I,0.1821139,0.0000087
53947,2006-07-31,I,0.1816465,0.0000090
53948,2006-08-01,I,0.1811845,0.0000111
53949,2006-08-02,I,0.1807943,0.0000080
53950,2006-08-03,I,0.1805732,0.0000082
53951,2006-08-04,I,0.1804988,0.0000073
53952,2006-08-05,I,0.1805451,0.0000073
53953,2006-08-06,I,0.1807064,0.0000052
53954,2006-08-07,I,0.1809102,0.0000042
53955,2006-08-08,I,0.1809936,0.0000045
53956,2006-08-09,I,0.1808353,0.0000027
53957,2006-08-10,I,0.1803323,0.0000029
53958,2006-08-11,I,0.1794948,0.0000033
53959,2006-08-12,I,0.1784364,0.0000039
53960,2006-08-13,I,0.1773212,0.0000039
53961,2006-08-14,I,0.1763583,0.0000044
53962,2006-08-15,I,0.1756524,0.0000032
53963,2006-08-16,I,0.1752268,0.0000030
53964,2006-08-17,I,0.1750531,0.0000027
53965,2006-08-18,I,0.1750933,0.0000027
53966,2006-08-19,I,0.1752551,0.0000028
53967,2006-08-20,I,0.1754316,0.0000022
53968,2006-08-21,I,0.1754776,0.0000028
53969,2006-08-22,I,0.1753393,0.0000024
53970,2006-08-23,I,0.1750308,0.0000022
53971,2006-08-24,I,0.1745229,0.0000030
53972,2006-08-25,I,0.1738797,0.0000032
53973,2006-08-26,I,0.1731683,0.0000041
53974,2006-08-27,I,0.1724444,0.0000032
53975,2006-08-28,I,0.1717434,0.0000034
53976,2006-08-29,I,0.1711223,0.0000032
53977,2006-08-30,I,0.1706200,0.0000024
53978,2006-08-31,I,0.1703026,0.0000022
53979,2006-09-01,I,0.1701807,0.0000022
53980,2006-09-02,I,0.1701477,0.0000026
53981,2006-09-03,I,0.1701488,0.0000044
53982,2006-09-04,I,0.1700416,0.0000041
53983,2006-09-05,I,0.1696617,0.0000046
53984,2006-09-06,I,0.1689509,0.0000038
53985,2006-09-07,I,0.1678727,0.0000039
53986,2006-09-08,I,0.1664709,0.0000038
53987,2006-09-09,I,0.1649044,0.0000031
53988,2006-09-10,I,0.1633765,0.0000032
53989,2006-09-11,I,0.1620623,0.0000033
53990,2006-09-12,I,0.1610725,0.0000033
53991,2006-09-13,I,0.1603686,0.0000032
53992,2006-09-14,I,0.1598297,0.0000032
53993,2006-09-15,I,0.1594810,0.0000028
53994,2006-09-16,I,0.1591795,0.0000035
53995,2006-09-17,I,0.1588435,0.0000046
53996,2006-09-18,I,0.1583836,0.0000047
53997,2006-09-19,I,0.1577286,0.0000051
53998,2006-09-20,I,0.1568821,0.0000054
53999,2006-09-21,I,0.1558963,0.0000054
54000,2006-09-22,I,0.1547711,0.0000054
54001,2006-09-23,I,0.1535816,0.0000052
54002,2006-09-24,I,0.1524397,0.0000045
54003,2006-09-25,I,0.1513663,0.0000045
54004,2006-09-26,I,0.1503988,0.0000033
54005,2006-09-27,I,0.1495535,0.0000037
54006,2006-09-28,I,0.1488330,0.0000039
54007,2006-09-29,I,0.1482233,0.0000042
54008,2006-09-30,I,0.1475897,0.0000065
54009,2006-10-01,I,0.1468568,0.0000036
54010,2006-10-02,I,0.1460013,0.0000037
54011,2006-10-03,I,0.1448836,0.0000032
54012,2006-10-04,I,0.1434088,0.0000031
54013,2006-10-05,I,0.1415869,0.0000029
54014,2006-10-06,I,0.1394488,0.0000029
54015,2006-10-07,I,0.1371819,0.0000034
54016,2006-10-08,I,0.1350067,0.0000030
54017,2006-10-09,I,0.1331237,0.0000033
54018,2006-10-10,I,0.1315863,0.0000042
54019,2006-10-11,I,0.1303598,0.0000038
54020,2006-10-12,I,0.1293198,0.0000038
54021,2006-10-13,I,0.1283950,0.0000038
54022,2006-10-14,I,0.1275689,0.0000049
54023,2006-10-15,I,0.1266799,0.0000036
54024,2006-10-16,I,0.1256723,0.0000031
54025,2006-10-17,I,0.1245078,0.0000034
54026,2006-10-18,I,0.1232041,0.0000040
54027,2006-10-19,I,0.1217907,0.0000041
54028,2006-10-20,I,0.1203059,0.0000041
54029,2006-10-21,I,0.1188213,0.0000057
54030,2006-10-22,I,0.1173748,0.0000042
54031,2006-10-23,I,0.1160217,0.0000040
54032,2006-10-24,I,0.1147936,0.0000037
54033,2006-10-25,I,0.1137423,0.0000040
54034,2006-10-26,I,0.1128561,0.0000044
54035,2006-10-27,I,0.1120498,0.0000044
54036,2006-10-28,I,0.1113128,0.0000066
54037,2006-10-29,I,0.1105119,0.0000039
54038,2006-10-30,I,0.1095287,0.0000037
54039,2006-10-31,I,0.1082756,0.0000019
54040,2006-11-01,I,0.1067403,0.0000027
54041,2006-11-02,I,0.1049005,0.0000027
54042,2006-11-03,I,0.1028952,0.0000025
54043,2006-11-04,I,0.1009160,0.0000036
54044,2006-11-05,I,0.0991322,0.0000025
54045,2006-11-06,I,0.0977237,0.0000032
54046,2006-11-07,I,0.0966440,0.0000035
54047,2006-11-08,I,0.0958346,0.0000039
54048,2006-11-09,I,0.0951452,0.0000040
54049,2006-11-10,I,0.0944694,0.0000042
54050,2006-11-11,I,0.0937511,0.0000063
54051,2006-11-12,I,0.0928053,0.0000045
54052,2006-11-13,I,0.0917441,0.0000048
54053,2006-11-14,I,0.0905599,0.0000046
54054,2006-11-15,I,0.0893120,0.0000040
54055,2006-11-16,I,0.0880885,0.0000038
54056,2006-11-17,I,0.0868451,0.0000037
54057,2006-11-18,I,0.0856560,0.0000044
54058,2006-11-19,I,0.0845782,0.0000027
54059,2006-11-20,I,0.0836147,0.0000027
54060,2006-11-21,I,0.0827777,0.0000027
54061,2006-11-22,I,0.0820722,0.0000026
54062,2006-11-23,I,0.0814628,0.0000027
54063,2006-11-24,I,0.0809251,0.0000027
54064,2006-11-25,I,0.0803188,0.0000034
54065,2006-11-26,I,0.0795089,0.0000025
54066,2006-11-27,I,0.0784135,0.0000026
54067,2006-11-28,I,0.0770213,0.0000028
54068,2006-11-29,I,0.0753836,0.0000040
54069,2006-11-30,I,0.0736049,0.0000040
54070,2006-12-01,I,0.0718030,0.0000039
54071,2006-12-02,I,0.0701278,0.0000055
54072,2006-12-03,I,0.0687446,0.0000039
54073,2006-12-04,I,0.0676410,0.0000038
54074,2006-12-05,I,0.0667525,0.0000026
54075,2006-12-06,I,0.0660001,0.0000027
54076,2006-12-07,I,0.0653118,0.0000034
54077,2006-12-08,I,0.0645070,0.0000033
54078,2006-12-09,I,0.0635599,0.0000050
54079,2006-12-10,I,0.0624287,0.0000036
54080,2006-12-11,I,0.0611376,0.0000034
54081,2006-12-12,I,0.0597538,0.0000034
54082,2006-12-13,I,0.0583074,0.0000025
54083,2006-12-14,I,0.0569097,0.0000031
54084,2006-12-15,I,0.0556485,0.0000032
54085,2006-12-16,I,0.0544320,0.0000042
54086,2006-12-17,I,0.0533912,0.0000052
54087,2006-12-18,I,0.0525678,0.0000051
54088,2006-12-19,I,0.0518672,0.0000061
54089,2006-12-20,I,0.0512543,0.0000049
54090,2006-12-21,I,0.0507274,0.0000048
54091,2006-12-22,I,0.0501906,0.0000047
54092,2006-12-23,I,0.0494794,0.0000041
54093,2006-12-24,I,0.0485339,0.0000040
54094,2006-12-25,I,0.0473128,0.0000036
54095,2006-12-26,I,0.0458470,0.0000037
54096,2006-12-27,I,0.0442193,0.0000035
54097,2006-12-28,I,0.0425721,0.0000036
54098,2006-12-29,I,0.0410254,0.0000036
54099,2006-12-30,I,0.0396077,0.0000035
54100,2006-12-31,I,0.0384637,0.0000036
54101,2007-01-01,I,0.0375966,0.0000043
54102,2007-01-02,I,0.0369414,0.0000058
54103,2007-01-03,I,0.0364027,0.0000039
54104,2007-01-04,I,0.0358582,0.0000041
54105,2007-01-05,I,0.0352623,0.0000045
54106,2007-01-06,I,0.0344638,0.0000054
54107,2007-01-07,I,0.0334739,0.0000083
54108,2007-01-08,I,0.0323324,0.0000048
54109,2007-01-09,I,0.0310659,0.0000056
54110,2007-01-10,I,0.0297155,0.0000058
54111,2007-01-11,I,0.0283476,0.0000058
54112,2007-01-12,I,0.0270789,0.0000055
54113,2007-01-13,I,0.0258594,0.0000046
54114,2007-01-14,I,0.0247709,0.0000053
54115,2007-01-15,I,0.0238413,0.0000051
54116,2007-01-16,I,0.0230268,0.0000036
54117,2007-01-17,I,0.0221999,0.0000033
54118,2007-01-18,I,0.0213993,0.0000031
54119,2007-01-19,I,0.0204626,0.0000032
54120,2007-01-20,I,0.0192233,0.0000049
54121,2007-01-21,I,0.0176790,0.0000032
54122,2007-01-22,I,0.0158602,0.0000030
54123,2007-01-23,I,0.0138192,0.0000027
54124,2007-01-24,I,0.0116764,0.0000024
54125,2007-01-25,I,0.0096191,0.0000023
54126,2007-01-26,I,0.0077913,0.0000026
54127,2007-01-27,I,0.0062075,0.0000031
54128,2007-01-28,I,0.0048994,0.0000033
54129,2007-01-29,I,0.0038184,0.0000041
54130,2007-01-30,I,0.0028299,0.0000070
54131,2007-01-31,I,0.0018325,0.0000055
54132,2007-02-01,I,0.0007362,0.0000053
54133,2007-02-02,I,-0.0005201,0.0000050
54134,2007-02-03,I,-0.0019589,0.0000053
54135,2007-02-04,I,-0.0035391,0.0000030
54136,2007-02-05,I,-0.0052080,0.0000032
54137,2007-02-06,I,-0.0069220,0.0000026
54138,2007-02-07,I,-0.0086066,0.0000024
54139,2007-02-08,I,-0.0102163,0.0000027
54140,2007-02-09,I,-0.0116614,0.0000027
54141,2007-02-10,I,-0.0129331,0.0000043
54142,2007-02-11,I,-0.0140499,0.0000045
54143,2007-02-12,I,-0.0150040,0.0000045
54144,2007-02-13,I,-0.0158061,0.0000055
54145,2007-02-14,I,-0.0165468,0.0000056
54146,2007-02-15,I,-0.0172886,0.0000057
54147,2007-02-16,I,-0.0181243,0.0000061
54148,2007-02-17,I,-0.0191337,0.0000075
54149,2007-02-18,I,-0.0203665,0.0000078
54150,2007-02-19,I,-0.0218756,0.0000068
54151,2007-02-20,I,-0.0234719,0.0000080
54152,2007-02-21,I,-0.0250016,0.0000055
54153,2007-02-22,I,-0.0262915,0.0000049
54154,2007-02-23,I,-0.0272747,0.0000042
54155,2007-02-24,I,-0.0280325,0.0000042
54156,2007-02-25,I,-0.0285756,0.0000038
54157,2007-02-26,I,-0.0290170,0.0000038
54158,2007-02-27,I,-0.0294377,0.0000043
54159,2007-02-28,I,-0.0299252,0.0000035
54160,2007-03-01,I,-0.0305358,0.0000035
54161,2007-03-02,I,-0.0313021,0.0000029
54162,2007-03-03,I,-0.0322546,0.0000033
54163,2007-03-04,I,-0.0333426,0.0000022
54164,2007-03-05,I,-0.0345401,0.0000024
54165,2007-03-06,I,-0.0357775,0.0000029
54166,2007-03-07,I,-0.0369806,0.0000029
54167,2007-03-08,I,-0.0381604,0.0000028
54168,2007-03-09,I,-0.0392287,0.0000036
54169,2007-03-10,I,-0.0401227,0.0000072
54170,2007-03-11,I,-0.0408601,0.0000039
54171,2007-03-12,I,-0.0414710,0.0000037
54172,2007-03-13,I,-0.0420227,0.0000039
54173,2007-03-14,I,-0.0425989,0.0000036
54174,2007-03-15,I,-0.0432801,0.0000028
54175,2007-03-16,I,-0.0442119,0.0000029
54176,2007-03-17,I,-0.0455336,0.0000050
54177,2007-03-18,I,-0.0472700,0.0000029
54178,2007-03-19,I,-0.0492653,0.0000028
54179,2007-03-20,I,-0.0513664,0.0000031
54180,2007-03-21,I,-0.0533998,0.0000027
54181,2007-03-22,I,-0.0551204,0.0000028
54182,2007-03-23,I,-0.0564152,0.0000023
54183,2007-03-24,I,-0.0573549,0.0000039
54184,2007-03-25,I,-0.0581136,0.0000025
54185,2007-03-26,I,-0.0588164,0.0000022
54186,2007-03-27,I,-0.0595433,0.0000023
54187,2007-03-28,I,-0.0603980,0.0000020
54188,2007-03-29,I,-0.0614503,0.0000021
54189,2007-03-30,I,-0.0626531,0.0000022
54190,2007-03-31,I,-0.0639692,0.0000034
54191,2007-04-01,I,-0.0653713,0.0000027
54192,2007-04-02,I,-0.0668895,0.0000028
54193,2007-04-03,I,-0.0684467,0.0000029
54194,2007-04-04,I,-0.0699735,0.0000028
54195,2007-04-05,I,-0.0714227,0.0000027
54196,2007-04-06,I,-0.0727718,0.0000024
54197,2007-04-07,I,-0.0740254,0.0000036
54198,2007-04-08,I,-0.0752528,0.0000034
54199,2007-04-09,I,-0.0764542,0.0000022
54200,2007-04-10,I,-0.0776424,0.0000027
54201,2007-04-11,I,-0.0788935,0.0000024
54202,2007-04-12,I,-0.0802701,0.0000024
54203,2007-04-13,I,-0.0818486,0.0000024
54204,2007-04-14,I,-0.0837498,0.0000024
54205,2007-04-15,I,-0.0858846,0.0000037
54206,2007-04-16,I,-0.0881668,0.0000023
54207,2007-04-17,I,-0.0904205,0.0000027
54208,2007-04-18,I,-0.0924261,0.0000035
54209,2007-04-19,I,-0.0940647,0.0000035
54210,2007-04-20,I,-0.0953119,0.0000037
54211,2007-04-21,I,-0.0962523,0.0000042
54212,2007-04-22,I,-0.0970589,0.0000035
54213,2007-04-23,I,-0.0978874,0.0000036
54214,2007-04-24,I,-0.0988054,0.0000036
54215,2007-04-25,I,-0.0998247,0.0000035
54216,2007-04-26,I,-0.1010047,0.0000033
54217,2007-04-27,I,-0.1023246,0.0000028
54218,2007-04-28,I,-0.1037702,0.0000055
54219,2007-04-29,I,-0.1052528,0.0000050
54220,2007-04-30,I,-0.1067029,0.0000057
54221,2007-05-01,I,-0.1080645,0.0000074
54222,2007-05-02,I,-0.1092932,0.0000052
54223,2007-05-03,I,-0.1103915,0.0000051
54224,2007-05-04,I,-0.1113384,0.0000052
54225,2007-05-05,I,-0.1121618,0.0000051
54226,2007-05-06,I,-0.1128767,0.0000032
54227,2007-05-07,I,-0.1135195,0.0000022
54228,2007-05-08,I,-0.1142181,0.0000022
54229,2007-05-09,I,-0.1151328,0.0000034
54230,2007-05-10,I,-0.1163178,0.0000035
54231,2007-05-11,I,-0.1178205,0.0000034
54232,2007-05-12,I,-0.1196679,0.0000059
54233,2007-05-13,I,-0.1218147,0.0000034
54234,2007-05-14,I,-0.1240264,0.0000034
54235,2007-05-15,I,-0.1260998,0.0000032
54236,2007-05-16,I,-0.1278501,0.0000029
54237,2007-05-17,I,-0.1292208,0.0000041
54238,2007-05-18,I,-0.1303198,0.0000040
54239,2007-05-19,I,-0.1312294,0.0000081
54240,2007-05-20,I,-0.1321018,0.0000052
54241,2007-05-21,I,-0.1330305,0.0000055
54242,2007-05-22,I,-0.1339470,0.0000066
54243,2007-05-23,I,-0.1349255,0.0000054
54244,2007-05-24,I,-0.1360483,0.0000054
54245,2007-05-25,I,-0.1373306,0.0000040
54246,2007-05-26,I,-0.1386344,0.0000086
54247,2007-05-27,I,-0.1398765,0.0000062
54248,2007-05-28,I,-0.1410123,0.0000032
54249,2007-05-29,I,-0.1420000,0.0000035
54250,2007-05-30,I,-0.1428218,0.0000037
54251,2007-05-31,I,-0.1434728,0.0000041
54252,2007-06-01,I,-0.1439403,0.0000042
54253,2007-06-02,I,-0.1442162,0.0000043
54254,2007-06-03,I,-0.1443772,0.0000040
54255,2007-06-04,I,-0.1445635,0.0000040
54256,2007-06-05,I,-0.1449290,0.0000040
54257,2007-06-06,I,-0.1455156,0.0000031
54258,2007-06-07,I,-0.1462873,0.0000032
54259,2007-06-08,I,-0.1472454,0.0000035
54260,2007-06-09,I,-0.1483210,0.0000063
54261,2007-06-10,I,-0.1494508,0.0000060
54262,2007-06-11,I,-0.1505489,0.0000060
54263,2007-06-12,I,-0.1514586,0.0000074
54264,2007-06-13,I,-0.1520530,0.0000069
54265,2007-06-14,I,-0.1523285,0.0000067
54266,2007-06-15,I,-0.1523672,0.0000066
54267,2007-06-16,I,-0.1522976,0.0000086
54268,2007-06-17,I,-0.1523038,0.0000069
54269,2007-06-18,I,-0.1524927,0.0000060
54270,2007-06-19,I,-0.1528665,0.0000062
54271,2007-06-20,I,-0.1534259,0.0000061
54272,2007-06-21,I,-0.1541307,0.0000064
54273,2007-06-22,I,-0.1548830,0.0000065
54274,2007-06-23,I,-0.1555914,0.0000085
54275,2007-06-24,I,-0.1562105,0.0000060
54276,2007-06-25,I,-0.1567277,0.0000060
54277,2007-06-26,I,-0.1570984,0.0000059
54278,2007-06-27,I,-0.1573298,0.0000057
54279,2007-06-28,I,-0.1574245,0.0000060
54280,2007-06-29,I,-0.1574159,0.0000056
54281,2007-06-30,I,-0.1573773,0.0000086
54282,2007-07-01,I,-0.1573366,0.0000060
54283,2007-07-02,I,-0.1574206,0.0000060
54284,2007-07-03,I,-0.1577341,0.0000059
54285,2007-07-04,I,-0.1583003,0.0000059
54286,2007-07-05,I,-0.1590684,0.0000057
54287,2007-07-06,I,-0.1599805,0.0000052
54288,2007-07-07,I,-0.1609384,0.0000108
54289,2007-07-08,I,-0.1618187,0.0000056
54290,2007-07-09,I,-0.1624532,0.0000058
54291,2007-07-10,I,-0.1627757,0.0000050
54292,2007-07-11,I,-0.1628569,0.0000054
54293,2007-07-12,I,-0.1627189,0.0000054
54294,2007-07-13,I,-0.1624711,0.0000045
54295,2007-07-14,I,-0.1621739,0.0000073
54296,2007-07-15,I,-0.1619959,0.0000040
54297,2007-07-16,I,-0.1619895,0.0000040
54298,2007-07-17,I,-0.1621563,0.0000030
54299,2007-07-18,I,-0.1624805,0.0000030
54300,2007-07-19,I,-0.1628822,0.0000029
54301,2007-07-20,I,-0.1632619,0.0000029
54302,2007-07-21,I,-0.1635550,0.0000068
54303,2007-07-22,I,-0.1637231,0.0000053
54304,2007-07-23,I,-0.1637131,0.0000052
54305,2007-07-24,I,-0.1635122,0.0000063
54306,2007-07-25,I,-0.1631264,0.0000050
54307,2007-07-26,I,-0.1625716,0.0000052
54308,2007-07-27,I,-0.1619507,0.0000040
54309,2007-07-28,I,-0.1613552,0.0000049
54310,2007-07-29,I,-0.1609255,0.0000037
54311,2007-07-30,I,-0.1607387,0.0000036
54312,2007-07-31,I,-0.1608236,0.0000045
54313,2007-08-01,I,-0.1611881,0.0000039
54314,2007-08-02,I,-0.1618138,0.0000047
54315,2007-08-03,I,-0.1626073,0.0000047
54316,2007-08-04,I,-0.1633628,0.0000065
54317,2007-08-05,I,-0.1639595,0.0000054
54318,2007-08-06,I,-0.1643038,0.0000056
54319,2007-08-07,I,-0.1643512,0.0000066
54320,2007-08-08,I,-0.1641383,0.0000044
54321,2007-08-09,I,-0.1637508,0.0000044
54322,2007-08-10,I,-0.1632878,0.0000043
54323,2007-08-11,I,-0.1629055,0.0000052
54324,2007-08-12,I,-0.1627268,0.0000037
54325,2007-08-13,I,-0.1627462,0.0000034
54326,2007-08-14,I,-0.1628922,0.0000053
54327,2007-08-15,I,-0.1631324,0.0000053
54328,2007-08-16,I,-0.1634081,0.0000052
54329,2007-08-17,I,-0.1636393,0.0000046
54330,2007-08-18,I,-0.1638565,0.0000074
54331,2007-08-19,I,-0.1639926,0.0000041
54332,2007-08-20,I,-0.1640014,0.0000037
54333,2007-08-21,I,-0.1638526,0.0000036
54334,2007-08-22,I,-0.1635452,0.0000033
54335,2007-08-23,I,-0.1631149,0.0000037
54336,2007-08-24,I,-0.1626115,0.0000036
54337,2007-08-25,I,-0.1621729,0.0000068
54338,2007-08-26,I,-0.1619021,0.0000043
54339,2007-08-27,I,-0.1618994,0.0000039
54340,2007-08-28,I,-0.1622055,0.0000048
54341,2007-08-29,I,-0.1628426,0.0000040
54342,2007-08-30,I,-0.1637113,0.0000039
54343,2007-08-31,I,-0.1646890,0.0000033
54344,2007-09-01,I,-0.1656400,0.0000047
54345,2007-09-02,I,-0.1663977,0.0000063
54346,2007-09-03,I,-0.1668870,0.0000029
54347,2007-09-04,I,-0.1671203,0.0000030
54348,2007-09-05,I,-0.1671837,0.0000032
54349,2007-09-06,I,-0.1672262,0.0000037
54350,2007-09-07,I,-0.1673525,0.0000037
54351,2007-09-08,I,-0.1676457,0.0000034
54352,2007-09-09,I,-0.1681500,0.0000044
54353,2007-09-10,I,-0.1688687,0.0000048
54354,2007-09-11,I,-0.1696978,0.0000053
54355,2007-09-12,I,-0.1705927,0.0000041
54356,2007-09-13,I,-0.1715547,0.0000041
54357,2007-09-14,I,-0.1724516,0.0000039
54358,2007-09-15,I,-0.1732301,0.0000051
54359,2007-09-16,I,-0.1738645,0.0000032
54360,2007-09-17,I,-0.1743479,0.0000029
54361,2007-09-18,I,-0.1747108,0.0000031
54362,2007-09-19,I,-0.1749608,0.0000034
54363,2007-09-20,I,-0.1751775,0.0000036
54364,2007-09-21,I,-0.1754780,0.0000035
54365,2007-09-22,I,-0.1759346,0.0000049
54366,2007-09-23,I,-0.1765990,0.0000050
54367,2007-09-24,I,-0.1775465,0.0000050
54368,2007-09-25,I,-0.1787912,0.0000061
54369,2007-09-26,I,-0.1803951,0.0000055
54370,2007-09-27,I,-0.1821194,0.0000057
54371,2007-09-28,I,-0.1837513,0.0000056
54372,2007-09-29,I,-0.1851709,0.0000062
54373,2007-09-30,I,-0.1863000,0.0000040
54374,2007-10-01,I,-0.1871307,0.0000036
54375,2007-10-02,I,-0.1877154,0.0000035
54376,2007-10-03,I,-0.1882226,0.0000042
54377,2007-10-04,I,-0.1887562,0.0000042
54378,2007-10-05,I,-0.1893708,0.0000043
54379,2007-10-06,I,-0.1900862,0.0000082
54380,2007-10-07,I,-0.1909486,0.0000083
54381,2007-10-08,I,-0.1919326,0.0000048
54382,2007-10-09,I,-0.1929784,0.0000045
54383,2007-10-10,I,-0.1940585,0.0000040
54384,2007-10-11,I,-0.1951579,0.0000038
54385,2007-10-12,I,-0.1961614,0.0000037
54386,2007-10-13,I,-0.1970240,0.0000038
54387,2007-10-14,I,-0.1977025,0.0000042
54388,2007-10-15,I,-0.1982226,0.0000028
54389,2007-10-16,I,-0.1986487,0.0000044
54390,2007-10-17,I,-0.1990321,0.0000046
54391,2007-10-18,I,-0.1994807,0.0000049
54392,2007-10-19,I,-0.2000363,0.0000051
54393,2007-10-20,I,-0.2007521,0.0000054
54394,2007-10-21,I,-0.2016807,0.0000053
54395,2007-10-22,I,-0.2028284,0.0000045
54396,2007-10-23,I,-0.2042182,0.0000044
54397,2007-10-24,I,-0.2058379,0.0000036
54398,2007-10-25,I,-0.2075304,0.0000033
54399,2007-10-26,I,-0.2090621,0.0000026
54400,2007-10-27,I,-0.2102517,0.0000037
54401,2007-10-28,I,-0.2110800,0.0000025
54402,2007-10-29,I,-0.2116624,0.0000029
54403,2007-10-30,I,-0.2121553,0.0000031
54404,2007-10-31,I,-0.2126427,0.0000034
54405,2007-11-01,I,-0.2131998,0.0000037
54406,2007-11-02,I,-0.2138860,0.0000042
54407,2007-11-03,I,-0.2147359,0.0000078
54408,2007-11-04,I,-0.2157221,0.0000048
54409,2007-11-05,I,-0.2167438,0.0000051
54410,2007-11-06,I,-0.2177889,0.0000052
54411,2007-11-07,I,-0.2188419,0.0000046
54412,2007-11-08,I,-0.2198909,0.0000042
54413,2007-11-09,I,-0.2208385,0.0000039
54414,2007-11-10,I,-0.2215991,0.0000059
54415,2007-11-11,I,-0.2221723,0.0000041
54416,2007-11-12,I,-0.2225862,0.0000034
54417,2007-11-13,I,-0.2229088,0.0000039
54418,2007-11-14,I,-0.2232552,0.0000031
54419,2007-11-15,I,-0.2237181,0.0000035
54420,2007-11-16,I,-0.2244383,0.0000035
54421,2007-11-17,I,-0.2254288,0.0000041
54422,2007-11-18,I,-0.2266985,0.0000030
54423,2007-11-19,I,-0.2282772,0.0000043
54424,2007-11-20,I,-0.2301145,0.0000049
54425,2007-11-21,I,-0.2320951,0.0000047
54426,2007-11-22,I,-0.2340954,0.0000047
54427,2007-11-23,I,-0.2359377,0.0000046
54428,2007-11-24,I,-0.2375048,0.0000070
54429,2007-11-25,I,-0.2387638,0.0000017
54430,2007-11-26,I,-0.2397770,0.0000017
54431,2007-11-27,I,-0.2406843,0.0000017
54432,2007-11-28,I,-0.2416439,0.0000026
54433,2007-11-29,I,-0.2427516,0.0000026
54434,2007-11-30,I,-0.2440595,0.0000025
54435,2007-12-01,I,-0.2455547,0.0000050
54436,2007-12-02,I,-0.2471345,0.0000032
54437,2007-12-03,I,-0.2487391,0.0000032
54438,2007-12-04,I,-0.2502523,0.0000026
54439,2007-12-05,I,-0.2515877,0.0000030
54440,2007-12-06,I,-0.2526718,0.0000030
54441,2007-12-07,I,-0.2535059,0.0000026
54442,2007-12-08,I,-0.2540880,0.0000041
54443,2007-12-09,I,-0.2544462,0.0000029
54444,2007-12-10,I,-0.2546547,0.0000031
54445,2007-12-11,I,-0.2548093,0.0000030
54446,2007-12-12,I,-0.2550337,0.0000029
54447,2007-12-13,I,-0.2553910,0.0000029
54448,2007-12-14,I,-0.2559077,0.0000028
54449,2007-12-15,I,-0.2566382,0.0000059
54450,2007-12-16,I,-0.2576246,0.0000036
54451,2007-12-17,I,-0.2588329,0.0000035
54452,2007-12-18,I,-0.2601553,0.0000039
54453,2007-12-19,I,-0.2614654,0.0000038
54454,2007-12-20,I,-0.2627308,0.0000039
54455,2007-12-21,I,-0.2638328,0.0000030
54456,2007-12-22,I,-0.2646138,0.0000051
54457,2007-12-23,I,-0.2651672,0.0000048
54458,2007-12-24,I,-0.2656413,0.0000041
54459,2007-12-25,I,-0.2661582,0.0000018
54460,2007-12-26,I,-0.2668056,0.0000042
54461,2007-12-27,I,-0.2676248,0.0000047
54462,2007-12-28,I,-0.2686198,0.0000048
54463,2007-12-29,I,-0.2697583,0.0000048
54464,2007-12-30,I,-0.2710235,0.0000048
54465,2007-12-31,I,-0.2722454,0.0000116
54466,2008-01-01,I,-0.2733487,0.0000037
54467,2008-01-02,I,-0.2743246,0.0000030
54468,2008-01-03,I,-0.2751923,0.0000029
54469,2008-01-04,I,-0.2759541,0.0000029
54470,2008-01-05,I,-0.2766112,0.0000032
54471,2008-01-06,I,-0.2772046,0.0000025
54472,2008-01-07,I,-0.2777443,0.0000029
54473,2008-01-08,I,-0.2782602,0.0000033
54474,2008-01-09,I,-0.2788466,0.0000045
54475,2008-01-10,I,-0.2795717,0.0000044
54476,2008-01-11,I,-0.2804593,0.0000041
54477,2008-01-12,I,-0.2815502,0.0000095
54478,2008-01-13,I,-0.2828270,0.0000067
54479,2008-01-14,I,-0.2842063,0.0000067
54480,2008-01-15,I,-0.2855919,0.0000049
54481,2008-01-16,I,-0.2869096,0.0000046
54482,2008-01-17,I,-0.2880006,0.0000055
54483,2008-01-18,I,-0.2887946,0.0000055
54484,2008-01-19,I,-0.2893557,0.0000060
54485,2008-01-20,I,-0.2897838,0.0000060
54486,2008-01-21,I,-0.2902138,0.0000048
54487,2008-01-22,I,-0.2908058,0.0000051
54488,2008-01-23,I,-0.2916448,0.0000030
54489,2008-01-24,I,-0.2927578,0.0000029
54490,2008-01-25,I,-0.2940911,0.0000029
54491,2008-01-26,I,-0.2955900,0.0000029
54492,2008-01-27,I,-0.2971245,0.0000024
54493,2008-01-28,I,-0.2986041,0.0000022
54494,2008-01-29,I,-0.2999616,0.0000022
54495,2008-01-30,I,-0.3011086,0.0000019
54496,2008-01-31,I,-0.3020201,0.0000023
54497,2008-02-01,I,-0.3027520,0.0000026
54498,2008-02-02,I,-0.3033916,0.0000046
54499,2008-02-03,I,-0.3039696,0.0000035
54500,2008-02-04,I,-0.3045304,0.0000035
54501,2008-02-05,I,-0.3052051,0.0000045
54502,2008-02-06,I,-0.3060687,0.0000034
54503,2008-02-07,I,-0.3071474,0.0000033
54504,2008-02-08,I,-0.3084659,0.0000031
54505,2008-02-09,I,-0.3099733,0.0000040
54506,2008-02-10,I,-0.3115686,0.0000037
54507,2008-02-11,I,-0.3132294,0.0000036
54508,2008-02-12,I,-0.3148210,0.0000054
54509,2008-02-13,I,-0.3161747,0.0000032
54510,2008-02-14,I,-0.3173231,0.0000028
54511,2008-02-15,I,-0.3182327,0.0000026
54512,2008-02-16,I,-0.3189186,0.0000027
54513,2008-02-17,I,-0.3194775,0.0000026
54514,2008-02-18,I,-0.3200785,0.0000025
54515,2008-02-19,I,-0.3208770,0.0000030
54516,2008-02-20,I,-0.3219252,0.0000024
54517,2008-02-21,I,-0.3231568,0.0000024
54518,2008-02-22,I,-0.3244960,0.0000024
54519,2008-02-23,I,-0.3258381,0.0000025
54520,2008-02-24,I,-0.3271121,0.0000021
54521,2008-02-25,I,-0.3282865,0.0000024
54522,2008-02-26,I,-0.3292819,0.0000025
54523,2008-02-27,I,-0.3300575,0.0000022
54524,2008-02-28,I,-0.3306086,0.0000023
54525,2008-02-29,I,-0.3309683,0.0000024
54526,2008-03-01,I,-0.3312012,0.0000046
54527,2008-03-02,I,-0.3314358,0.0000025
54528,2008-03-03,I,-0.3317821,0.0000025
54529,2008-03-04,I,-0.3322401,0.0000027
54530,2008-03-05,I,-0.3329681,0.0000029
54531,2008-03-06,I,-0.3339902,0.0000030
54532,2008-03-07,I,-0.3352683,0.0000025
54533,2008-03-08,I,-0.3367549,0.0000045
54534,2008-03-09,I,-0.3383351,0.0000049
54535,2008-03-10,I,-0.3398101,0.0000040
54536,2008-03-11,I,-0.3410830,0.0000043
54537,2008-03-12,I,-0.3420846,0.0000036
54538,2008-03-13,I,-0.3428122,0.0000037
54539,2008-03-14,I,-0.3433331,0.0000039
54540,2008-03-15,I,-0.3437704,0.0000042
54541,2008-03-16,I,-0.3442772,0.0000033
54542,2008-03-17,I,-0.3449369,0.0000033
54543,2008-03-18,I,-0.3458107,0.0000037
54544,2008-03-19,I,-0.3469636,0.0000037
54545,2008-03-20,I,-0.3483000,0.0000034
54546,2008-03-21,I,-0.3497181,0.0000029
54547,2008-03-22,I,-0.3512150,0.0000054
54548,2008-03-23,I,-0.3526664,0.0000048
54549,2008-03-24,I,-0.3540362,0.0000020
54550,2008-03-25,I,-0.3552761,0.0000023
54551,2008-03-26,I,-0.3563422,0.0000027
54552,2008-03-27,I,-0.3572263,0.0000027
54553,2008-03-28,I,-0.3579623,0.0000027
54554,2008-03-29,I,-0.3585988,0.0000029
54555,2008-03-30,I,-0.3592544,0.0000036
54556,2008-03-31,I,-0.3600236,0.0000036
54557,2008-04-01,I,-0.3609916,0.0000041
54558,2008-04-02,I,-0.3621785,0.0000043
54559,2008-04-03,I,-0.3636364,0.0000043
54560,2008-04-04,I,-0.3652822,0.0000040
54561,2008-04-05,I,-0.3671200,0.0000054
54562,2008-04-06,I,-0.3690451,0.0000049
54563,2008-04-07,I,-0.3708038,0.0000049
54564,2008-04-08,I,-0.3722121,0.0000048
54565,2008-04-09,I,-0.3732783,0.0000048
54566,2008-04-10,I,-0.3740450,0.0000047
54567,2008-04-11,I,-0.3746282,0.0000046
54568,2008-04-12,I,-0.3751680,0.0000042
54569,2008-04-13,I,-0.3757750,0.0000028
54570,2008-04-14,I,-0.3765804,0.0000027
54571,2008-04-15,I,-0.3776493,0.0000021
54572,2008-04-16,I,-0.3789112,0.0000023
54573,2008-04-17,I,-0.3802534,0.0000023
54574,2008-04-18,I,-0.3816095,0.0000023
54575,2008-04-19,I,-0.3829337,0.0000054
54576,2008-04-20,I,-0.3841666,0.0000054
54577,2008-04-21,I,-0.3852347,0.0000055
54578,2008-04-22,I,-0.3861557,0.0000081
54579,2008-04-23,I,-0.3869274,0.0000059
54580,2008-04-24,I,-0.3875950,0.0000058
54581,2008-04-25,I,-0.3881989,0.0000048
54582,2008-04-26,I,-0.3887692,0.0000050
54583,2008-04-27,I,-0.3893942,0.0000035
54584,2008-04-28,I,-0.3901987,0.0000035
54585,2008-04-29,I,-0.3912154,0.0000033
54586,2008-04-30,I,-0.3925115,0.0000034
54587,2008-05-01,I,-0.3940768,0.0000033
54588,2008-05-02,I,-0.3957801,0.0000032
54589,2008-05-03,I,-0.3976139,0.0000050
54590,2008-05-04,I,-0.3994632,0.0000042
54591,2008-05-05,I,-0.4011471,0.0000039
54592,2008-05-06,I,-0.4025710,0.0000045
54593,2008-05-07,I,-0.4036620,0.0000051
54594,2008-05-08,I,-0.4045560,0.0000054
54595,2008-05-09,I,-0.4054143,0.0000054
54596,2008-05-10,I,-0.4063530,0.0000063
54597,2008-05-11,I,-0.4074787,0.0000040
54598,2008-05-12,I,-0.4088775,0.0000037
54599,2008-05-13,I,-0.4104669,0.0000034
54600,2008-05-14,I,-0.4121390,0.0000042
54601,2008-05-15,I,-0.4138108,0.0000041
54602,2008-05-16,I,-0.4154074,0.0000042
54603,2008-05-17,I,-0.4168283,0.0000063
54604,2008-05-18,I,-0.4180126,0.0000061
54605,2008-05-19,I,-0.4190159,0.0000070
54606,2008-05-20,I,-0.4198097,0.0000106
54607,2008-05-21,I,-0.4203632,0.0000058
54608,2008-05-22,I,-0.4207380,0.0000057
54609,2008-05-23,I,-0.4210295,0.0000054
54610,2008-05-24,I,-0.4213254,0.0000059
54611,2008-05-25,I,-0.4217205,0.0000051
54612,2008-05-26,I,-0.4222936,0.0000047
54613,2008-05-27,I,-0.4230707,0.0000073
54614,2008-05-28,I,-0.4240223,0.0000070
54615,2008-05-29,I,-0.4251295,0.0000069
54616,2008-05-30,I,-0.4263505,0.0000063
54617,2008-05-31,I,-0.4275942,0.0000074
54618,2008-06-01,I,-0.4287280,0.0000042
54619,2008-06-02,I,-0.4296730,0.0000040
54620,2008-06-03,I,-0.4303320,0.0000040
54621,2008-06-04,I,-0.4307670,0.0000036
54622,2008-06-05,I,-0.4310902,0.0000039
54623,2008-06-06,I,-0.4314399,0.0000035
54624,2008-06-07,I,-0.4319020,0.0000052
54625,2008-06-08,I,-0.4325288,0.0000042
54626,2008-06-09,I,-0.4333150,0.0000035
54627,2008-06-10,I,-0.4342579,0.0000038
54628,2008-06-11,I,-0.4352663,0.0000032
54629,2008-06-12,I,-0.4361835,0.0000029
54630,2008-06-13,I,-0.4369308,0.0000027
54631,2008-06-14,I,-0.4374919,0.0000029
54632,2008-06-15,I,-0.4378213,0.0000024
54633,2008-06-16,I,-0.4379886,0.0000022
54634,2008-06-17,I,-0.4380601,0.0000025
54635,2008-06-18,I,-0.4380263,0.0000025
54636,2008-06-19,I,-0.4379508,0.0000027
54637,2008-06-20,I,-0.4379019,0.0000026
54638,2008-06-21,I,-0.4379087,0.0000044
54639,2008-06-22,I,-0.4380958,0.0000040
54640,2008-06-23,I,-0.4385196,0.0000037
54641,2008-06-24,I,-0.4391943,0.0000055
54642,2008-06-25,I,-0.4400628,0.0000040
54643,2008-06-26,I,-0.4410332,0.0000047
54644,2008-06-27,I,-0.4420623,0.0000044
54645,2008-06-28,I,-0.4429814,0.0000050
54646,2008-06-29,I,-0.4437703,0.0000036
54647,2008-06-30,I,-0.4443796,0.0000036
54648,2008-07-01,I,-0.4447505,0.0000046
54649,2008-07-02,I,-0.4449365,0.0000040
54650,2008-07-03,I,-0.4450798,0.0000042
54651,2008-07-04,I,-0.4453557,0.0000041
54652,2008-07-05,I,-0.4458260,0.0000093
54653,2008-07-06,I,-0.4464665,0.0000047
54654,2008-07-07,I,-0.4472457,0.0000042
54655,2008-07-08,I,-0.4480625,0.0000055
54656,2008-07-09,I,-0.4487466,0.0000055
54657,2008-07-10,I,-0.4493235,0.0000054
54658,2008-07-11,I,-0.4497275,0.0000054
54659,2008-07-12,I,-0.4498679,0.0000072
54660,2008-07-13,I,-0.4497806,0.0000049
54661,2008-07-14,I,-0.4495377,0.0000044
54662,2008-07-15,I,-0.4491848,0.0000040
54663,2008-07-16,I,-0.4487718,0.0000038
54664,2008-07-17,I,-0.4484031,0.0000038
54665,2008-07-18,I,-0.4481609,0.0000037
54666,2008-07-19,I,-0.4480668,0.0000062
54667,2008-07-20,I,-0.4481945,0.0000055
54668,2008-07-21,I,-0.4486120,0.0000055
54669,2008-07-22,I,-0.4492268,0.0000064
54670,2008-07-23,I,-0.4499465,0.0000052
54671,2008-07-24,I,-0.4507169,0.0000051
54672,2008-07-25,I,-0.4514691,0.0000043
54673,2008-07-26,I,-0.4521011,0.0000030
54674,2008-07-27,I,-0.4525161,0.0000041
54675,2008-07-28,I,-0.4527138,0.0000040
54676,2008-07-29,I,-0.4527693,0.0000046
54677,2008-07-30,I,-0.4527343,0.0000050
54678,2008-07-31,I,-0.4527922,0.0000050
54679,2008-08-01,I,-0.4530091,0.0000051
54680,2008-08-02,I,-0.4534390,0.0000076
54681,2008-08-03,I,-0.4540511,0.0000052
54682,2008-08-04,I,-0.4548394,0.0000052
54683,2008-08-05,I,-0.4556265,0.0000052
54684,2008-08-06,I,-0.4562919,0.0000062
54685,2008-08-07,I,-0.4568038,0.0000066
54686,2008-08-08,I,-0.4571358,0.0000064
54687,2008-08-09,I,-0.4572793,0.0000093
54688,2008-08-10,I,-0.4572728,0.0000060
54689,2008-08-11,I,-0.4571428,0.0000055
54690,2008-08-12,I,-0.4569308,0.0000042
54691,2008-08-13,I,-0.4567183,0.0000040
54692,2008-08-14,I,-0.4565975,0.0000039
54693,2008-08-15,I,-0.4566119,0.0000041
54694,2008-08-16,I,-0.4568004,0.0000041
54695,2008-08-17,I,-0.4571473,0.0000039
54696,2008-08-18,I,-0.4577121,0.0000042
54697,2008-08-19,I,-0.4584618,0.0000039
54698,2008-08-20,I,-0.4593217,0.0000043
54699,2008-08-21,I,-0.4601349,0.0000045
54700,2008-08-22,I,-0.4607799,0.0000045
54701,2008-08-23,I,-0.4612450,0.0000046
54702,2008-08-24,I,-0.4614906,0.0000045
54703,2008-08-25,I,-0.4615794,0.0000049
54704,2008-08-26,I,-0.4616352,0.0000047
54705,2008-08-27,I,-0.4617661,0.0000042
54706,2008-08-28,I,-0.4620553,0.0000047
54707,2008-08-29,I,-0.4625399,0.0000050
54708,2008-08-30,I,-0.4633152,0.0000064
54709,2008-08-31,I,-0.4642801,0.0000080
54710,2008-09-01,I,-0.4653375,0.0000045
54711,2008-09-02,I,-0.4663928,0.0000040
54712,2008-09-03,I,-0.4672797,0.0000046
54713,2008-09-04,I,-0.4679589,0.0000047
54714,2008-09-05,I,-0.4684798,0.0000047
54715,2008-09-06,I,-0.4687813,0.0000045
54716,2008-09-07,I,-0.4689610,0.0000048
54717,2008-09-08,I,-0.4690819,0.0000058
54718,2008-09-09,I,-0.4692015,0.0000049
54719,2008-09-10,I,-0.4694463,0.0000036
54720,2008-09-11,I,-0.4698483,0.0000034
54721,2008-09-12,I,-0.4704784,0.0000029
54722,2008-09-13,I,-0.4714086,0.0000036
54723,2008-09-14,I,-0.4726317,0.0000030
54724,2008-09-15,I,-0.4740946,0.0000029
54725,2008-09-16,I,-0.4757093,0.0000038
54726,2008-09-17,I,-0.4773286,0.0000033
54727,2008-09-18,I,-0.4787992,0.0000035
54728,2008-09-19,I,-0.4800210,0.0000035
54729,2008-09-20,I,-0.4809865,0.0000052
54730,2008-09-21,I,-0.4816851,0.0000051
54731,2008-09-22,I,-0.4822619,0.0000052
54732,2008-09-23,I,-0.4828561,0.0000063
54733,2008-09-24,I,-0.4835035,0.0000056
54734,2008-09-25,I,-0.4843018,0.0000056
54735,2008-09-26,I,-0.4853648,0.0000052
54736,2008-09-27,I,-0.4866135,0.0000060
54737,2008-09-28,I,-0.4879836,0.0000041
54738,2008-09-29,I,-0.4894192,0.0000041
54739,2008-09-30,I,-0.4907835,0.0000040
54740,2008-10-01,I,-0.4919928,0.0000038
54741,2008-10-02,I,-0.4929921,0.0000036
54742,2008-10-03,I,-0.4937449,0.0000034
54743,2008-10-04,I,-0.4942848,0.0000046
54744,2008-10-05,I,-0.4946776,0.0000043
54745,2008-10-06,I,-0.4950251,0.0000046
54746,2008-10-07,I,-0.4953584,0.0000055
54747,2008-10-08,I,-0.4958358,0.0000052
54748,2008-10-09,I,-0.4965102,0.0000052
54749,2008-10-10,I,-0.4974134,0.0000048
54750,2008-10-11,I,-0.4985488,0.0000072
54751,2008-10-12,I,-0.4999116,0.0000068
54752,2008-10-13,I,-0.5014348,0.0000051
54753,2008-10-14,I,-0.5030326,0.0000062
54754,2008-10-15,I,-0.5045348,0.0000064
54755,2008-10-16,I,-0.5059233,0.0000065
54756,2008-10-17,I,-0.5071357,0.0000055
54757,2008-10-18,I,-0.5081548,0.0000054
54758,2008-10-19,I,-0.5090541,0.0000044
54759,2008-10-20,I,-0.5100264,0.0000040
54760,2008-10-21,I,-0.5111122,0.0000036
54761,2008-10-22,I,-0.5123276,0.0000039
54762,2008-10-23,I,-0.5137295,0.0000038
54763,2008-10-24,I,-0.5153218,0.0000038
54764,2008-10-25,I,-0.5169776,0.0000063
54765,2008-10-26,I,-0.5186202,0.0000048
54766,2008-10-27,I,-0.5202121,0.0000041
54767,2008-10-28,I,-0.5216963,0.0000038
54768,2008-10-29,I,-0.5229987,0.0000040
54769,2008-10-30,I,-0.5240711,0.0000039
54770,2008-10-31,I,-0.5249506,0.0000036
54771,2008-11-01,I,-0.5256966,0.0000046
54772,2008-11-02,I,-0.5263089,0.0000048
54773,2008-11-03,I,-0.5269267,0.0000045
54774,2008-11-04,I,-0.5275908,0.0000046
54775,2008-11-05,I,-0.5283016,0.0000046
54776,2008-11-06,I,-0.5291431,0.0000047
54777,2008-11-07,I,-0.5301816,0.0000049
54778,2008-11-08,I,-0.5314301,0.0000050
54779,2008-11-09,I,-0.5328820,0.0000045
54780,2008-11-10,I,-0.5345047,0.0000045
54781,2008-11-11,I,-0.5361795,0.0000045
54782,2008-11-12,I,-0.5377971,0.0000046
54783,2008-11-13,I,-0.5391942,0.0000047
54784,2008-11-14,I,-0.5403097,0.0000045
54785,2008-11-15,I,-0.5411691,0.0000053
54786,2008-11-16,I,-0.5419239,0.0000063
54787,2008-11-17,I,-0.5427698,0.0000063
54788,2008-11-18,I,-0.5438561,0.0000079
54789,2008-11-19,I,-0.5452686,0.0000064
54790,2008-11-20,I,-0.5469323,0.0000065
54791,2008-11-21,I,-0.5487621,0.0000065
54792,2008-11-22,I,-0.5506431,0.0000055
54793,2008-11-23,I,-0.5524701,0.0000044
54794,2008-11-24,I,-0.5541669,0.0000050
54795,2008-11-25,I,-0.5557042,0.0000049
54796,2008-11-26,I,-0.5570702,0.0000049
54797,2008-11-27,I,-0.5583143,0.0000049
54798,2008-11-28,I,-0.5593880,0.0000050
54799,2008-11-29,I,-0.5603332,0.0000072
54800,2008-11-30,I,-0.5612014,0.0000038
54801,2008-12-01,I,-0.5620920,0.0000037
54802,2008-12-02,I,-0.5630643,0.0000038
54803,2008-12-03,I,-0.5641177,0.0000041
54804,2008-12-04,I,-0.5652902,0.0000042
54805,2008-12-05,I,-0.5666473,0.0000042
54806,2008-12-06,I,-0.5681873,0.0000057
54807,2008-12-07,I,-0.5698301,0.0000065
54808,2008-12-08,I,-0.5715190,0.0000047
54809,2008-12-09,I,-0.5731210,0.0000045
54810,2008-12-10,I,-0.5744942,0.0000042
54811,2008-12-11,I,-0.5756138,0.0000042
54812,2008-12-12,I,-0.5764868,0.0000041
54813,2008-12-13,I,-0.5771552,0.0000046
54814,2008-12-14,I,-0.5778624,0.0000048
54815,2008-12-15,I,-0.5787611,0.0000051
54816,2008-12-16,I,-0.5799185,0.0000055
54817,2008-12-17,I,-0.5812507,0.0000051
54818,2008-12-18,I,-0.5826679,0.0000051
54819,2008-12-19,I,-0.5841241,0.0000046
54820,2008-12-20,I,-0.5855142,0.0000056
54821,2008-12-21,I,-0.5867361,0.0000041
54822,2008-12-22,I,-0.5877529,0.0000039
54823,2008-12-23,I,-0.5885829,0.0000041
54824,2008-12-24,I,-0.5892121,0.0000041
54825,2008-12-25,I,-0.5896202,0.0000044
54826,2008-12-26,I,-0.5898703,0.0000043
54827,2008-12-27,I,-0.5900625,0.0000122
54828,2008-12-28,I,-0.5903168,0.0000044
54829,2008-12-29,I,-0.5906664,0.0000046
54830,2008-12-30,I,-0.5911498,0.0000046
54831,2008-12-31,I,-0.5918692,0.0000043
54832,2009-01-01,I,0.4071638,0.0000042
54833,2009-01-02,I,0.4059839,0.0000039
54834,2009-01-03,I,0.4046780,0.0000080
54835,2009-01-04,I,0.4033522,0.0000039
54836,2009-01-05,I,0.4020741,0.0000045
54837,2009-01-06,I,0.4009105,0.0000045
54838,2009-01-07,I,0.3999456,0.0000045
54839,2009-01-08,I,0.3992267,0.0000045
54840,2009-01-09,I,0.3986887,0.0000043
54841,2009-01-10,I,0.3981312,0.0000059
54842,2009-01-11,I,0.3974573,0.0000063
54843,2009-01-12,I,0.3965104,0.0000062
54844,2009-01-13,I,0.3952828,0.0000076
54845,2009-01-14,I,0.3938521,0.0000062
54846,2009-01-15,I,0.3923430,0.0000062
54847,2009-01-16,I,0.3908897,0.0000061
54848,2009-01-17,I,0.3896172,0.0000039
54849,2009-01-18,I,0.3885536,0.0000056
54850,2009-01-19,I,0.3877636,0.0000050
54851,2009-01-20,I,0.3872518,0.0000055
54852,2009-01-21,I,0.3869740,0.0000055
54853,2009-01-22,I,0.3868424,0.0000056
54854,2009-01-23,I,0.3867870,0.0000056
54855,2009-01-24,I,0.3867405,0.0000053
54856,2009-01-25,I,0.3866180,0.0000064
54857,2009-01-26,I,0.3863294,0.0000067
54858,2009-01-27,I,0.3858698,0.0000099
54859,2009-01-28,I,0.3851985,0.0000081
54860,2009-01-29,I,0.3843680,0.0000085
54861,2009-01-30,I,0.3834340,0.0000081
54862,2009-01-31,I,0.3824508,0.0000090
54863,2009-02-01,I,0.3815386,0.0000081
54864,2009-02-02,I,0.3807110,0.0000081
54865,2009-02-03,I,0.3800428,0.0000089
54866,2009-02-04,I,0.3795104,0.0000068
54867,2009-02-05,I,0.3790747,0.0000067
54868,2009-02-06,I,0.3786300,0.0000061
54869,2009-02-07,I,0.3780910,0.0000053
54870,2009-02-08,I,0.3773302,0.0000048
54871,2009-02-09,I,0.3763064,0.0000046
54872,2009-02-10,I,0.3750224,0.0000053
54873,2009-02-11,I,0.3735904,0.0000054
54874,2009-02-12,I,0.3721556,0.0000057
54875,2009-02-13,I,0.3708836,0.0000058
54876,2009-02-14,I,0.3699233,0.0000070
54877,2009-02-15,I,0.3692112,0.0000070
54878,2009-02-16,I,0.3686782,0.0000057
54879,2009-02-17,I,0.3683044,0.0000058
54880,2009-02-18,I,0.3680654,0.0000051
54881,2009-02-19,I,0.3679182,0.0000051
54882,2009-02-20,I,0.3677752,0.0000051
54883,2009-02-21,I,0.3675990,0.0000050
54884,2009-02-22,I,0.3673346,0.0000061
54885,2009-02-23,I,0.3668617,0.0000055
54886,2009-02-24,I,0.3661446,0.0000060
54887,2009-02-25,I,0.3652133,0.0000045
54888,2009-02-26,I,0.3640914,0.0000046
54889,2009-02-27,I,0.3628361,0.0000046
54890,2009-02-28,I,0.3615594,0.0000046
54891,2009-03-01,I,0.3603305,0.0000051
54892,2009-03-02,I,0.3591963,0.0000059
54893,2009-03-03,I,0.3581938,0.0000063
54894,2009-03-04,I,0.3573063,0.0000060
54895,2009-03-05,I,0.3565404,0.0000062
54896,2009-03-06,I,0.3557802,0.0000061
54897,2009-03-07,I,0.3548776,0.0000100
54898,2009-03-08,I,0.3537698,0.0000084
54899,2009-03-09,I,0.3523894,0.0000055
54900,2009-03-10,I,0.3507589,0.0000054
54901,2009-03-11,I,0.3490158,0.0000041
54902,2009-03-12,I,0.3472866,0.0000039
54903,2009-03-13,I,0.3457012,0.0000025
54904,2009-03-14,I,0.3443332,0.0000030
54905,2009-03-15,I,0.3431967,0.0000031
54906,2009-03-16,I,0.3422766,0.0000031
54907,2009-03-17,I,0.3415421,0.0000035
54908,2009-03-18,I,0.3409269,0.0000031
54909,2009-03-19,I,0.3403477,0.0000030
54910,2009-03-20,I,0.3397094,0.0000028
54911,2009-03-21,I,0.3389330,0.0000037
54912,2009-03-22,I,0.3379222,0.0000033
54913,2009-03-23,I,0.3366767,0.0000033
54914,2009-03-24,I,0.3352230,0.0000038
54915,2009-03-25,I,0.3336195,0.0000034
54916,2009-03-26,I,0.3319592,0.0000033
54917,2009-03-27,I,0.3302986,0.0000028
54918,2009-03-28,I,0.3287224,0.0000041
54919,2009-03-29,I,0.3273451,0.0000030
54920,2009-03-30,I,0.3262132,0.0000030
54921,2009-03-31,I,0.3252924,0.0000034
54922,2009-04-01,I,0.3244964,0.0000035
54923,2009-04-02,I,0.3237088,0.0000036
54924,2009-04-03,I,0.3228337,0.0000032
54925,2009-04-04,I,0.3218122,0.0000048
54926,2009-04-05,I,0.3206140,0.0000045
54927,2009-04-06,I,0.3191685,0.0000044
54928,2009-04-07,I,0.3174956,0.0000045
54929,2009-04-08,I,0.3157168,0.0000044
54930,2009-04-09,I,0.3139813,0.0000043
54931,2009-04-10,I,0.3124073,0.0000042
54932,2009-04-11,I,0.3110229,0.0000045
54933,2009-04-12,I,0.3098608,0.0000046
54934,2009-04-13,I,0.3089327,0.0000028
54935,2009-04-14,I,0.3081661,0.0000031
54936,2009-04-15,I,0.3074379,0.0000034
54937,2009-04-16,I,0.3066535,0.0000033
54938,2009-04-17,I,0.3057521,0.0000033
54939,2009-04-18,I,0.3047280,0.0000035
54940,2009-04-19,I,0.3035474,0.0000042
54941,2009-04-20,I,0.3021794,0.0000035
54942,2009-04-21,I,0.3005907,0.0000034
54943,2009-04-22,I,0.2988310,0.0000040
54944,2009-04-23,I,0.2970129,0.0000042
54945,2009-04-24,I,0.2952567,0.0000040
54946,2009-04-25,I,0.2936485,0.0000044
54947,2009-04-26,I,0.2922298,0.0000064
54948,2009-04-27,I,0.2910235,0.0000064
54949,2009-04-28,I,0.2899716,0.0000050
54950,2009-04-29,I,0.2889698,0.0000047
54951,2009-04-30,I,0.2879032,0.0000047
54952,2009-05-01,I,0.2866992,0.0000045
54953,2009-05-02,I,0.2852964,0.0000035
54954,2009-05-03,I,0.2836850,0.0000036
54955,2009-05-04,I,0.2819259,0.0000051
54956,2009-05-05,I,0.2801345,0.0000030
54957,2009-05-06,I,0.2784317,0.0000031
54958,2009-05-07,I,0.2769010,0.0000035
54959,2009-05-08,I,0.2756458,0.0000035
54960,2009-05-09,I,0.2746759,0.0000038
54961,2009-05-10,I,0.2739222,0.0000038
54962,2009-05-11,I,0.2733129,0.0000046
54963,2009-05-12,I,0.2727733,0.0000043
54964,2009-05-13,I,0.2722396,0.0000035
54965,2009-05-14,I,0.2716517,0.0000035
54966,2009-05-15,I,0.2709424,0.0000034
54967,2009-05-16,I,0.2700901,0.0000039
54968,2009-05-17,I,0.2691068,0.0000032
54969,2009-05-18,I,0.2679896,0.0000031
54970,2009-05-19,I,0.2666999,0.0000037
54971,2009-05-20,I,0.2652618,0.0000039
54972,2009-05-21,I,0.2637775,0.0000040
54973,2009-05-22,I,0.2623763,0.0000035
54974,2009-05-23,I,0.2611715,0.0000058
54975,2009-05-24,I,0.2601438,0.0000065
54976,2009-05-25,I,0.2592765,0.0000058
54977,2009-05-26,I,0.2585250,0.0000065
54978,2009-05-27,I,0.2577849,0.0000059
54979,2009-05-28,I,0.2569352,0.0000059
54980,2009-05-29,I,0.2558863,0.0000060
54981,2009-05-30,I,0.2546074,0.0000056
54982,2009-05-31,I,0.2531661,0.0000068
54983,2009-06-01,I,0.2517090,0.0000057
54984,2009-06-02,I,0.2503554,0.0000059
54985,2009-06-03,I,0.2491618,0.0000057
54986,2009-06-04,I,0.2481821,0.0000055
54987,2009-06-05,I,0.2474231,0.0000057
54988,2009-06-06,I,0.2468948,0.0000054
54989,2009-06-07,I,0.2465104,0.0000041
54990,2009-06-08,I,0.2462312,0.0000041
54991,2009-06-09,I,0.2459743,0.0000035
54992,2009-06-10,I,0.2456650,0.0000036
54993,2009-06-11,I,0.2452496,0.0000036
54994,2009-06-12,I,0.2446667,0.0000036
54995,2009-06-13,I,0.2439277,0.0000043
54996,2009-06-14,I,0.2430796,0.0000044
54997,2009-06-15,I,0.2421545,0.0000059
54998,2009-06-16,I,0.2411614,0.0000056
54999,2009-06-17,I,0.2401249,0.0000050
55000,2009-06-18,I,0.2391618,0.0000050
55001,2009-06-19,I,0.2383535,0.0000049
55002,2009-06-20,I,0.2377416,0.0000069
55003,2009-06-21,I,0.2373492,0.0000070
55004,2009-06-22,I,0.2371310,0.0000070
55005,2009-06-23,I,0.2370015,0.0000086
55006,2009-06-24,I,0.2368248,0.0000073
55007,2009-06-25,I,0.2365362,0.0000073
55008,2009-06-26,I,0.2360414,0.0000066
55009,2009-06-27,I,0.2353703,0.0000057
55010,2009-06-28,I,0.2346282,0.0000047
55011,2009-06-29,I,0.2339304,0.0000054
55012,2009-06-30,I,0.2333927,0.0000052
55013,2009-07-01,I,0.2330890,0.0000053
55014,2009-07-02,I,0.2330259,0.0000049
55015,2009-07-03,I,0.2331616,0.0000048
55016,2009-07-04,I,0.2334258,0.0000062
55017,2009-07-05,I,0.2337924,0.0000039
55018,2009-07-06,I,0.2342165,0.0000045
55019,2009-07-07,I,0.2346239,0.0000052
55020,2009-07-08,I,0.2349612,0.0000053
55021,2009-07-09,I,0.2351490,0.0000054
55022,2009-07-10,I,0.2351971,0.0000050
55023,2009-07-11,I,0.2351196,0.0000069
55024,2009-07-12,I,0.2348913,0.0000054
55025,2009-07-13,I,0.2345908,0.0000048
55026,2009-07-14,I,0.2342881,0.0000046
55027,2009-07-15,I,0.2340001,0.0000043
55028,2009-07-16,I,0.2338029,0.0000042
55029,2009-07-17,I,0.2337458,0.0000041
55030,2009-07-18,I,0.2338058,0.0000055
55031,2009-07-19,I,0.2339479,0.0000052
55032,2009-07-20,I,0.2341004,0.0000033
55033,2009-07-21,I,0.2341796,0.0000050
55034,2009-07-22,I,0.2341003,0.0000050
55035,2009-07-23,I,0.2338189,0.0000049
55036,2009-07-24,I,0.2332889,0.0000047
55037,2009-07-25,I,0.2325804,0.0000055
55038,2009-07-26,I,0.2318139,0.0000080
55039,2009-07-27,I,0.2311110,0.0000066
55040,2009-07-28,I,0.2305564,0.0000051
55041,2009-07-29,I,0.2302513,0.0000048
55042,2009-07-30,I,0.2301777,0.0000052
55043,2009-07-31,I,0.2303110,0.0000051
55044,2009-08-01,I,0.2305895,0.0000054
55045,2009-08-02,I,0.2309348,0.0000048
55046,2009-08-03,I,0.2312188,0.0000062
55047,2009-08-04,I,0.2313959,0.0000080
55048,2009-08-05,I,0.2314794,0.0000055
55049,2009-08-06,I,0.2313842,0.0000051
55050,2009-08-07,I,0.2310598,0.0000047
55051,2009-08-08,I,0.2306036,0.0000053
55052,2009-08-09,I,0.2300233,0.0000043
55053,2009-08-10,I,0.2293560,0.0000040
55054,2009-08-11,I,0.2287061,0.0000057
55055,2009-08-12,I,0.2281630,0.0000033
55056,2009-08-13,I,0.2277853,0.0000034
55057,2009-08-14,I,0.2276013,0.0000042
55058,2009-08-15,I,0.2276029,0.0000055
55059,2009-08-16,I,0.2276759,0.0000048
55060,2009-08-17,I,0.2277326,0.0000047
55061,2009-08-18,I,0.2276306,0.0000066
55062,2009-08-19,I,0.2272438,0.0000059
55063,2009-08-20,I,0.2265811,0.0000053
55064,2009-08-21,I,0.2256824,0.0000055
55065,2009-08-22,I,0.2246746,0.0000078
55066,2009-08-23,I,0.2237272,0.0000075
55067,2009-08-24,I,0.2229120,0.0000070
55068,2009-08-25,I,0.2223091,0.0000081
55069,2009-08-26,I,0.2219434,0.0000083
55070,2009-08-27,I,0.2217470,0.0000087
55071,2009-08-28,I,0.2216431,0.0000091
55072,2009-08-29,I,0.2215710,0.0000148
55073,2009-08-30,I,0.2215045,0.0000068
55074,2009-08-31,I,0.2213869,0.0000067
55075,2009-09-01,I,0.2211670,0.0000065
55076,2009-09-02,I,0.2207904,0.0000052
55077,2009-09-03,I,0.2202321,0.0000052
55078,2009-09-04,I,0.2195012,0.0000051
55079,2009-09-05,I,0.2186289,0.0000052
55080,2009-09-06,I,0.2176721,0.0000051
55081,2009-09-07,I,0.2167292,0.0000047
55082,2009-09-08,I,0.2158682,0.0000051
55083,2009-09-09,I,0.2151630,0.0000047
55084,2009-09-10,I,0.2146539,0.0000047
55085,2009-09-11,I,0.2142969,0.0000047
55086,2009-09-12,I,0.2140350,0.0000048
55087,2009-09-13,I,0.2137395,0.0000036
55088,2009-09-14,I,0.2133151,0.0000037
55089,2009-09-15,I,0.2126885,0.0000039
55090,2009-09-16,I,0.2118194,0.0000039
55091,2009-09-17,I,0.2106744,0.0000041
55092,2009-09-18,I,0.2093311,0.0000044
55093,2009-09-19,I,0.2079858,0.0000074
55094,2009-09-20,I,0.2067089,0.0000062
55095,2009-09-21,I,0.2056216,0.0000062
55096,2009-09-22,I,0.2048271,0.0000074
55097,2009-09-23,I,0.2043018,0.0000049
55098,2009-09-24,I,0.2039199,0.0000050
55099,2009-09-25,I,0.2036174,0.0000055
55100,2009-09-26,I,0.2033359,0.0000063
55101,2009-09-27,I,0.2030560,0.0000045
55102,2009-09-28,I,0.2026932,0.0000042
55103,2009-09-29,I,0.2021040,0.0000048
55104,2009-09-30,I,0.2012420,0.0000045
55105,2009-10-01,I,0.2001353,0.0000041
55106,2009-10-02,I,0.1988940,0.0000039
55107,2009-10-03,I,0.1976013,0.0000068
55108,2009-10-04,I,0.1962694,0.0000059
55109,2009-10-05,I,0.1949983,0.0000063
55110,2009-10-06,I,0.1939051,0.0000062
55111,2009-10-07,I,0.1929757,0.0000047
55112,2009-10-08,I,0.1922218,0.0000048
55113,2009-10-09,I,0.1915935,0.0000050
55114,2009-10-10,I,0.1910059,0.0000053
55115,2009-10-11,I,0.1903848,0.0000050
55116,2009-10-12,I,0.1896720,0.0000042
55117,2009-10-13,I,0.1887316,0.0000060
55118,2009-10-14,I,0.1875469,0.0000041
55119,2009-10-15,I,0.1861733,0.0000036
55120,2009-10-16,I,0.1846849,0.0000038
55121,2009-10-17,I,0.1832026,0.0000037
55122,2009-10-18,I,0.1818784,0.0000048
55123,2009-10-19,I,0.1807756,0.0000041
55124,2009-10-20,I,0.1798975,0.0000078
55125,2009-10-21,I,0.1791977,0.0000052
55126,2009-10-22,I,0.1785993,0.0000046
55127,2009-10-23,I,0.1780274,0.0000049
55128,2009-10-24,I,0.1775061,0.0000050
55129,2009-10-25,I,0.1769450,0.0000037
55130,2009-10-26,I,0.1762240,0.0000036
55131,2009-10-27,I,0.1753358,0.0000039
55132,2009-10-28,I,0.1742790,0.0000036
55133,2009-10-29,I,0.1731010,0.0000044
55134,2009-10-30,I,0.1718527,0.0000044
55135,2009-10-31,I,0.1705827,0.0000063
55136,2009-11-01,I,0.1693267,0.0000045
55137,2009-11-02,I,0.1682037,0.0000045
55138,2009-11-03,I,0.1672210,0.0000055
55139,2009-11-04,I,0.1663999,0.0000034
55140,2009-11-05,I,0.1656982,0.0000036
55141,2009-11-06,I,0.1650303,0.0000042
55142,2009-11-07,I,0.1643645,0.0000062
55143,2009-11-08,I,0.1636083,0.0000065
55144,2009-11-09,I,0.1627181,0.0000065
55145,2009-11-10,I,0.1616846,0.0000091
55146,2009-11-11,I,0.1604613,0.0000079
55147,2009-11-12,I,0.1591338,0.0000079
55148,2009-11-13,I,0.1578132,0.0000075
55149,2009-11-14,I,0.1566610,0.0000081
55150,2009-11-15,I,0.1557155,0.0000050
55151,2009-11-16,I,0.1549638,0.0000057
55152,2009-11-17,I,0.1544033,0.0000052
55153,2009-11-18,I,0.1539462,0.0000049
55154,2009-11-19,I,0.1535580,0.0000046
55155,2009-11-20,I,0.1532202,0.0000050
55156,2009-11-21,I,0.1527877,0.0000072
55157,2009-11-22,I,0.1521636,0.0000050
55158,2009-11-23,I,0.1513143,0.0000057
55159,2009-11-24,I,0.1502950,0.0000053
55160,2009-11-25,I,0.1491607,0.0000052
55161,2009-11-26,I,0.1479131,0.0000058
55162,2009-11-27,I,0.1465720,0.0000067
55163,2009-11-28,I,0.1452184,0.0000112
55164,2009-11-29,I,0.1439564,0.0000062
55165,2009-11-30,I,0.1428458,0.0000062
55166,2009-12-01,I,0.1419510,0.0000058
55167,2009-12-02,I,0.1412438,0.0000052
55168,2009-12-03,I,0.1406106,0.0000054
55169,2009-12-04,I,0.1399617,0.0000062
55170,2009-12-05,I,0.1391796,0.0000086
55171,2009-12-06,I,0.1382485,0.0000054
55172,2009-12-07,I,0.1371190,0.0000058
55173,2009-12-08,I,0.1358371,0.0000059
55174,2009-12-09,I,0.1344085,0.0000045
55175,2009-12-10,I,0.1330130,0.0000047
55176,2009-12-11,I,0.1317667,0.0000050
55177,2009-12-12,I,0.1307371,0.0000077
55178,2009-12-13,I,0.1299079,0.0000053
55179,2009-12-14,I,0.1292060,0.0000052
55180,2009-12-15,I,0.1286051,0.0000060
55181,2009-12-16,I,0.1280323,0.0000049
55182,2009-12-17,I,0.1274299,0.0000043
55183,2009-12-18,I,0.1267693,0.0000041
55184,2009-12-19,I,0.1260159,0.0000070
55185,2009-12-20,I,0.1251234,0.0000049
55186,2009-12-21,I,0.1240707,0.0000051
55187,2009-12-22,I,0.1228495,0.0000051
55188,2009-12-23,I,0.1215400,0.0000050
55189,2009-12-24,I,0.1201994,0.0000050
55190,2009-12-25,I,0.1189558,0.0000046
55191,2009-12-26,I,0.1178071,0.0000066
55192,2009-12-27,I,0.1167809,0.0000049
55193,2009-12-28,I,0.1159300,0.0000047
55194,2009-12-29,I,0.1152943,0.0000047
55195,2009-12-30,I,0.1148704,0.0000048
55196,2009-12-31,I,0.1145137,0.0000050
55197,2010-01-01,I,0.1140783,0.0000054
55198,2010-01-02,I,0.1134454,0.0000110
55199,2010-01-03,I,0.1125259,0.0000039
55200,2010-01-04,I,0.1113713,0.0000041
55201,2010-01-05,I,0.1100183,0.0000041
55202,2010-01-06,I,0.1086245,0.0000038
55203,2010-01-07,I,0.1073468,0.0000044
55204,2010-01-08,I,0.1062598,0.0000039
55205,2010-01-09,I,0.1053984,0.0000068
55206,2010-01-10,I,0.1048153,0.0000048
55207,2010-01-11,I,0.1044188,0.0000048
55208,2010-01-12,I,0.1041377,0.0000049
55209,2010-01-13,I,0.1038803,0.0000034
55210,2010-01-14,I,0.1036455,0.0000034
55211,2010-01-15,I,0.1033269,0.0000047
55212,2010-01-16,I,0.1028570,0.0000058
55213,2010-01-17,I,0.1022150,0.0000058
55214,2010-01-18,I,0.1013681,0.0000049
55215,2010-01-19,I,0.1004121,0.0000062
55216,2010-01-20,I,0.0994218,0.0000055
55217,2010-01-21,I,0.0984222,0.0000047
55218,2010-01-22,I,0.0973980,0.0000049
55219,2010-01-23,I,0.0964122,0.0000050
55220,2010-01-24,I,0.0955129,0.0000061
55221,2010-01-25,I,0.0947260,0.0000062
55222,2010-01-26,I,0.0940895,0.0000073
55223,2010-01-27,I,0.0935376,0.0000059
55224,2010-01-28,I,0.0929297,0.0000059
55225,2010-01-29,I,0.0921034,0.0000068
55226,2010-01-30,I,0.0910058,0.0000075
55227,2010-01-31,I,0.0895969,0.0000040
55228,2010-02-01,I,0.0878657,0.0000044
55229,2010-02-02,I,0.0859807,0.0000045
55230,2010-02-03,I,0.0841237,0.0000043
55231,2010-02-04,I,0.0824237,0.0000032
55232,2010-02-05,I,0.0810036,0.0000029
55233,2010-02-06,I,0.0798511,0.0000070
55234,2010-02-07,I,0.0789140,0.0000022
55235,2010-02-08,I,0.0781619,0.0000022
55236,2010-02-09,I,0.0775395,0.0000020
55237,2010-02-10,I,0.0769876,0.0000023
55238,2010-02-11,I,0.0763870,0.0000025
55239,2010-02-12,I,0.0756531,0.0000023
55240,2010-02-13,I,0.0747570,0.0000044
55241,2010-02-14,I,0.0736753,0.0000048
55242,2010-02-15,I,0.0724293,0.0000042
55243,2010-02-16,I,0.0710437,0.0000044
55244,2010-02-17,I,0.0695816,0.0000037
55245,2010-02-18,I,0.0680586,0.0000037
55246,2010-02-19,I,0.0665789,0.0000038
55247,2010-02-20,I,0.0651974,0.0000037
55248,2010-02-21,I,0.0639494,0.0000026
55249,2010-02-22,I,0.0628269,0.0000022
55250,2010-02-23,I,0.0618181,0.0000031
55251,2010-02-24,I,0.0608641,0.0000030
55252,2010-02-25,I,0.0597845,0.0000032
55253,2010-02-26,I,0.0584662,0.0000032
55254,2010-02-27,I,0.0568980,0.0000066
55255,2010-02-28,I,0.0550378,0.0000053
55256,2010-03-01,I,0.0529884,0.0000049
55257,2010-03-02,I,0.0509242,0.0000052
55258,2010-03-03,I,0.0490461,0.0000059
55259,2010-03-04,I,0.0473946,0.0000070
55260,2010-03-05,I,0.0460197,0.0000075
55261,2010-03-06,I,0.0449323,0.0000125
55262,2010-03-07,I,0.0440250,0.0000068
55263,2010-03-08,I,0.0432650,0.0000074
55264,2010-03-09,I,0.0424633,0.0000073
55265,2010-03-10,I,0.0415440,0.0000059
55266,2010-03-11,I,0.0406058,0.0000054
55267,2010-03-12,I,0.0395956,0.0000051
55268,2010-03-13,I,0.0384795,0.0000077
55269,2010-03-14,I,0.0373822,0.0000061
55270,2010-03-15,I,0.0362561,0.0000061
55271,2010-03-16,I,0.0350533,0.0000073
55272,2010-03-17,I,0.0338216,0.0000066
55273,2010-03-18,I,0.0325925,0.0000067
55274,2010-03-19,I,0.0314904,0.0000057
55275,2010-03-20,I,0.0305709,0.0000073
55276,2010-03-21,I,0.0298113,0.0000035
55277,2010-03-22,I,0.0292025,0.0000031
55278,2010-03-23,I,0.0286592,0.0000028
55279,2010-03-24,I,0.0280651,0.0000031
55280,2010-03-25,I,0.0272792,0.0000030
55281,2010-03-26,I,0.0261417,0.0000029
55282,2010-03-27,I,0.0246671,0.0000041
55283,2010-03-28,I,0.0229478,0.0000038
55284,2010-03-29,I,0.0210345,0.0000041
55285,2010-03-30,I,0.0190545,0.0000047
55286,2010-03-31,I,0.0172228,0.0000048
55287,2010-04-01,I,0.0157287,0.0000049
55288,2010-04-02,I,0.0145646,0.0000049
55289,2010-04-03,I,0.0136485,0.0000072
55290,2010-04-04,I,0.0128581,0.0000060
55291,2010-04-05,I,0.0120699,0.0000030
55292,2010-04-06,I,0.0112035,0.0000028
55293,2010-04-07,I,0.0102362,0.0000025
55294,2010-04-08,I,0.0091373,0.0000023
55295,2010-04-09,I,0.0078750,0.0000025
55296,2010-04-10,I,0.0065104,0.0000028
55297,2010-04-11,I,0.0050587,0.0000044
55298,2010-04-12,I,0.0035160,0.0000048
55299,2010-04-13,I,0.0019593,0.0000066
55300,2010-04-14,I,0.0003977,0.0000075
55301,2010-04-15,I,-0.0010948,0.0000079
55302,2010-04-16,I,-0.0024650,0.0000080
55303,2010-04-17,I,-0.0036737,0.0000088
55304,2010-04-18,I,-0.0047732,0.0000071
55305,2010-04-19,I,-0.0058036,0.0000071
55306,2010-04-20,I,-0.0068473,0.0000064
55307,2010-04-21,I,-0.0080007,0.0000052
55308,2010-04-22,I,-0.0093746,0.0000049
55309,2010-04-23,I,-0.0109721,0.0000053
55310,2010-04-24,I,-0.0127370,0.0000070
55311,2010-04-25,I,-0.0146146,0.0000055
55312,2010-04-26,I,-0.0164828,0.0000055
55313,2010-04-27,I,-0.0182937,0.0000063
55314,2010-04-28,I,-0.0199293,0.0000051
55315,2010-04-29,I,-0.0212773,0.0000049
55316,2010-04-30,I,-0.0223424,0.0000039
55317,2010-05-01,I,-0.0231627,0.0000054
55318,2010-05-02,I,-0.0238145,0.0000035
55319,2010-05-03,I,-0.0243844,0.0000032
55320,2010-05-04,I,-0.0249123,0.0000037
55321,2010-05-05,I,-0.0254707,0.0000034
55322,2010-05-06,I,-0.0261002,0.0000032
55323,2010-05-07,I,-0.0268309,0.0000027
55324,2010-05-08,I,-0.0277086,0.0000055
55325,2010-05-09,I,-0.0287534,0.0000046
55326,2010-05-10,I,-0.0299219,0.0000046
55327,2010-05-11,I,-0.0311440,0.0000049
55328,2010-05-12,I,-0.0323336,0.0000047
55329,2010-05-13,I,-0.0333959,0.0000051
55330,2010-05-14,I,-0.0342881,0.0000045
55331,2010-05-15,I,-0.0349997,0.0000056
55332,2010-05-16,I,-0.0356503,0.0000044
55333,2010-05-17,I,-0.0363467,0.0000048
55334,2010-05-18,I,-0.0371575,0.0000055
55335,2010-05-19,I,-0.0382165,0.0000046
55336,2010-05-20,I,-0.0395151,0.0000045
55337,2010-05-21,I,-0.0410167,0.0000045
55338,2010-05-22,I,-0.0426724,0.0000060
55339,2010-05-23,I,-0.0443621,0.0000064
55340,2010-05-24,I,-0.0459129,0.0000045
55341,2010-05-25,I,-0.0472264,0.0000053
55342,2010-05-26,I,-0.0482667,0.0000045
55343,2010-05-27,I,-0.0490912,0.0000045
55344,2010-05-28,I,-0.0497983,0.0000045
55345,2010-05-29,I,-0.0503434,0.0000038
55346,2010-05-30,I,-0.0507442,0.0000051
55347,2010-05-31,I,-0.0511222,0.0000044
55348,2010-06-01,I,-0.0515846,0.0000050
55349,2010-06-02,I,-0.0521615,0.0000044
55350,2010-06-03,I,-0.0528302,0.0000045
55351,2010-06-04,I,-0.0535728,0.0000046
55352,2010-06-05,I,-0.0543140,0.0000050
55353,2010-06-06,I,-0.0550229,0.0000048
55354,2010-06-07,I,-0.0556829,0.0000049
55355,2010-06-08,I,-0.0562189,0.0000060
55356,2010-06-09,I,-0.0566620,0.0000043
55357,2010-06-10,I,-0.0569711,0.0000044
55358,2010-06-11,I,-0.0571637,0.0000037
55359,2010-06-12,I,-0.0572449,0.0000046
55360,2010-06-13,I,-0.0572951,0.0000038
55361,2010-06-14,I,-0.0573947,0.0000037
55362,2010-06-15,I,-0.0575990,0.0000045
55363,2010-06-16,I,-0.0579501,0.0000046
55364,2010-06-17,I,-0.0584543,0.0000046
55365,2010-06-18,I,-0.0590887,0.0000045
55366,2010-06-19,I,-0.0597400,0.0000075
55367,2010-06-20,I,-0.0601981,0.0000063
55368,2010-06-21,I,-0.0604096,0.0000061
55369,2010-06-22,I,-0.0604055,0.0000063
55370,2010-06-23,I,-0.0601505,0.0000066
55371,2010-06-24,I,-0.0597020,0.0000067
55372,2010-06-25,I,-0.0591297,0.0000065
55373,2010-06-26,I,-0.0585156,0.0000073
55374,2010-06-27,I,-0.0579343,0.0000070
55375,2010-06-28,I,-0.0574436,0.0000082
55376,2010-06-29,I,-0.0571041,0.0000080
55377,2010-06-30,I,-0.0569155,0.0000073
55378,2010-07-01,I,-0.0568549,0.0000074
55379,2010-07-02,I,-0.0568310,0.0000075
55380,2010-07-03,I,-0.0568704,0.0000095
55381,2010-07-04,I,-0.0569063,0.0000067
55382,2010-07-05,I,-0.0568509,0.0000051
55383,2010-07-06,I,-0.0566688,0.0000064
55384,2010-07-07,I,-0.0563313,0.0000044
55385,2010-07-08,I,-0.0558206,0.0000040
55386,2010-07-09,I,-0.0552222,0.0000052
55387,2010-07-10,I,-0.0546055,0.0000057
55388,2010-07-11,I,-0.0540657,0.0000060
55389,2010-07-12,I,-0.0536709,0.0000059
55390,2010-07-13,I,-0.0534821,0.0000070
55391,2010-07-14,I,-0.0535439,0.0000069
55392,2010-07-15,I,-0.0537651,0.0000065
55393,2010-07-16,I,-0.0540685,0.0000067
55394,2010-07-17,I,-0.0543890,0.0000138
55395,2010-07-18,I,-0.0545765,0.0000116
55396,2010-07-19,I,-0.0546280,0.0000114
55397,2010-07-20,I,-0.0544292,0.0000134
55398,2010-07-21,I,-0.0540123,0.0000110
55399,2010-07-22,I,-0.0533767,0.0000108
55400,2010-07-23,I,-0.0526032,0.0000093
55401,2010-07-24,I,-0.0518769,0.0000106
55402,2010-07-25,I,-0.0511681,0.0000079
55403,2010-07-26,I,-0.0505881,0.0000079
55404,2010-07-27,I,-0.0501943,0.0000080
55405,2010-07-28,I,-0.0499766,0.0000071
55406,2010-07-29,I,-0.0498633,0.0000062
55407,2010-07-30,I,-0.0497795,0.0000056
55408,2010-07-31,I,-0.0496946,0.0000079
55409,2010-08-01,I,-0.0495423,0.0000066
55410,2010-08-02,I,-0.0492932,0.0000067
55411,2010-08-03,I,-0.0489515,0.0000057
55412,2010-08-04,I,-0.0485588,0.0000049
55413,2010-08-05,I,-0.0481220,0.0000049
55414,2010-08-06,I,-0.0476799,0.0000044
55415,2010-08-07,I,-0.0472782,0.0000035
55416,2010-08-08,I,-0.0470343,0.0000031
55417,2010-08-09,I,-0.0470428,0.0000034
55418,2010-08-10,I,-0.0473497,0.0000047
55419,2010-08-11,I,-0.0479491,0.0000055
55420,2010-08-12,I,-0.0487004,0.0000055
55421,2010-08-13,I,-0.0494313,0.0000052
55422,2010-08-14,I,-0.0500523,0.0000066
55423,2010-08-15,I,-0.0504581,0.0000074
55424,2010-08-16,I,-0.0506069,0.0000073
55425,2010-08-17,I,-0.0505327,0.0000082
55426,2010-08-18,I,-0.0502453,0.0000082
55427,2010-08-19,I,-0.0498500,0.0000093
55428,2010-08-20,I,-0.0494675,0.0000094
55429,2010-08-21,I,-0.0491402,0.0000113
55430,2010-08-22,I,-0.0489221,0.0000067
55431,2010-08-23,I,-0.0489005,0.0000069
55432,2010-08-24,I,-0.0490389,0.0000065
55433,2010-08-25,I,-0.0492630,0.0000048
55434,2010-08-26,I,-0.0496017,0.0000052
55435,2010-08-27,I,-0.0500041,0.0000050
55436,2010-08-28,I,-0.0503404,0.0000071
55437,2010-08-29,I,-0.0506168,0.0000057
55438,2010-08-30,I,-0.0508076,0.0000057
55439,2010-08-31,I,-0.0509022,0.0000059
55440,2010-09-01,I,-0.0509107,0.0000061
55441,2010-09-02,I,-0.0508249,0.0000061
55442,2010-09-03,I,-0.0507385,0.0000060
55443,2010-09-04,I,-0.0507099,0.0000099
55444,2010-09-05,I,-0.0508409,0.0000098
55445,2010-09-06,I,-0.0512306,0.0000080
55446,2010-09-07,I,-0.0519176,0.0000071
55447,2010-09-08,I,-0.0528496,0.0000063
55448,2010-09-09,I,-0.0539279,0.0000066
55449,2010-09-10,I,-0.0549659,0.0000064
55450,2010-09-11,I,-0.0557636,0.0000071
55451,2010-09-12,I,-0.0562956,0.0000099
55452,2010-09-13,I,-0.0565504,0.0000083
55453,2010-09-14,I,-0.0565547,0.0000093
55454,2010-09-15,I,-0.0564287,0.0000096
55455,2010-09-16,I,-0.0562948,0.0000097
55456,2010-09-17,I,-0.0561851,0.0000093
55457,2010-09-18,I,-0.0561754,0.0000071
55458,2010-09-19,I,-0.0563058,0.0000074
55459,2010-09-20,I,-0.0565618,0.0000075
55460,2010-09-21,I,-0.0569117,0.0000066
55461,2010-09-22,I,-0.0573028,0.0000054
55462,2010-09-23,I,-0.0577600,0.0000061
55463,2010-09-24,I,-0.0582699,0.0000059
55464,2010-09-25,I,-0.0587245,0.0000074
55465,2010-09-26,I,-0.0591569,0.0000065
55466,2010-09-27,I,-0.0594877,0.0000060
55467,2010-09-28,I,-0.0596806,0.0000074
55468,2010-09-29,I,-0.0597925,0.0000066
55469,2010-09-30,I,-0.0598906,0.0000065
55470,2010-10-01,I,-0.0601095,0.0000063
55471,2010-10-02,I,-0.0604520,0.0000096
55472,2010-10-03,I,-0.0610928,0.0000071
55473,2010-10-04,I,-0.0621279,0.0000073
55474,2010-10-05,I,-0.0634867,0.0000076
55475,2010-10-06,I,-0.0650995,0.0000056
55476,2010-10-07,I,-0.0668083,0.0000053
55477,2010-10-08,I,-0.0684337,0.0000040
55478,2010-10-09,I,-0.0698473,0.0000046
55479,2010-10-10,I,-0.0710410,0.0000055
55480,2010-10-11,I,-0.0720120,0.0000060
55481,2010-10-12,I,-0.0728332,0.0000061
55482,2010-10-13,I,-0.0736113,0.0000058
55483,2010-10-14,I,-0.0743731,0.0000057
55484,2010-10-15,I,-0.0752176,0.0000059
55485,2010-10-16,I,-0.0761076,0.0000057
55486,2010-10-17,I,-0.0770841,0.0000045
55487,2010-10-18,I,-0.0781773,0.0000042
55488,2010-10-19,I,-0.0793457,0.0000044
55489,2010-10-20,I,-0.0805907,0.0000049
55490,2010-10-21,I,-0.0818131,0.0000042
55491,2010-10-22,I,-0.0829431,0.0000039
55492,2010-10-23,I,-0.0839553,0.0000098
55493,2010-10-24,I,-0.0848073,0.0000038
55494,2010-10-25,I,-0.0855185,0.0000034
55495,2010-10-26,I,-0.0861200,0.0000029
55496,2010-10-27,I,-0.0866612,0.0000032
55497,2010-10-28,I,-0.0871935,0.0000039
55498,2010-10-29,I,-0.0878296,0.0000038
55499,2010-10-30,I,-0.0886538,0.0000085
55500,2010-10-31,I,-0.0897362,0.0000087
55501,2010-11-01,I,-0.0911123,0.0000043
55502,2010-11-02,I,-0.0927155,0.0000041
55503,2010-11-03,I,-0.0944538,0.0000038
55504,2010-11-04,I,-0.0961543,0.0000041
55505,2010-11-05,I,-0.0977133,0.0000041
55506,2010-11-06,I,-0.0990679,0.0000041
55507,2010-11-07,I,-0.1001542,0.0000053
55508,2010-11-08,I,-0.1009786,0.0000052
55509,2010-11-09,I,-0.1016712,0.0000059
55510,2010-11-10,I,-0.1022564,0.0000043
55511,2010-11-11,I,-0.1028446,0.0000044
55512,2010-11-12,I,-0.1035280,0.0000052
55513,2010-11-13,I,-0.1043448,0.0000058
55514,2010-11-14,I,-0.1053251,0.0000047
55515,2010-11-15,I,-0.1064222,0.0000047
55516,2010-11-16,I,-0.1075873,0.0000042
55517,2010-11-17,I,-0.1087714,0.0000041
55518,2010-11-18,I,-0.1098769,0.0000036
55519,2010-11-19,I,-0.1108959,0.0000037
55520,2010-11-20,I,-0.1117357,0.0000040
55521,2010-11-21,I,-0.1124108,0.0000037
55522,2010-11-22,I,-0.1129715,0.0000047
55523,2010-11-23,I,-0.1134586,0.0000046
55524,2010-11-24,I,-0.1139513,0.0000046
55525,2010-11-25,I,-0.1145072,0.0000060
55526,2010-11-26,I,-0.1152063,0.0000057
55527,2010-11-27,I,-0.1161318,0.0000078
55528,2010-11-28,I,-0.1173210,0.0000055
55529,2010-11-29,I,-0.1186808,0.0000058
55530,2010-11-30,I,-0.1200639,0.0000059
55531,2010-12-01,I,-0.1214334,0.0000041
55532,2010-12-02,I,-0.1226680,0.0000054
55533,2010-12-03,I,-0.1236645,0.0000076
55534,2010-12-04,I,-0.1244053,0.0000123
55535,2010-12-05,I,-0.1249308,0.0000061
55536,2010-12-06,I,-0.1253618,0.0000052
55537,2010-12-07,I,-0.1257772,0.0000054
55538,2010-12-08,I,-0.1262471,0.0000045
55539,2010-12-09,I,-0.1267983,0.0000029
55540,2010-12-10,I,-0.1274676,0.0000043
55541,2010-12-11,I,-0.1281845,0.0000055
55542,2010-12-12,I,-0.1289045,0.0000056
55543,2010-12-13,I,-0.1296181,0.0000057
55544,2010-12-14,I,-0.1303443,0.0000064
55545,2010-12-15,I,-0.1309848,0.0000059
55546,2010-12-16,I,-0.1315368,0.0000043
55547,2010-12-17,I,-0.1320367,0.0000043
55548,2010-12-18,I,-0.1324163,0.0000057
55549,2010-12-19,I,-0.1326901,0.0000039
55550,2010-12-20,I,-0.1328237,0.0000042
55551,2010-12-21,I,-0.1328980,0.0000042
55552,2010-12-22,I,-0.1330978,0.0000042
55553,2010-12-23,I,-0.1334410,0.0000042
55554,2010-12-24,I,-0.1339930,0.0000052
55555,2010-12-25,I,-0.1347515,0.0000078
55556,2010-12-26,I,-0.1357064,0.0000059
55557,2010-12-27,I,-0.1368218,0.0000072
55558,2010-12-28,I,-0.1379396,0.0000068
55559,2010-12-29,I,-0.1389297,0.0000069
55560,2010-12-30,I,-0.1396535,0.0000049
55561,2010-12-31,I,-0.1402235,0.0000048
55562,2011-01-01,I,-0.1405568,0.0000065
55563,2011-01-02,I,-0.1407850,0.0000037
55564,2011-01-03,I,-0.1409701,0.0000025
55565,2011-01-04,I,-0.1411325,0.0000031
55566,2011-01-05,I,-0.1413415,0.0000027
55567,2011-01-06,I,-0.1416387,0.0000037
55568,2011-01-07,I,-0.1420664,0.0000041
55569,2011-01-08,I,-0.1425749,0.0000068
55570,2011-01-09,I,-0.1431271,0.0000046
55571,2011-01-10,I,-0.1437316,0.0000044
55572,2011-01-11,I,-0.1443269,0.0000053
55573,2011-01-12,I,-0.1449070,0.0000053
55574,2011-01-13,I,-0.1454623,0.0000053
55575,2011-01-14,I,-0.1459496,0.0000049
55576,2011-01-15,I,-0.1463227,0.0000089
55577,2011-01-16,I,-0.1466326,0.0000089
55578,2011-01-17,I,-0.1468964,0.0000057
55579,2011-01-18,I,-0.1471767,0.0000047
55580,2011-01-19,I,-0.1475601,0.0000033
55581,2011-01-20,I,-0.1480758,0.0000053
55582,2011-01-21,I,-0.1488003,0.0000059
55583,2011-01-22,I,-0.1497068,0.0000060
55584,2011-01-23,I,-0.1508170,0.0000061
55585,2011-01-24,I,-0.1519977,0.0000061
55586,2011-01-25,I,-0.1530882,0.0000070
55587,2011-01-26,I,-0.1540134,0.0000057
55588,2011-01-27,I,-0.1547247,0.0000057
55589,2011-01-28,I,-0.1552242,0.0000070
55590,2011-01-29,I,-0.1555816,0.0000119
55591,2011-01-30,I,-0.1558913,0.0000069
55592,2011-01-31,I,-0.1562042,0.0000068
55593,2011-02-01,I,-0.1565713,0.0000074
55594,2011-02-02,I,-0.1570388,0.0000066
55595,2011-02-03,I,-0.1576845,0.0000054
55596,2011-02-04,I,-0.1584176,0.0000053
55597,2011-02-05,I,-0.1592403,0.0000073
55598,2011-02-06,I,-0.1599975,0.0000066
55599,2011-02-07,I,-0.1607568,0.0000068
55600,2011-02-08,I,-0.1614604,0.0000072
55601,2011-02-09,I,-0.1620804,0.0000061
55602,2011-02-10,I,-0.1626243,0.0000065
55603,2011-02-11,I,-0.1630870,0.0000064
55604,2011-02-12,I,-0.1634699,0.0000087
55605,2011-02-13,I,-0.1638153,0.0000062
55606,2011-02-14,I,-0.1641760,0.0000064
55607,2011-02-15,I,-0.1646592,0.0000077
55608,2011-02-16,I,-0.1653654,0.0000058
55609,2011-02-17,I,-0.1663492,0.0000057
55610,2011-02-18,I,-0.1676529,0.0000048
55611,2011-02-19,I,-0.1691421,0.0000056
55612,2011-02-20,I,-0.1707627,0.0000044
55613,2011-02-21,I,-0.1723914,0.0000044
55614,2011-02-22,I,-0.1738274,0.0000060
55615,2011-02-23,I,-0.1749979,0.0000058
55616,2011-02-24,I,-0.1758466,0.0000065
55617,2011-02-25,I,-0.1764754,0.0000064
55618,2011-02-26,I,-0.1769511,0.0000072
55619,2011-02-27,I,-0.1773927,0.0000071
55620,2011-02-28,I,-0.1778362,0.0000058
55621,2011-03-01,I,-0.1784433,0.0000066
55622,2011-03-02,I,-0.1791925,0.0000041
55623,2011-03-03,I,-0.1800797,0.0000049
55624,2011-03-04,I,-0.1811560,0.0000047
55625,2011-03-05,I,-0.1823223,0.0000075
55626,2011-03-06,I,-0.1835329,0.0000053
55627,2011-03-07,I,-0.1847033,0.0000053
55628,2011-03-08,I,-0.1857495,0.0000057
55629,2011-03-09,I,-0.1867381,0.0000053
55630,2011-03-10,I,-0.1876230,0.0000051
55631,2011-03-11,I,-0.1883986,0.0000051
55632,2011-03-12,I,-0.1891211,0.0000069
55633,2011-03-13,I,-0.1896843,0.0000070
55634,2011-03-14,I,-0.1902920,0.0000049
55635,2011-03-15,I,-0.1910232,0.0000051
55636,2011-03-16,I,-0.1919951,0.0000051
55637,2011-03-17,I,-0.1932222,0.0000051
55638,2011-03-18,I,-0.1946523,0.0000056
55639,2011-03-19,I,-0.1962118,0.0000061
55640,2011-03-20,I,-0.1978045,0.0000060
55641,2011-03-21,I,-0.1993411,0.0000067
55642,2011-03-22,I,-0.2007220,0.0000076
55643,2011-03-23,I,-0.2018334,0.0000090
55644,2011-03-24,I,-0.2027574,0.0000087
55645,2011-03-25,I,-0.2035533,0.0000100
55646,2011-03-26,I,-0.2044324,0.0000133
55647,2011-03-27,I,-0.2053112,0.0000093
55648,2011-03-28,I,-0.2063335,0.0000075
55649,2011-03-29,I,-0.2075201,0.0000067
55650,2011-03-30,I,-0.2088485,0.0000057
55651,2011-03-31,I,-0.2102342,0.0000049
55652,2011-04-01,I,-0.2117101,0.0000049
55653,2011-04-02,I,-0.2131933,0.0000045
55654,2011-04-03,I,-0.2146861,0.0000030
55655,2011-04-04,I,-0.2160584,0.0000033
55656,2011-04-05,I,-0.2172718,0.0000049
55657,2011-04-06,I,-0.2183180,0.0000057
55658,2011-04-07,I,-0.2192312,0.0000056
55659,2011-04-08,I,-0.2199870,0.0000052
55660,2011-04-09,I,-0.2207270,0.0000042
55661,2011-04-10,I,-0.2214895,0.0000029
55662,2011-04-11,I,-0.2223371,0.0000030
55663,2011-04-12,I,-0.2233083,0.0000023
55664,2011-04-13,I,-0.2244786,0.0000026
55665,2011-04-14,I,-0.2257947,0.0000026
55666,2011-04-15,I,-0.2273013,0.0000028
55667,2011-04-16,I,-0.2289220,0.0000034
55668,2011-04-17,I,-0.2305802,0.0000032
55669,2011-04-18,I,-0.2321108,0.0000051
55670,2011-04-19,I,-0.2334543,0.0000055
55671,2011-04-20,I,-0.2345609,0.0000057
55672,2011-04-21,I,-0.2354495,0.0000057
55673,2011-04-22,I,-0.2361763,0.0000057
55674,2011-04-23,I,-0.2368889,0.0000066
55675,2011-04-24,I,-0.2376842,0.0000066
55676,2011-04-25,I,-0.2385571,0.0000053
55677,2011-04-26,I,-0.2395237,0.0000050
55678,2011-04-27,I,-0.2405616,0.0000046
55679,2011-04-28,I,-0.2416246,0.0000046
55680,2011-04-29,I,-0.2427694,0.0000046
55681,2011-04-30,I,-0.2438674,0.0000056
55682,2011-05-01,I,-0.2449030,0.0000064
55683,2011-05-02,I,-0.2458739,0.0000066
55684,2011-05-03,I,-0.2468430,0.0000082
55685,2011-05-04,I,-0.2476898,0.0000077
55686,2011-05-05,I,-0.2485719,0.0000076
55687,2011-05-06,I,-0.2493942,0.0000068
55688,2011-05-07,I,-0.2502137,0.0000077
55689,2011-05-08,I,-0.2511055,0.0000061
55690,2011-05-09,I,-0.2521172,0.0000049
55691,2011-05-10,I,-0.2533262,0.0000047
55692,2011-05-11,I,-0.2548141,0.0000071
55693,2011-05-12,I,-0.2564269,0.0000078
55694,2011-05-13,I,-0.2581670,0.0000077
55695,2011-05-14,I,-0.2599844,0.0000083
55696,2011-05-15,I,-0.2618083,0.0000075
55697,2011-05-16,I,-0.2634301,0.0000076
55698,2011-05-17,I,-0.2648395,0.0000080
55699,2011-05-18,I,-0.2659958,0.0000076
55700,2011-05-19,I,-0.2669906,0.0000080
55701,2011-05-20,I,-0.2677904,0.0000080
55702,2011-05-21,I,-0.2685639,0.0000096
55703,2011-05-22,I,-0.2693903,0.0000086
55704,2011-05-23,I,-0.2702037,0.0000085
55705,2011-05-24,I,-0.2710909,0.0000092
55706,2011-05-25,I,-0.2719731,0.0000069
55707,2011-05-26,I,-0.2728881,0.0000073
55708,2011-05-27,I,-0.2739016,0.0000088
55709,2011-05-28,I,-0.2748769,0.0000103
55710,2011-05-29,I,-0.2757765,0.0000116
55711,2011-05-30,I,-0.2765919,0.0000084
55712,2011-05-31,I,-0.2772650,0.0000103
55713,2011-06-01,I,-0.2778675,0.0000088
55714,2011-06-02,I,-0.2784108,0.0000070
55715,2011-06-03,I,-0.2789021,0.0000073
55716,2011-06-04,I,-0.2794053,0.0000057
55717,2011-06-05,I,-0.2800725,0.0000038
55718,2011-06-06,I,-0.2808911,0.0000037
55719,2011-06-07,I,-0.2818610,0.0000034
55720,2011-06-08,I,-0.2830003,0.0000031
55721,2011-06-09,I,-0.2841834,0.0000045
55722,2011-06-10,I,-0.2853072,0.0000048
55723,2011-06-11,I,-0.2863664,0.0000087
55724,2011-06-12,I,-0.2872785,0.0000087
55725,2011-06-13,I,-0.2879310,0.0000071
55726,2011-06-14,I,-0.2884341,0.0000096
55727,2011-06-15,I,-0.2887848,0.0000046
55728,2011-06-16,I,-0.2889773,0.0000045
55729,2011-06-17,I,-0.2891847,0.0000050
55730,2011-06-18,I,-0.2894214,0.0000055
55731,2011-06-19,I,-0.2897142,0.0000056
55732,2011-06-20,I,-0.2900687,0.0000045
55733,2011-06-21,I,-0.2904697,0.0000050
55734,2011-06-22,I,-0.2908771,0.0000043
55735,2011-06-23,I,-0.2912407,0.0000051
55736,2011-06-24,I,-0.2915191,0.0000057
55737,2011-06-25,I,-0.2916821,0.0000063
55738,2011-06-26,I,-0.2917394,0.0000082
55739,2011-06-27,I,-0.2917139,0.0000074
55740,2011-06-28,I,-0.2916100,0.0000092
55741,2011-06-29,I,-0.2914334,0.0000063
55742,2011-06-30,I,-0.2911683,0.0000053
55743,2011-07-01,I,-0.2908837,0.0000059
55744,2011-07-02,I,-0.2906578,0.0000055
55745,2011-07-03,I,-0.2905343,0.0000063
55746,2011-07-04,I,-0.2906868,0.0000041
55747,2011-07-05,I,-0.2910715,0.0000040
55748,2011-07-06,I,-0.2915655,0.0000038
55749,2011-07-07,I,-0.2920759,0.0000032
55750,2011-07-08,I,-0.2924862,0.0000058
55751,2011-07-09,I,-0.2927840,0.0000057
55752,2011-07-10,I,-0.2928534,0.0000100
55753,2011-07-11,I,-0.2927340,0.0000080
55754,2011-07-12,I,-0.2924866,0.0000098
55755,2011-07-13,I,-0.2921557,0.0000078
55756,2011-07-14,I,-0.2918336,0.0000064
55757,2011-07-15,I,-0.2915718,0.0000064
55758,2011-07-16,I,-0.2913846,0.0000066
55759,2011-07-17,I,-0.2913317,0.0000068
55760,2011-07-18,I,-0.2914214,0.0000068
55761,2011-07-19,I,-0.2915911,0.0000089
55762,2011-07-20,I,-0.2918613,0.0000063
55763,2011-07-21,I,-0.2920271,0.0000072
55764,2011-07-22,I,-0.2921533,0.0000071
55765,2011-07-23,I,-0.2922072,0.0000086
55766,2011-07-24,I,-0.2921918,0.0000079
55767,2011-07-25,I,-0.2920855,0.0000079
55768,2011-07-26,I,-0.2918658,0.0000101
55769,2011-07-27,I,-0.2915599,0.0000065
55770,2011-07-28,I,-0.2912130,0.0000063
55771,2011-07-29,I,-0.2909276,0.0000085
55772,2011-07-30,I,-0.2907354,0.0000098
55773,2011-07-31,I,-0.2907947,0.0000078
55774,2011-08-01,I,-0.2911281,0.0000074
55775,2011-08-02,I,-0.2916507,0.0000094
55776,2011-08-03,I,-0.2923144,0.0000070
55777,2011-08-04,I,-0.2929997,0.0000087
55778,2011-08-05,I,-0.2935954,0.0000104
55779,2011-08-06,I,-0.2940030,0.0000127
55780,2011-08-07,I,-0.2941502,0.0000109
55781,2011-08-08,I,-0.2941028,0.0000107
55782,2011-08-09,I,-0.2939728,0.0000141
55783,2011-08-10,I,-0.2937887,0.0000084
55784,2011-08-11,I,-0.2936214,0.0000078
55785,2011-08-12,I,-0.2934862,0.0000113
55786,2011-08-13,I,-0.2934767,0.0000153
55787,2011-08-14,I,-0.2935789,0.0000154
55788,2011-08-15,I,-0.2937044,0.0000148
55789,2011-08-16,I,-0.2939326,0.0000209
55790,2011-08-17,I,-0.2941710,0.0000179
55791,2011-08-18,I,-0.2944346,0.0000108
55792,2011-08-19,I,-0.2946193,0.0000098
55793,2011-08-20,I,-0.2946877,0.0000096
55794,2011-08-21,I,-0.2946678,0.0000056
55795,2011-08-22,I,-0.2945629,0.0000066
55796,2011-08-23,I,-0.2944054,0.0000067
55797,2011-08-24,I,-0.2942118,0.0000054
55798,2011-08-25,I,-0.2941299,0.0000057
55799,2011-08-26,I,-0.2942063,0.0000064
55800,2011-08-27,I,-0.2945359,0.0000074
55801,2011-08-28,I,-0.2951073,0.0000049
55802,2011-08-29,I,-0.2959055,0.0000051
55803,2011-08-30,I,-0.2968963,0.0000069
55804,2011-08-31,I,-0.2978993,0.0000058
55805,2011-09-01,I,-0.2988678,0.0000059
55806,2011-09-02,I,-0.2997080,0.0000061
55807,2011-09-03,I,-0.3002984,0.0000076
55808,2011-09-04,I,-0.3006615,0.0000075
55809,2011-09-05,I,-0.3008882,0.0000049
55810,2011-09-06,I,-0.3010531,0.0000051
55811,2011-09-07,I,-0.3012189,0.0000041
55812,2011-09-08,I,-0.3014957,0.0000046
55813,2011-09-09,I,-0.3018690,0.0000046
55814,2011-09-10,I,-0.3023195,0.0000046
55815,2011-09-11,I,-0.3028359,0.0000052
55816,2011-09-12,I,-0.3034312,0.0000051
55817,2011-09-13,I,-0.3040873,0.0000060
55818,2011-09-14,I,-0.3048003,0.0000049
55819,2011-09-15,I,-0.3055205,0.0000046
55820,2011-09-16,I,-0.3061407,0.0000045
55821,2011-09-17,I,-0.3066527,0.0000046
55822,2011-09-18,I,-0.3070784,0.0000043
55823,2011-09-19,I,-0.3074913,0.0000035
55824,2011-09-20,I,-0.3079013,0.0000033
55825,2011-09-21,I,-0.3083976,0.0000037
55826,2011-09-22,I,-0.3090412,0.0000034
55827,2011-09-23,I,-0.3099054,0.0000034
55828,2011-09-24,I,-0.3110111,0.0000038
55829,2011-09-25,I,-0.3124025,0.0000041
55830,2011-09-26,I,-0.3139997,0.0000041
55831,2011-09-27,I,-0.3157575,0.0000036
55832,2011-09-28,I,-0.3175236,0.0000037
55833,2011-09-29,I,-0.3191363,0.0000038
55834,2011-09-30,I,-0.3204805,0.0000038
55835,2011-10-01,I,-0.3216165,0.0000034
55836,2011-10-02,I,-0.3226155,0.0000039
55837,2011-10-03,I,-0.3235315,0.0000065
55838,2011-10-04,I,-0.3244529,0.0000067
55839,2011-10-05,I,-0.3254629,0.0000053
55840,2011-10-06,I,-0.3266080,0.0000054
55841,2011-10-07,I,-0.3278883,0.0000055
55842,2011-10-08,I,-0.3292353,0.0000079
55843,2011-10-09,I,-0.3306270,0.0000072
55844,2011-10-10,I,-0.3320125,0.0000077
55845,2011-10-11,I,-0.3333600,0.0000077
55846,2011-10-12,I,-0.3346448,0.0000072
55847,2011-10-13,I,-0.3358130,0.0000072
55848,2011-10-14,I,-0.3367665,0.0000069
55849,2011-10-15,I,-0.3375380,0.0000069
55850,2011-10-16,I,-0.3381432,0.0000051
55851,2011-10-17,I,-0.3386527,0.0000050
55852,2011-10-18,I,-0.3391610,0.0000048
55853,2011-10-19,I,-0.3397260,0.0000046
55854,2011-10-20,I,-0.3404070,0.0000044
55855,2011-10-21,I,-0.3412734,0.0000044
55856,2011-10-22,I,-0.3423628,0.0000067
55857,2011-10-23,I,-0.3436772,0.0000057
55858,2011-10-24,I,-0.3451585,0.0000056
55859,2011-10-25,I,-0.3467464,0.0000057
55860,2011-10-26,I,-0.3482733,0.0000054
55861,2011-10-27,I,-0.3496405,0.0000054
55862,2011-10-28,I,-0.3508091,0.0000049
55863,2011-10-29,I,-0.3517675,0.0000058
55864,2011-10-30,I,-0.3526018,0.0000064
55865,2011-10-31,I,-0.3534112,0.0000064
55866,2011-11-01,I,-0.3542912,0.0000082
55867,2011-11-02,I,-0.3552952,0.0000071
55868,2011-11-03,I,-0.3564158,0.0000070
55869,2011-11-04,I,-0.3576671,0.0000069
55870,2011-11-05,I,-0.3590652,0.0000069
55871,2011-11-06,I,-0.3604810,0.0000063
55872,2011-11-07,I,-0.3618717,0.0000058
55873,2011-11-08,I,-0.3632037,0.0000064
55874,2011-11-09,I,-0.3643678,0.0000051
55875,2011-11-10,I,-0.3653556,0.0000050
55876,2011-11-11,I,-0.3662311,0.0000046
55877,2011-11-12,I,-0.3669581,0.0000050
55878,2011-11-13,I,-0.3676382,0.0000036
55879,2011-11-14,I,-0.3682952,0.0000036
55880,2011-11-15,I,-0.3690015,0.0000037
55881,2011-11-16,I,-0.3698014,0.0000049
55882,2011-11-17,I,-0.3707393,0.0000053
55883,2011-11-18,I,-0.3718721,0.0000057
55884,2011-11-19,I,-0.3731986,0.0000071
55885,2011-11-20,I,-0.3747042,0.0000061
55886,2011-11-21,I,-0.3762473,0.0000059
55887,2011-11-22,I,-0.3777355,0.0000058
55888,2011-11-23,I,-0.3791582,0.0000054
55889,2011-11-24,I,-0.3804010,0.0000047
55890,2011-11-25,I,-0.3814251,0.0000047
55891,2011-11-26,I,-0.3822758,0.0000050
55892,2011-11-27,I,-0.3830416,0.0000062
55893,2011-11-28,I,-0.3838034,0.0000052
55894,2011-11-29,I,-0.3846179,0.0000052
55895,2011-11-30,I,-0.3855292,0.0000049
55896,2011-12-01,I,-0.3865628,0.0000055
55897,2011-12-02,I,-0.3877251,0.0000056
55898,2011-12-03,I,-0.3889243,0.0000051
55899,2011-12-04,I,-0.3900143,0.0000052
55900,2011-12-05,I,-0.3910293,0.0000051
55901,2011-12-06,I,-0.3919339,0.0000053
55902,2011-12-07,I,-0.3927123,0.0000044
55903,2011-12-08,I,-0.3933500,0.0000048
55904,2011-12-09,I,-0.3939074,0.0000058
55905,2011-12-10,I,-0.3944575,0.0000066
55906,2011-12-11,I,-0.3950136,0.0000061
55907,2011-12-12,I,-0.3955950,0.0000061
55908,2011-12-13,I,-0.3962761,0.0000075
55909,2011-12-14,I,-0.3971231,0.0000062
55910,2011-12-15,I,-0.3981611,0.0000057
55911,2011-12-16,I,-0.3993875,0.0000065
55912,2011-12-17,I,-0.4007618,0.0000083
55913,2011-12-18,I,-0.4022323,0.0000086
55914,2011-12-19,I,-0.4037255,0.0000081
55915,2011-12-20,I,-0.4051174,0.0000088
55916,2011-12-21,I,-0.4063582,0.0000078
55917,2011-12-22,I,-0.4073919,0.0000069
55918,2011-12-23,I,-0.4082143,0.0000068
55919,2011-12-24,I,-0.4089439,0.0000060
55920,2011-12-25,I,-0.4097384,0.0000049
55921,2011-12-26,I,-0.4106962,0.0000036
55922,2011-12-27,I,-0.4118570,0.0000034
55923,2011-12-28,I,-0.4132011,0.0000034
55924,2011-12-29,I,-0.4146832,0.0000043
55925,2011-12-30,I,-0.4162013,0.0000043
55926,2011-12-31,I,-0.4176597,0.0000044
55927,2012-01-01,I,-0.4190198,0.0000056
55928,2012-01-02,I,-0.4202632,0.0000041
55929,2012-01-03,I,-0.4213964,0.0000045
55930,2012-01-04,I,-0.4223926,0.0000034
55931,2012-01-05,I,-0.4232705,0.0000038
55932,2012-01-06,I,-0.4240541,0.0000046
55933,2012-01-07,I,-0.4247770,0.0000057
55934,2012-01-08,I,-0.4255331,0.0000060
55935,2012-01-09,I,-0.4263634,0.0000061
55936,2012-01-10,I,-0.4272844,0.0000067
55937,2012-01-11,I,-0.4283596,0.0000054
55938,2012-01-12,I,-0.4295961,0.0000050
55939,2012-01-13,I,-0.4310044,0.0000052
55940,2012-01-14,I,-0.4325210,0.0000067
55941,2012-01-15,I,-0.4340075,0.0000065
55942,2012-01-16,I,-0.4354132,0.0000050
55943,2012-01-17,I,-0.4366697,0.0000057
55944,2012-01-18,I,-0.4377243,0.0000049
55945,2012-01-19,I,-0.4385780,0.0000043
55946,2012-01-20,I,-0.4393155,0.0000055
55947,2012-01-21,I,-0.4400007,0.0000054
55948,2012-01-22,I,-0.4407855,0.0000066
55949,2012-01-23,I,-0.4416988,0.0000052
55950,2012-01-24,I,-0.4427038,0.0000061
55951,2012-01-25,I,-0.4437950,0.0000052
55952,2012-01-26,I,-0.4449104,0.0000039
55953,2012-01-27,I,-0.4460237,0.0000039
55954,2012-01-28,I,-0.4470718,0.0000039
55955,2012-01-29,I,-0.4479821,0.0000050
55956,2012-01-30,I,-0.4487852,0.0000041
55957,2012-01-31,I,-0.4494654,0.0000057
55958,2012-02-01,I,-0.4499689,0.0000042
55959,2012-02-02,I,-0.4503843,0.0000047
55960,2012-02-03,I,-0.4508117,0.0000067
55961,2012-02-04,I,-0.4512588,0.0000079
55962,2012-02-05,I,-0.4517515,0.0000066
55963,2012-02-06,I,-0.4523955,0.0000064
55964,2012-02-07,I,-0.4532978,0.0000071
55965,2012-02-08,I,-0.4544046,0.0000067
55966,2012-02-09,I,-0.4557230,0.0000059
55967,2012-02-10,I,-0.4571597,0.0000063
55968,2012-02-11,I,-0.4586340,0.0000079
55969,2012-02-12,I,-0.4600383,0.0000074
55970,2012-02-13,I,-0.4613177,0.0000095
55971,2012-02-14,I,-0.4623751,0.0000117
55972,2012-02-15,I,-0.4631761,0.0000055
55973,2012-02-16,I,-0.4637866,0.0000041
55974,2012-02-17,I,-0.4643397,0.0000029
55975,2012-02-18,I,-0.4649014,0.0000032
55976,2012-02-19,I,-0.4655638,0.0000039
55977,2012-02-20,I,-0.4663497,0.0000048
55978,2012-02-21,I,-0.4672324,0.0000171
55979,2012-02-22,I,-0.4681517,0.0000108
55980,2012-02-23,I,-0.4690449,0.0000109
55981,2012-02-24,I,-0.4698839,0.0000111
55982,2012-02-25,I,-0.4706106,0.0000109
55983,2012-02-26,I,-0.4712692,0.0000089
55984,2012-02-27,I,-0.4718090,0.0000057
55985,2012-02-28,I,-0.4722693,0.0000068
55986,2012-02-29,I,-0.4726308,0.0000071
55987,2012-03-01,I,-0.4729117,0.0000063
55988,2012-03-02,I,-0.4731888,0.0000059
55989,2012-03-03,I,-0.4735434,0.0000100
55990,2012-03-04,I,-0.4740126,0.0000076
55991,2012-03-05,I,-0.4746319,0.0000082
55992,2012-03-06,I,-0.4754483,0.0000074
55993,2012-03-07,I,-0.4764782,0.0000053
55994,2012-03-08,I,-0.4776966,0.0000051
55995,2012-03-09,I,-0.4790716,0.0000055
55996,2012-03-10,I,-0.4805201,0.0000059
55997,2012-03-11,I,-0.4820089,0.0000056
55998,2012-03-12,I,-0.4833830,0.0000046
55999,2012-03-13,I,-0.4846116,0.0000055
56000,2012-03-14,I,-0.4857596,0.0000040
56001,2012-03-15,I,-0.4868744,0.0000043
56002,2012-03-16,I,-0.4880460,0.0000056
56003,2012-03-17,I,-0.4893618,0.0000054
56004,2012-03-18,I,-0.4908192,0.0000080
56005,2012-03-19,I,-0.4923412,0.0000082
56006,2012-03-20,I,-0.4939128,0.0000122
56007,2012-03-21,I,-0.4955028,0.0000055
56008,2012-03-22,I,-0.4970001,0.0000050
56009,2012-03-23,I,-0.4984003,0.0000052
56010,2012-03-24,I,-0.4997414,0.0000041
56011,2012-03-25,I,-0.5010021,0.0000039
56012,2012-03-26,I,-0.5021407,0.0000037
56013,2012-03-27,I,-0.5031977,0.0000053
56014,2012-03-28,I,-0.5042038,0.0000049
56015,2012-03-29,I,-0.5051845,0.0000045
56016,2012-03-30,I,-0.5061958,0.0000045
56017,2012-03-31,I,-0.5072813,0.0000057
56018,2012-04-01,I,-0.5085011,0.0000053
56019,2012-04-02,I,-0.5098823,0.0000050
56020,2012-04-03,I,-0.5114332,0.0000058
56021,2012-04-04,I,-0.5131647,0.0000058
56022,2012-04-05,I,-0.5149838,0.0000058
56023,2012-04-06,I,-0.5168757,0.0000060
56024,2012-04-07,I,-0.5186518,0.0000064
56025,2012-04-08,I,-0.5201950,0.0000090
56026,2012-04-09,I,-0.5215237,0.0000111
56027,2012-04-10,I,-0.5226642,0.0000113
56028,2012-04-11,I,-0.5236960,0.0000035
56029,2012-04-12,I,-0.5247306,0.0000034
56030,2012-04-13,I,-0.5258385,0.0000037
56031,2012-04-14,I,-0.5270442,0.0000033
56032,2012-04-15,I,-0.5282869,0.0000028
56033,2012-04-16,I,-0.5295627,0.0000027
56034,2012-04-17,I,-0.5308746,0.0000053
56035,2012-04-18,I,-0.5322055,0.0000046
56036,2012-04-19,I,-0.5334851,0.0000046
56037,2012-04-20,I,-0.5347225,0.0000046
56038,2012-04-21,I,-0.5358514,0.0000052
56039,2012-04-22,I,-0.5368770,0.0000043
56040,2012-04-23,I,-0.5378007,0.0000036
56041,2012-04-24,I,-0.5386314,0.0000041
56042,2012-04-25,I,-0.5393933,0.0000030
56043,2012-04-26,I,-0.5401479,0.0000029
56044,2012-04-27,I,-0.5409412,0.0000034
56045,2012-04-28,I,-0.5417915,0.0000054
56046,2012-04-29,I,-0.5426867,0.0000055
56047,2012-04-30,I,-0.5436883,0.0000061
56048,2012-05-01,I,-0.5448729,0.0000085
56049,2012-05-02,I,-0.5462308,0.0000054
56050,2012-05-03,I,-0.5477020,0.0000050
56051,2012-05-04,I,-0.5491839,0.0000045
56052,2012-05-05,I,-0.5505838,0.0000047
56053,2012-05-06,I,-0.5518634,0.0000046
56054,2012-05-07,I,-0.5529546,0.0000046
56055,2012-05-08,I,-0.5538741,0.0000082
56056,2012-05-09,I,-0.5546964,0.0000034
56057,2012-05-10,I,-0.5555650,0.0000036
56058,2012-05-11,I,-0.5564914,0.0000033
56059,2012-05-12,I,-0.5574596,0.0000027
56060,2012-05-13,I,-0.5584826,0.0000036
56061,2012-05-14,I,-0.5595429,0.0000035
56062,2012-05-15,I,-0.5606109,0.0000064
56063,2012-05-16,I,-0.5616964,0.0000048
56064,2012-05-17,I,-0.5626929,0.0000048
56065,2012-05-18,I,-0.5635986,0.0000049
56066,2012-05-19,I,-0.5643424,0.0000048
56067,2012-05-20,I,-0.5649315,0.0000043
56068,2012-05-21,I,-0.5653962,0.0000038
56069,2012-05-22,I,-0.5657943,0.0000050
56070,2012-05-23,I,-0.5661755,0.0000045
56071,2012-05-24,I,-0.5665975,0.0000045
56072,2012-05-25,I,-0.5670919,0.0000048
56073,2012-05-26,I,-0.5677043,0.0000054
56074,2012-05-27,I,-0.5684455,0.0000059
56075,2012-05-28,I,-0.5693193,0.0000057
56076,2012-05-29,I,-0.5703324,0.0000070
56077,2012-05-30,I,-0.5714580,0.0000051
56078,2012-05-31,I,-0.5726569,0.0000052
56079,2012-06-01,I,-0.5738719,0.0000058
56080,2012-06-02,I,-0.5750134,0.0000063
56081,2012-06-03,I,-0.5759962,0.0000068
56082,2012-06-04,I,-0.5768192,0.0000070
56083,2012-06-05,I,-0.5774521,0.0000102
56084,2012-06-06,I,-0.5780231,0.0000077
56085,2012-06-07,I,-0.5786736,0.0000081
56086,2012-06-08,I,-0.5794428,0.0000078
56087,2012-06-09,I,-0.5803438,0.0000077
56088,2012-06-10,I,-0.5812409,0.0000087
56089,2012-06-11,I,-0.5820641,0.0000064
56090,2012-06-12,I,-0.5828421,0.0000082
56091,2012-06-13,I,-0.5835328,0.0000051
56092,2012-06-14,I,-0.5840883,0.0000046
56093,2012-06-15,I,-0.5844962,0.0000044
56094,2012-06-16,I,-0.5847581,0.0000041
56095,2012-06-17,I,-0.5849351,0.0000068
56096,2012-06-18,I,-0.5849851,0.0000067
56097,2012-06-19,I,-0.5849518,0.0000113
56098,2012-06-20,I,-0.5848824,0.0000068
56099,2012-06-21,I,-0.5847996,0.0000068
56100,2012-06-22,I,-0.5847501,0.0000072
56101,2012-06-23,I,-0.5847991,0.0000070
56102,2012-06-24,I,-0.5850136,0.0000069
56103,2012-06-25,I,-0.5853254,0.0000070
56104,2012-06-26,I,-0.5857231,0.0000074
56105,2012-06-27,I,-0.5861642,0.0000034
56106,2012-06-28,I,-0.5865347,0.0000032
56107,2012-06-29,I,-0.5867620,0.0000025
56108,2012-06-30,I,-0.5868367,0.0000022
56109,2012-07-01,I,0.4132375,0.0000027
56110,2012-07-02,I,0.4134344,0.0000026
56111,2012-07-03,I,0.4136664,0.0000069
56112,2012-07-04,I,0.4138372,0.0000046
56113,2012-07-05,I,0.4139396,0.0000051
56114,2012-07-06,I,0.4139105,0.0000050
56115,2012-07-07,I,0.4137221,0.0000054
56116,2012-07-08,I,0.4134669,0.0000055
56117,2012-07-09,I,0.4131610,0.0000062
56118,2012-07-10,I,0.4129032,0.0000072
56119,2012-07-11,I,0.4127281,0.0000054
56120,2012-07-12,I,0.4126893,0.0000054
56121,2012-07-13,I,0.4128718,0.0000055
56122,2012-07-14,I,0.4131207,0.0000067
56123,2012-07-15,I,0.4134191,0.0000050
56124,2012-07-16,I,0.4137890,0.0000051
56125,2012-07-17,I,0.4140682,0.0000077
56126,2012-07-18,I,0.4142135,0.0000061
56127,2012-07-19,I,0.4142499,0.0000068
56128,2012-07-20,I,0.4140718,0.0000060
56129,2012-07-21,I,0.4137326,0.0000076
56130,2012-07-22,I,0.4132590,0.0000058
56131,2012-07-23,I,0.4127044,0.0000060
56132,2012-07-24,I,0.4121292,0.0000079
56133,2012-07-25,I,0.4115821,0.0000043
56134,2012-07-26,I,0.4111164,0.0000041
56135,2012-07-27,I,0.4107859,0.0000041
56136,2012-07-28,I,0.4105478,0.0000046
56137,2012-07-29,I,0.4104204,0.0000033
56138,2012-07-30,I,0.4103435,0.0000027
56139,2012-07-31,I,0.4102122,0.0000034
56140,2012-08-01,I,0.4099573,0.0000027
56141,2012-08-02,I,0.4095700,0.0000035
56142,2012-08-03,I,0.4090577,0.0000038
56143,2012-08-04,I,0.4085156,0.0000051
56144,2012-08-05,I,0.4079222,0.0000057
56145,2012-08-06,I,0.4073667,0.0000057
56146,2012-08-07,I,0.4069433,0.0000088
56147,2012-08-08,I,0.4066915,0.0000055
56148,2012-08-09,I,0.4065860,0.0000055
56149,2012-08-10,I,0.4065948,0.0000056
56150,2012-08-11,I,0.4066675,0.0000048
56151,2012-08-12,I,0.4068189,0.0000053
56152,2012-08-13,I,0.4070203,0.0000053
56153,2012-08-14,I,0.4071800,0.0000069
56154,2012-08-15,I,0.4072279,0.0000042
56155,2012-08-16,I,0.4071232,0.0000044
56156,2012-08-17,I,0.4068515,0.0000044
56157,2012-08-18,I,0.4064372,0.0000042
56158,2012-08-19,I,0.4058643,0.0000039
56159,2012-08-20,I,0.4051864,0.0000042
56160,2012-08-21,I,0.4045017,0.0000053
56161,2012-08-22,I,0.4038969,0.0000043
56162,2012-08-23,I,0.4034152,0.0000045
56163,2012-08-24,I,0.4031028,0.0000042
56164,2012-08-25,I,0.4029231,0.0000052
56165,2012-08-26,I,0.4027980,0.0000045
56166,2012-08-27,I,0.4026068,0.0000043
56167,2012-08-28,I,0.4022594,0.0000056
56168,2012-08-29,I,0.4017200,0.0000030
56169,2012-08-30,I,0.4010269,0.0000034
56170,2012-08-31,I,0.4002356,0.0000031
56171,2012-09-01,I,0.3993712,0.0000028
56172,2012-09-02,I,0.3985418,0.0000031
56173,2012-09-03,I,0.3977367,0.0000032
56174,2012-09-04,I,0.3970028,0.0000057
56175,2012-09-05,I,0.3964291,0.0000058
56176,2012-09-06,I,0.3960454,0.0000057
56177,2012-09-07,I,0.3957383,0.0000057
56178,2012-09-08,I,0.3954904,0.0000058
56179,2012-09-09,I,0.3953013,0.0000047
56180,2012-09-10,I,0.3950435,0.0000047
56181,2012-09-11,I,0.3946592,0.0000039
56182,2012-09-12,I,0.3941003,0.0000044
56183,2012-09-13,I,0.3933570,0.0000049
56184,2012-09-14,I,0.3923912,0.0000050
56185,2012-09-15,I,0.3911574,0.0000098
56186,2012-09-16,I,0.3897550,0.0000062
56187,2012-09-17,I,0.3883395,0.0000058
56188,2012-09-18,I,0.3869764,0.0000059
56189,2012-09-19,I,0.3857667,0.0000047
56190,2012-09-20,I,0.3847240,0.0000042
56191,2012-09-21,I,0.3838911,0.0000040
56192,2012-09-22,I,0.3832327,0.0000050
56193,2012-09-23,I,0.3825820,0.0000035
56194,2012-09-24,I,0.3818681,0.0000032
56195,2012-09-25,I,0.3810252,0.0000032
56196,2012-09-26,I,0.3800104,0.0000031
56197,2012-09-27,I,0.3788030,0.0000032
56198,2012-09-28,I,0.3774658,0.0000031
56199,2012-09-29,I,0.3761275,0.0000047
56200,2012-09-30,I,0.3748350,0.0000050
56201,2012-10-01,I,0.3736760,0.0000049
56202,2012-10-02,I,0.3726921,0.0000078
56203,2012-10-03,I,0.3719102,0.0000053
56204,2012-10-04,I,0.3712461,0.0000053
56205,2012-10-05,I,0.3706723,0.0000048
56206,2012-10-06,I,0.3701625,0.0000048
56207,2012-10-07,I,0.3696688,0.0000048
56208,2012-10-08,I,0.3691137,0.0000035
56209,2012-10-09,I,0.3684180,0.0000111
56210,2012-10-10,I,0.3675530,0.0000044
56211,2012-10-11,I,0.3664901,0.0000044
56212,2012-10-12,I,0.3652605,0.0000045
56213,2012-10-13,I,0.3638862,0.0000046
56214,2012-10-14,I,0.3623986,0.0000033
56215,2012-10-15,I,0.3609005,0.0000024
56216,2012-10-16,I,0.3594861,0.0000035
56217,2012-10-17,I,0.3582281,0.0000017
56218,2012-10-18,I,0.3571637,0.0000018
56219,2012-10-19,I,0.3562709,0.0000015
56220,2012-10-20,I,0.3554906,0.0000034
56221,2012-10-21,I,0.3547319,0.0000031
56222,2012-10-22,I,0.3539122,0.0000030
56223,2012-10-23,I,0.3530166,0.0000063
56224,2012-10-24,I,0.3520151,0.0000060
56225,2012-10-25,I,0.3509232,0.0000063
56226,2012-10-26,I,0.3497723,0.0000041
56227,2012-10-27,I,0.3486052,0.0000086
56228,2012-10-28,I,0.3474935,0.0000057
56229,2012-10-29,I,0.3464766,0.0000057
56230,2012-10-30,I,0.3455560,0.0000058
56231,2012-10-31,I,0.3447103,0.0000042
56232,2012-11-01,I,0.3439520,0.0000044
56233,2012-11-02,I,0.3432288,0.0000038
56234,2012-11-03,I,0.3425421,0.0000040
56235,2012-11-04,I,0.3418066,0.0000043
56236,2012-11-05,I,0.3409600,0.0000043
56237,2012-11-06,I,0.3400028,0.0000063
56238,2012-11-07,I,0.3389475,0.0000054
56239,2012-11-08,I,0.3377324,0.0000054
56240,2012-11-09,I,0.3363812,0.0000055
56241,2012-11-10,I,0.3349834,0.0000055
56242,2012-11-11,I,0.3335335,0.0000035
56243,2012-11-12,I,0.3320284,0.0000035
56244,2012-11-13,I,0.3305328,0.0000032
56245,2012-11-14,I,0.3291351,0.0000032
56246,2012-11-15,I,0.3278191,0.0000034
56247,2012-11-16,I,0.3265233,0.0000033
56248,2012-11-17,I,0.3252203,0.0000052
56249,2012-11-18,I,0.3237945,0.0000061
56250,2012-11-19,I,0.3221881,0.0000054
56251,2012-11-20,I,0.3204726,0.0000059
56252,2012-11-21,I,0.3187333,0.0000057
56253,2012-11-22,I,0.3170146,0.0000057
56254,2012-11-23,I,0.3153467,0.0000057
56255,2012-11-24,I,0.3137657,0.0000060
56256,2012-11-25,I,0.3123299,0.0000038
56257,2012-11-26,I,0.3110510,0.0000036
56258,2012-11-27,I,0.3098885,0.0000036
56259,2012-11-28,I,0.3088531,0.0000025
56260,2012-11-29,I,0.3079131,0.0000026
56261,2012-11-30,I,0.3070124,0.0000018
56262,2012-12-01,I,0.3061399,0.0000018
56263,2012-12-02,I,0.3051859,0.0000021
56264,2012-12-03,I,0.3041521,0.0000021
56265,2012-12-04,I,0.3030432,0.0000036
56266,2012-12-05,I,0.3018403,0.0000029
56267,2012-12-06,I,0.3005391,0.0000028
56268,2012-12-07,I,0.2991782,0.0000028
56269,2012-12-08,I,0.2978093,0.0000028
56270,2012-12-09,I,0.2964536,0.0000021
56271,2012-12-10,I,0.2951226,0.0000033
56272,2012-12-11,I,0.2938993,0.0000040
56273,2012-12-12,I,0.2928127,0.0000037
56274,2012-12-13,I,0.2918578,0.0000040
56275,2012-12-14,I,0.2909503,0.0000040
56276,2012-12-15,I,0.2900183,0.0000064
56277,2012-12-16,I,0.2890199,0.0000054
56278,2012-12-17,I,0.2879482,0.0000035
56279,2012-12-18,I,0.2868211,0.0000044
56280,2012-12-19,I,0.2857017,0.0000046
56281,2012-12-20,I,0.2846791,0.0000047
56282,2012-12-21,I,0.2838031,0.0000046
56283,2012-12-22,I,0.2830518,0.0000045
56284,2012-12-23,I,0.2823359,0.0000063
56285,2012-12-24,I,0.2816704,0.0000058
56286,2012-12-25,I,0.2811052,0.0000116
56287,2012-12-26,I,0.2806228,0.0000039
56288,2012-12-27,I,0.2801644,0.0000041
56289,2012-12-28,I,0.2797098,0.0000045
56290,2012-12-29,I,0.2792396,0.0000046
56291,2012-12-30,I,0.2786482,0.0000046
56292,2012-12-31,I,0.2779265,0.0000029
56293,2013-01-01,I,0.2770909,0.0000067
56294,2013-01-02,I,0.2761301,0.0000035
56295,2013-01-03,I,0.2750390,0.0000031
56296,2013-01-04,I,0.2738592,0.0000029
56297,2013-01-05,I,0.2726594,0.0000030
56298,2013-01-06,I,0.2714718,0.0000027
56299,2013-01-07,I,0.2703958,0.0000022
56300,2013-01-08,I,0.2694627,0.0000044
56301,2013-01-09,I,0.2686133,0.0000040
56302,2013-01-10,I,0.2677618,0.0000041
56303,2013-01-11,I,0.2668071,0.0000042
56304,2013-01-12,I,0.2657257,0.0000062
56305,2013-01-13,I,0.2644880,0.0000061
56306,2013-01-14,I,0.2630828,0.0000045
56307,2013-01-15,I,0.2615655,0.0000053
56308,2013-01-16,I,0.2600741,0.0000053
56309,2013-01-17,I,0.2586797,0.0000055
56310,2013-01-18,I,0.2573759,0.0000053
56311,2013-01-19,I,0.2561239,0.0000054
56312,2013-01-20,I,0.2549625,0.0000072
56313,2013-01-21,I,0.2538633,0.0000052
56314,2013-01-22,I,0.2528018,0.0000051
56315,2013-01-23,I,0.2517366,0.0000054
56316,2013-01-24,I,0.2506442,0.0000052
56317,2013-01-25,I,0.2495164,0.0000051
56318,2013-01-26,I,0.2483898,0.0000051
56319,2013-01-27,I,0.2471418,0.0000054
56320,2013-01-28,I,0.2457638,0.0000051
56321,2013-01-29,I,0.2443016,0.0000044
56322,2013-01-30,I,0.2428084,0.0000036
56323,2013-01-31,I,0.2412368,0.0000037
56324,2013-02-01,I,0.2397410,0.0000039
56325,2013-02-02,I,0.2383595,0.0000045
56326,2013-02-03,I,0.2371356,0.0000053
56327,2013-02-04,I,0.2360374,0.0000052
56328,2013-02-05,I,0.2350300,0.0000064
56329,2013-02-06,I,0.2341084,0.0000053
56330,2013-02-07,I,0.2331743,0.0000051
56331,2013-02-08,I,0.2321369,0.0000051
56332,2013-02-09,I,0.2309402,0.0000048
56333,2013-02-10,I,0.2296051,0.0000047
56334,2013-02-11,I,0.2281962,0.0000047
56335,2013-02-12,I,0.2267749,0.0000060
56336,2013-02-13,I,0.2254471,0.0000049
56337,2013-02-14,I,0.2242867,0.0000048
56338,2013-02-15,I,0.2232879,0.0000048
56339,2013-02-16,I,0.2223839,0.0000046
56340,2013-02-17,I,0.2215870,0.0000049
56341,2013-02-18,I,0.2208981,0.0000047
56342,2013-02-19,I,0.2202771,0.0000079
56343,2013-02-20,I,0.2196415,0.0000069
56344,2013-02-21,I,0.2189318,0.0000068
56345,2013-02-22,I,0.2180807,0.0000065
56346,2013-02-23,I,0.2170512,0.0000073
56347,2013-02-24,I,0.2158446,0.0000063
56348,2013-02-25,I,0.2144827,0.0000064
56349,2013-02-26,I,0.2129276,0.0000068
56350,2013-02-27,I,0.2112466,0.0000057
56351,2013-02-28,I,0.2094922,0.0000064
56352,2013-03-01,I,0.2077492,0.0000064
56353,2013-03-02,I,0.2060622,0.0000079
56354,2013-03-03,I,0.2045307,0.0000065
56355,2013-03-04,I,0.2030719,0.0000063
56356,2013-03-05,I,0.2016072,0.0000088
56357,2013-03-06,I,0.2001142,0.0000039
56358,2013-03-07,I,0.1985640,0.0000033
56359,2013-03-08,I,0.1969081,0.0000030
56360,2013-03-09,I,0.1951532,0.0000034
56361,2013-03-10,I,0.1932825,0.0000040
56362,2013-03-11,I,0.1913807,0.0000033
56363,2013-03-12,I,0.1895051,0.0000058
56364,2013-03-13,I,0.1876624,0.0000061
56365,2013-03-14,I,0.1859111,0.0000056
56366,2013-03-15,I,0.1843053,0.0000057
56367,2013-03-16,I,0.1828344,0.0000052
56368,2013-03-17,I,0.1814622,0.0000071
56369,2013-03-18,I,0.1802006,0.0000066
56370,2013-03-19,I,0.1790053,0.0000068
56371,2013-03-20,I,0.1778653,0.0000044
56372,2013-03-21,I,0.1766857,0.0000045
56373,2013-03-22,I,0.1754752,0.0000047
56374,2013-03-23,I,0.1741560,0.0000040
56375,2013-03-24,I,0.1726614,0.0000033
56376,2013-03-25,I,0.1710147,0.0000042
56377,2013-03-26,I,0.1692309,0.0000048
56378,2013-03-27,I,0.1673260,0.0000049
56379,2013-03-28,I,0.1653499,0.0000047
56380,2013-03-29,I,0.1634160,0.0000045
56381,2013-03-30,I,0.1615592,0.0000060
56382,2013-03-31,I,0.1598249,0.0000105
56383,2013-04-01,I,0.1581874,0.0000044
56384,2013-04-02,I,0.1566131,0.0000043
56385,2013-04-03,I,0.1550285,0.0000034
56386,2013-04-04,I,0.1534245,0.0000034
56387,2013-04-05,I,0.1517410,0.0000034
56388,2013-04-06,I,0.1499114,0.0000035
56389,2013-04-07,I,0.1480220,0.0000021
56390,2013-04-08,I,0.1461464,0.0000020
56391,2013-04-09,I,0.1443015,0.0000020
56392,2013-04-10,I,0.1425486,0.0000021
56393,2013-04-11,I,0.1409438,0.0000021
56394,2013-04-12,I,0.1395077,0.0000020
56395,2013-04-13,I,0.1382141,0.0000029
56396,2013-04-14,I,0.1370315,0.0000031
56397,2013-04-15,I,0.1359352,0.0000028
56398,2013-04-16,I,0.1348339,0.0000041
56399,2013-04-17,I,0.1336846,0.0000035
56400,2013-04-18,I,0.1325236,0.0000034
56401,2013-04-19,I,0.1312859,0.0000035
56402,2013-04-20,I,0.1298863,0.0000037
56403,2013-04-21,I,0.1283439,0.0000046
56404,2013-04-22,I,0.1267108,0.0000044
56405,2013-04-23,I,0.1249617,0.0000053
56406,2013-04-24,I,0.1231367,0.0000067
56407,2013-04-25,I,0.1213216,0.0000067
56408,2013-04-26,I,0.1195707,0.0000065
56409,2013-04-27,I,0.1179535,0.0000118
56410,2013-04-28,I,0.1164958,0.0000083
56411,2013-04-29,I,0.1151272,0.0000083
56412,2013-04-30,I,0.1137697,0.0000054
56413,2013-05-01,I,0.1123714,0.0000050
56414,2013-05-02,I,0.1108950,0.0000051
56415,2013-05-03,I,0.1092964,0.0000051
56416,2013-05-04,I,0.1076446,0.0000053
56417,2013-05-05,I,0.1059401,0.0000055
56418,2013-05-06,I,0.1042767,0.0000051
56419,2013-05-07,I,0.1026739,0.0000059
56420,2013-05-08,I,0.1011310,0.0000052
56421,2013-05-09,I,0.0997519,0.0000054
56422,2013-05-10,I,0.0985591,0.0000055
56423,2013-05-11,I,0.0974628,0.0000049
56424,2013-05-12,I,0.0964673,0.0000047
56425,2013-05-13,I,0.0955559,0.0000061
56426,2013-05-14,I,0.0946677,0.0000064
56427,2013-05-15,I,0.0937318,0.0000052
56428,2013-05-16,I,0.0927271,0.0000051
56429,2013-05-17,I,0.0916030,0.0000051
56430,2013-05-18,I,0.0903520,0.0000056
56431,2013-05-19,I,0.0889571,0.0000038
56432,2013-05-20,I,0.0874723,0.0000038
56433,2013-05-21,I,0.0859485,0.0000078
56434,2013-05-22,I,0.0844544,0.0000061
56435,2013-05-23,I,0.0830456,0.0000059
56436,2013-05-24,I,0.0817386,0.0000059
56437,2013-05-25,I,0.0805279,0.0000059
56438,2013-05-26,I,0.0794526,0.0000086
56439,2013-05-27,I,0.0784835,0.0000082
56440,2013-05-28,I,0.0775684,0.0000096
56441,2013-05-29,I,0.0766749,0.0000107
56442,2013-05-30,I,0.0757541,0.0000112
56443,2013-05-31,I,0.0748112,0.0000120
56444,2013-06-01,I,0.0739816,0.0000135
56445,2013-06-02,I,0.0732142,0.0000118
56446,2013-06-03,I,0.0725261,0.0000117
56447,2013-06-04,I,0.0719188,0.0000127
56448,2013-06-05,I,0.0714419,0.0000090
56449,2013-06-06,I,0.0710720,0.0000085
56450,2013-06-07,I,0.0707938,0.0000054
56451,2013-06-08,I,0.0706070,0.0000060
56452,2013-06-09,I,0.0705147,0.0000049
56453,2013-06-10,I,0.0704234,0.0000042
56454,2013-06-11,I,0.0702420,0.0000057
56455,2013-06-12,I,0.0699977,0.0000050
56456,2013-06-13,I,0.0696561,0.0000051
56457,2013-06-14,I,0.0691571,0.0000057
56458,2013-06-15,I,0.0685349,0.0000089
56459,2013-06-16,I,0.0678064,0.0000073
56460,2013-06-17,I,0.0670063,0.0000075
56461,2013-06-18,I,0.0661313,0.0000079
56462,2013-06-19,I,0.0652946,0.0000051
56463,2013-06-20,I,0.0644936,0.0000046
56464,2013-06-21,I,0.0637705,0.0000042
56465,2013-06-22,I,0.0631776,0.0000045
56466,2013-06-23,I,0.0626242,0.0000041
56467,2013-06-24,I,0.0620486,0.0000042
56468,2013-06-25,I,0.0613785,0.0000052
56469,2013-06-26,I,0.0606405,0.0000038
56470,2013-06-27,I,0.0598425,0.0000038
56471,2013-06-28,I,0.0590551,0.0000033
56472,2013-06-29,I,0.0583377,0.0000033
56473,2013-06-30,I,0.0577583,0.0000038
56474,2013-07-01,I,0.0573599,0.0000036
56475,2013-07-02,I,0.0571685,0.0000050
56476,2013-07-03,I,0.0571524,0.0000051
56477,2013-07-04,I,0.0573061,0.0000051
56478,2013-07-05,I,0.0575859,0.0000052
56479,2013-07-06,I,0.0579201,0.0000078
56480,2013-07-07,I,0.0582709,0.0000060
56481,2013-07-08,I,0.0585745,0.0000044
56482,2013-07-09,I,0.0587690,0.0000042
56483,2013-07-10,I,0.0588351,0.0000043
56484,2013-07-11,I,0.0587556,0.0000041
56485,2013-07-12,I,0.0585291,0.0000041
56486,2013-07-13,I,0.0582157,0.0000096
56487,2013-07-14,I,0.0578346,0.0000117
56488,2013-07-15,I,0.0574160,0.0000071
56489,2013-07-16,I,0.0569702,0.0000077
56490,2013-07-17,I,0.0565365,0.0000075
56491,2013-07-18,I,0.0561813,0.0000075
56492,2013-07-19,I,0.0558717,0.0000074
56493,2013-07-20,I,0.0556366,0.0000073
56494,2013-07-21,I,0.0554172,0.0000073
56495,2013-07-22,I,0.0551567,0.0000071
56496,2013-07-23,I,0.0547824,0.0000072
56497,2013-07-24,I,0.0542778,0.0000064
56498,2013-07-25,I,0.0536586,0.0000065
56499,2013-07-26,I,0.0530038,0.0000062
56500,2013-07-27,I,0.0523582,0.0000076
56501,2013-07-28,I,0.0518211,0.0000076
56502,2013-07-29,I,0.0513956,0.0000076
56503,2013-07-30,I,0.0510983,0.0000148
56504,2013-07-31,I,0.0509405,0.0000059
56505,2013-08-01,I,0.0508609,0.0000056
56506,2013-08-02,I,0.0508637,0.0000040
56507,2013-08-03,I,0.0509223,0.0000041
56508,2013-08-04,I,0.0509561,0.0000040
56509,2013-08-05,I,0.0509268,0.0000039
56510,2013-08-06,I,0.0507820,0.0000053
56511,2013-08-07,I,0.0505595,0.0000050
56512,2013-08-08,I,0.0502410,0.0000050
56513,2013-08-09,I,0.0498328,0.0000049
56514,2013-08-10,I,0.0493321,0.0000073
56515,2013-08-11,I,0.0487723,0.0000062
56516,2013-08-12,I,0.0482448,0.0000046
56517,2013-08-13,I,0.0477920,0.0000047
56518,2013-08-14,I,0.0473982,0.0000050
56519,2013-08-15,I,0.0470580,0.0000051
56520,2013-08-16,I,0.0467527,0.0000050
56521,2013-08-17,I,0.0464170,0.0000049
56522,2013-08-18,I,0.0459724,0.0000081
56523,2013-08-19,I,0.0453891,0.0000081
56524,2013-08-20,I,0.0446732,0.0000074
56525,2013-08-21,I,0.0438280,0.0000058
56526,2013-08-22,I,0.0429478,0.0000058
56527,2013-08-23,I,0.0420853,0.0000059
56528,2013-08-24,I,0.0412834,0.0000060
56529,2013-08-25,I,0.0405919,0.0000061
56530,2013-08-26,I,0.0399971,0.0000065
56531,2013-08-27,I,0.0395295,0.0000098
56532,2013-08-28,I,0.0391929,0.0000037
56533,2013-08-29,I,0.0389134,0.0000035
56534,2013-08-30,I,0.0386829,0.0000033
56535,2013-08-31,I,0.0384563,0.0000032
56536,2013-09-01,I,0.0382030,0.0000030
56537,2013-09-02,I,0.0378499,0.0000038
56538,2013-09-03,I,0.0373860,0.0000070
56539,2013-09-04,I,0.0367941,0.0000050
56540,2013-09-05,I,0.0360611,0.0000050
56541,2013-09-06,I,0.0351828,0.0000050
56542,2013-09-07,I,0.0342281,0.0000046
56543,2013-09-08,I,0.0332595,0.0000032
56544,2013-09-09,I,0.0323559,0.0000032
56545,2013-09-10,I,0.0315380,0.0000057
56546,2013-09-11,I,0.0307827,0.0000039
56547,2013-09-12,I,0.0301072,0.0000038
56548,2013-09-13,I,0.0294774,0.0000038
56549,2013-09-14,I,0.0288044,0.0000038
56550,2013-09-15,I,0.0280182,0.0000040
56551,2013-09-16,I,0.0270773,0.0000044
56552,2013-09-17,I,0.0259619,0.0000086
56553,2013-09-18,I,0.0246739,0.0000042
56554,2013-09-19,I,0.0233047,0.0000043
56555,2013-09-20,I,0.0219471,0.0000044
56556,2013-09-21,I,0.0207346,0.0000044
56557,2013-09-22,I,0.0196520,0.0000037
56558,2013-09-23,I,0.0187040,0.0000028
56559,2013-09-24,I,0.0178257,0.0000042
56560,2013-09-25,I,0.0169739,0.0000031
56561,2013-09-26,I,0.0161847,0.0000028
56562,2013-09-27,I,0.0154357,0.0000030
56563,2013-09-28,I,0.0147334,0.0000032
56564,2013-09-29,I,0.0140076,0.0000049
56565,2013-09-30,I,0.0131841,0.0000052
56566,2013-10-01,I,0.0122600,0.0000114
56567,2013-10-02,I,0.0112094,0.0000080
56568,2013-10-03,I,0.0100236,0.0000084
56569,2013-10-04,I,0.0088021,0.0000087
56570,2013-10-05,I,0.0075108,0.0000090
56571,2013-10-06,I,0.0062132,0.0000088
56572,2013-10-07,I,0.0049493,0.0000086
56573,2013-10-08,I,0.0037486,0.0000121
56574,2013-10-09,I,0.0025843,0.0000074
56575,2013-10-10,I,0.0014680,0.0000072
56576,2013-10-11,I,0.0003834,0.0000068
56577,2013-10-12,I,-0.0007695,0.0000051
56578,2013-10-13,I,-0.0019572,0.0000054
56579,2013-10-14,I,-0.0032770,0.0000049
56580,2013-10-15,I,-0.0047187,0.0000114
56581,2013-10-16,I,-0.0062343,0.0000072
56582,2013-10-17,I,-0.0077481,0.0000072
56583,2013-10-18,I,-0.0092401,0.0000078
56584,2013-10-19,I,-0.0105956,0.0000084
56585,2013-10-20,I,-0.0117687,0.0000072
56586,2013-10-21,I,-0.0127656,0.0000073
56587,2013-10-22,I,-0.0136313,0.0000082
56588,2013-10-23,I,-0.0144201,0.0000070
56589,2013-10-24,I,-0.0151783,0.0000069
56590,2013-10-25,I,-0.0160253,0.0000057
56591,2013-10-26,I,-0.0170091,0.0000070
56592,2013-10-27,I,-0.0180639,0.0000051
56593,2013-10-28,I,-0.0192528,0.0000052
56594,2013-10-29,I,-0.0206063,0.0000047
56595,2013-10-30,I,-0.0220570,0.0000051
56596,2013-10-31,I,-0.0235861,0.0000050
56597,2013-11-01,I,-0.0251069,0.0000051
56598,2013-11-02,I,-0.0265246,0.0000063
56599,2013-11-03,I,-0.0278841,0.0000060
56600,2013-11-04,I,-0.0292093,0.0000066
56601,2013-11-05,I,-0.0304821,0.0000057
56602,2013-11-06,I,-0.0317261,0.0000049
56603,2013-11-07,I,-0.0328912,0.0000046
56604,2013-11-08,I,-0.0340328,0.0000045
56605,2013-11-09,I,-0.0351967,0.0000044
56606,2013-11-10,I,-0.0364450,0.0000044
56607,2013-11-11,I,-0.0377924,0.0000048
56608,2013-11-12,I,-0.0392291,0.0000056
56609,2013-11-13,I,-0.0407233,0.0000047
56610,2013-11-14,I,-0.0421877,0.0000048
56611,2013-11-15,I,-0.0435631,0.0000047
56612,2013-11-16,I,-0.0447718,0.0000043
56613,2013-11-17,I,-0.0458689,0.0000032
56614,2013-11-18,I,-0.0468719,0.0000026
56615,2013-11-19,I,-0.0478037,0.0000025
56616,2013-11-20,I,-0.0486906,0.0000039
56617,2013-11-21,I,-0.0495717,0.0000039
56618,2013-11-22,I,-0.0504531,0.0000039
56619,2013-11-23,I,-0.0514154,0.0000055
56620,2013-11-24,I,-0.0525427,0.0000046
56621,2013-11-25,I,-0.0537417,0.0000047
56622,2013-11-26,I,-0.0549998,0.0000037
56623,2013-11-27,I,-0.0563533,0.0000053
56624,2013-11-28,I,-0.0577847,0.0000077
56625,2013-11-29,I,-0.0592297,0.0000105
56626,2013-11-30,I,-0.0606129,0.0000190
56627,2013-12-01,I,-0.0619812,0.0000087
56628,2013-12-02,I,-0.0632761,0.0000086
56629,2013-12-03,I,-0.0644831,0.0000088
56630,2013-12-04,I,-0.0655974,0.0000065
56631,2013-12-05,I,-0.0667483,0.0000055
56632,2013-12-06,I,-0.0679488,0.0000054
56633,2013-12-07,I,-0.0692549,0.0000050
56634,2013-12-08,I,-0.0706430,0.0000047
56635,2013-12-09,I,-0.0720710,0.0000040
56636,2013-12-10,I,-0.0734653,0.0000069
56637,2013-12-11,I,-0.0747597,0.0000055
56638,2013-12-12,I,-0.0759619,0.0000055
56639,2013-12-13,I,-0.0770561,0.0000054
56640,2013-12-14,I,-0.0780415,0.0000061
56641,2013-12-15,I,-0.0788776,0.0000060
56642,2013-12-16,I,-0.0796010,0.0000040
56643,2013-12-17,I,-0.0802402,0.0000047
56644,2013-12-18,I,-0.0808341,0.0000032
56645,2013-12-19,I,-0.0814769,0.0000032
56646,2013-12-20,I,-0.0821954,0.0000028
56647,2013-12-21,I,-0.0830417,0.0000023
56648,2013-12-22,I,-0.0840356,0.0000018
56649,2013-12-23,I,-0.0851591,0.0000016
56650,2013-12-24,I,-0.0864035,0.0000017
56651,2013-12-25,I,-0.0877268,0.0000019
56652,2013-12-26,I,-0.0890999,0.0000019
56653,2013-12-27,I,-0.0905278,0.0000019
56654,2013-12-28,I,-0.0919538,0.0000028
56655,2013-12-29,I,-0.0933492,0.0000026
56656,2013-12-30,I,-0.0946579,0.0000026
56657,2013-12-31,I,-0.0958804,0.0000034
56658,2014-01-01,I,-0.0970383,0.0000031
56659,2014-01-02,I,-0.0982338,0.0000040
56660,2014-01-03,I,-0.0995090,0.0000042
56661,2014-01-04,I,-0.1008335,0.0000071
56662,2014-01-05,I,-0.1022355,0.0000058
56663,2014-01-06,I,-0.1036535,0.0000058
56664,2014-01-07,I,-0.1049890,0.0000064
56665,2014-01-08,I,-0.1061710,0.0000054
56666,2014-01-09,I,-0.1071896,0.0000054
56667,2014-01-10,I,-0.1080903,0.0000055
56668,2014-01-11,I,-0.1088486,0.0000058
56669,2014-01-12,I,-0.1094555,0.0000051
56670,2014-01-13,I,-0.1100272,0.0000051
56671,2014-01-14,I,-0.1105759,0.0000058
56672,2014-01-15,I,-0.1111581,0.0000038
56673,2014-01-16,I,-0.1118144,0.0000036
56674,2014-01-17,I,-0.1125953,0.0000039
56675,2014-01-18,I,-0.1134977,0.0000039
56676,2014-01-19,I,-0.1145490,0.0000044
56677,2014-01-20,I,-0.1157167,0.0000040
56678,2014-01-21,I,-0.1169494,0.0000050
56679,2014-01-22,I,-0.1182290,0.0000034
56680,2014-01-23,I,-0.1195153,0.0000032
56681,2014-01-24,I,-0.1207227,0.0000034
56682,2014-01-25,I,-0.1218321,0.0000035
56683,2014-01-26,I,-0.1228909,0.0000039
56684,2014-01-27,I,-0.1238500,0.0000039
56685,2014-01-28,I,-0.1247940,0.0000055
56686,2014-01-29,I,-0.1258157,0.0000062
56687,2014-01-30,I,-0.1269615,0.0000068
56688,2014-01-31,I,-0.1282637,0.0000072
56689,2014-02-01,I,-0.1296452,0.0000073
56690,2014-02-02,I,-0.1310519,0.0000063
56691,2014-02-03,I,-0.1324499,0.0000067
56692,2014-02-04,I,-0.1337375,0.0000064
56693,2014-02-05,I,-0.1348701,0.0000041
56694,2014-02-06,I,-0.1357755,0.0000033
56695,2014-02-07,I,-0.1365457,0.0000032
56696,2014-02-08,I,-0.1372273,0.0000036
56697,2014-02-09,I,-0.1378173,0.0000047
56698,2014-02-10,I,-0.1383820,0.0000045
56699,2014-02-11,I,-0.1390005,0.0000054
56700,2014-02-12,I,-0.1396690,0.0000047
56701,2014-02-13,I,-0.1404686,0.0000048
56702,2014-02-14,I,-0.1413991,0.0000050
56703,2014-02-15,I,-0.1424488,0.0000030
56704,2014-02-16,I,-0.1436459,0.0000049
56705,2014-02-17,I,-0.1449452,0.0000061
56706,2014-02-18,I,-0.1463082,0.0000117
56707,2014-02-19,I,-0.1477058,0.0000064
56708,2014-02-20,I,-0.1490579,0.0000063
56709,2014-02-21,I,-0.1503436,0.0000063
56710,2014-02-22,I,-0.1515416,0.0000049
56711,2014-02-23,I,-0.1526764,0.0000054
56712,2014-02-24,I,-0.1538181,0.0000054
56713,2014-02-25,I,-0.1550359,0.0000067
56714,2014-02-26,I,-0.1563919,0.0000056
56715,2014-02-27,I,-0.1579295,0.0000059
56716,2014-02-28,I,-0.1597342,0.0000062
56717,2014-03-01,I,-0.1616968,0.0000060
56718,2014-03-02,I,-0.1636895,0.0000044
56719,2014-03-03,I,-0.1656599,0.0000044
56720,2014-03-04,I,-0.1675222,0.0000046
56721,2014-03-05,I,-0.1692196,0.0000038
56722,2014-03-06,I,-0.1707389,0.0000029
56723,2014-03-07,I,-0.1721094,0.0000029
56724,2014-03-08,I,-0.1733443,0.0000042
56725,2014-03-09,I,-0.1744687,0.0000043
56726,2014-03-10,I,-0.1755480,0.0000040
56727,2014-03-11,I,-0.1766243,0.0000045
56728,2014-03-12,I,-0.1776736,0.0000044
56729,2014-03-13,I,-0.1787788,0.0000045
56730,2014-03-14,I,-0.1799770,0.0000046
56731,2014-03-15,I,-0.1812363,0.0000047
56732,2014-03-16,I,-0.1825130,0.0000056
56733,2014-03-17,I,-0.1837860,0.0000059
56734,2014-03-18,I,-0.1850303,0.0000085
56735,2014-03-19,I,-0.1862528,0.0000071
56736,2014-03-20,I,-0.1874414,0.0000067
56737,2014-03-21,I,-0.1885837,0.0000070
56738,2014-03-22,I,-0.1896806,0.0000078
56739,2014-03-23,I,-0.1908195,0.0000047
56740,2014-03-24,I,-0.1920456,0.0000045
56741,2014-03-25,I,-0.1933490,0.0000050
56742,2014-03-26,I,-0.1947880,0.0000049
56743,2014-03-27,I,-0.1964000,0.0000050
56744,2014-03-28,I,-0.1981001,0.0000049
56745,2014-03-29,I,-0.1998763,0.0000060
56746,2014-03-30,I,-0.2016788,0.0000042
56747,2014-03-31,I,-0.2034139,0.0000039
56748,2014-04-01,I,-0.2050030,0.0000032
56749,2014-04-02,I,-0.2064612,0.0000033
56750,2014-04-03,I,-0.2078270,0.0000035
56751,2014-04-04,I,-0.2090778,0.0000034
56752,2014-04-05,I,-0.2102667,0.0000046
56753,2014-04-06,I,-0.2114790,0.0000055
56754,2014-04-07,I,-0.2126790,0.0000055
56755,2014-04-08,I,-0.2138681,0.0000065
56756,2014-04-09,I,-0.2150684,0.0000056
56757,2014-04-10,I,-0.2163440,0.0000056
56758,2014-04-11,I,-0.2176690,0.0000059
56759,2014-04-12,I,-0.2190724,0.0000061
56760,2014-04-13,I,-0.2204899,0.0000039
56761,2014-04-14,I,-0.2219743,0.0000047
56762,2014-04-15,I,-0.2234264,0.0000049
56763,2014-04-16,I,-0.2247221,0.0000049
56764,2014-04-17,I,-0.2259292,0.0000046
56765,2014-04-18,I,-0.2271312,0.0000047
56766,2014-04-19,I,-0.2283242,0.0000069
56767,2014-04-20,I,-0.2295665,0.0000111
56768,2014-04-21,I,-0.2308673,0.0000047
56769,2014-04-22,I,-0.2322960,0.0000046
56770,2014-04-23,I,-0.2338981,0.0000035
56771,2014-04-24,I,-0.2356233,0.0000035
56772,2014-04-25,I,-0.2374777,0.0000035
56773,2014-04-26,I,-0.2394754,0.0000037
56774,2014-04-27,I,-0.2414582,0.0000053
56775,2014-04-28,I,-0.2433201,0.0000047
56776,2014-04-29,I,-0.2450388,0.0000057
56777,2014-04-30,I,-0.2465370,0.0000061
56778,2014-05-01,I,-0.2478433,0.0000062
56779,2014-05-02,I,-0.2490107,0.0000062
56780,2014-05-03,I,-0.2501332,0.0000037
56781,2014-05-04,I,-0.2512326,0.0000071
56782,2014-05-05,I,-0.2523575,0.0000053
56783,2014-05-06,I,-0.2535367,0.0000046
56784,2014-05-07,I,-0.2547854,0.0000037
56785,2014-05-08,I,-0.2561064,0.0000030
56786,2014-05-09,I,-0.2575214,0.0000029
56787,2014-05-10,I,-0.2589526,0.0000020
56788,2014-05-11,I,-0.2604045,0.0000020
56789,2014-05-12,I,-0.2617971,0.0000020
56790,2014-05-13,I,-0.2631211,0.0000021
56791,2014-05-14,I,-0.2642948,0.0000021
56792,2014-05-15,I,-0.2654046,0.0000020
56793,2014-05-16,I,-0.2664327,0.0000020
56794,2014-05-17,I,-0.2674294,0.0000022
56795,2014-05-18,I,-0.2684738,0.0000032
56796,2014-05-19,I,-0.2696121,0.0000035
56797,2014-05-20,I,-0.2708920,0.0000042
56798,2014-05-21,I,-0.2722925,0.0000039
56799,2014-05-22,I,-0.2737699,0.0000052
56800,2014-05-23,I,-0.2752180,0.0000056
56801,2014-05-24,I,-0.2766420,0.0000050
56802,2014-05-25,I,-0.2779204,0.0000054
56803,2014-05-26,I,-0.2790232,0.0000047
56804,2014-05-27,I,-0.2799550,0.0000052
56805,2014-05-28,I,-0.2807109,0.0000046
56806,2014-05-29,I,-0.2813415,0.0000047
56807,2014-05-30,I,-0.2818273,0.0000047
56808,2014-05-31,I,-0.2822320,0.0000047
56809,2014-06-01,I,-0.2826209,0.0000056
56810,2014-06-02,I,-0.2830388,0.0000060
56811,2014-06-03,I,-0.2834856,0.0000067
56812,2014-06-04,I,-0.2839761,0.0000062
56813,2014-06-05,I,-0.2845840,0.0000063
56814,2014-06-06,I,-0.2852180,0.0000062
56815,2014-06-07,I,-0.2859513,0.0000075
56816,2014-06-08,I,-0.2866921,0.0000065
56817,2014-06-09,I,-0.2873932,0.0000060
56818,2014-06-10,I,-0.2880675,0.0000064
56819,2014-06-11,I,-0.2887623,0.0000059
56820,2014-06-12,I,-0.2893958,0.0000060
56821,2014-06-13,I,-0.2900413,0.0000061
56822,2014-06-14,I,-0.2906944,0.0000060
56823,2014-06-15,I,-0.2914330,0.0000070
56824,2014-06-16,I,-0.2922606,0.0000074
56825,2014-06-17,I,-0.2932302,0.0000093
56826,2014-06-18,I,-0.2943704,0.0000059
56827,2014-06-19,I,-0.2955044,0.0000057
56828,2014-06-20,I,-0.2966786,0.0000056
56829,2014-06-21,I,-0.2977463,0.0000056
56830,2014-06-22,I,-0.2986769,0.0000057
56831,2014-06-23,I,-0.2994001,0.0000057
56832,2014-06-24,I,-0.2999901,0.0000061
56833,2014-06-25,I,-0.3003898,0.0000050
56834,2014-06-26,I,-0.3007127,0.0000050
56835,2014-06-27,I,-0.3008696,0.0000050
56836,2014-06-28,I,-0.3010117,0.0000050
56837,2014-06-29,I,-0.3012320,0.0000047
56838,2014-06-30,I,-0.3015187,0.0000050
56839,2014-07-01,I,-0.3018459,0.0000057
56840,2014-07-02,I,-0.3022180,0.0000061
56841,2014-07-03,I,-0.3026865,0.0000061
56842,2014-07-04,I,-0.3032358,0.0000046
56843,2014-07-05,I,-0.3037720,0.0000051
56844,2014-07-06,I,-0.3042743,0.0000036
56845,2014-07-07,I,-0.3047034,0.0000040
56846,2014-07-08,I,-0.3050498,0.0000028
56847,2014-07-09,I,-0.3053529,0.0000020
56848,2014-07-10,I,-0.3056174,0.0000022
56849,2014-07-11,I,-0.3059711,0.0000024
56850,2014-07-12,I,-0.3063702,0.0000029
56851,2014-07-13,I,-0.3069123,0.0000047
56852,2014-07-14,I,-0.3076262,0.0000047
56853,2014-07-15,I,-0.3085082,0.0000063
56854,2014-07-16,I,-0.3094163,0.0000053
56855,2014-07-17,I,-0.3103450,0.0000057
56856,2014-07-18,I,-0.3111697,0.0000057
56857,2014-07-19,I,-0.3118756,0.0000053
56858,2014-07-20,I,-0.3124224,0.0000053
56859,2014-07-21,I,-0.3127713,0.0000054
56860,2014-07-22,I,-0.3129852,0.0000117
56861,2014-07-23,I,-0.3130897,0.0000041
56862,2014-07-24,I,-0.3131074,0.0000039
56863,2014-07-25,I,-0.3131465,0.0000043
56864,2014-07-26,I,-0.3131767,0.0000052
56865,2014-07-27,I,-0.3132680,0.0000034
56866,2014-07-28,I,-0.3134264,0.0000034
56867,2014-07-29,I,-0.3136543,0.0000037
56868,2014-07-30,I,-0.3140280,0.0000031
56869,2014-07-31,I,-0.3144596,0.0000028
56870,2014-08-01,I,-0.3149147,0.0000021
56871,2014-08-02,I,-0.3153168,0.0000035
56872,2014-08-03,I,-0.3156480,0.0000032
56873,2014-08-04,I,-0.3159244,0.0000031
56874,2014-08-05,I,-0.3161113,0.0000047
56875,2014-08-06,I,-0.3162391,0.0000034
56876,2014-08-07,I,-0.3163210,0.0000072
56877,2014-08-08,I,-0.3164063,0.0000079
56878,2014-08-09,I,-0.3166580,0.0000105
56879,2014-08-10,I,-0.3170554,0.0000086
56880,2014-08-11,I,-0.3176567,0.0000086
56881,2014-08-12,I,-0.3183680,0.0000105
56882,2014-08-13,I,-0.3191870,0.0000049
56883,2014-08-14,I,-0.3200406,0.0000057
56884,2014-08-15,I,-0.3207990,0.0000053
56885,2014-08-16,I,-0.3214286,0.0000059
56886,2014-08-17,I,-0.3219281,0.0000032
56887,2014-08-18,I,-0.3223465,0.0000032
56888,2014-08-19,I,-0.3226636,0.0000034
56889,2014-08-20,I,-0.3228541,0.0000018
56890,2014-08-21,I,-0.3230495,0.0000025
56891,2014-08-22,I,-0.3232151,0.0000028
56892,2014-08-23,I,-0.3234376,0.0000043
56893,2014-08-24,I,-0.3236686,0.0000031
56894,2014-08-25,I,-0.3238992,0.0000031
56895,2014-08-26,I,-0.3241938,0.0000038
56896,2014-08-27,I,-0.3245904,0.0000029
56897,2014-08-28,I,-0.3250723,0.0000028
56898,2014-08-29,I,-0.3255697,0.0000028
56899,2014-08-30,I,-0.3260573,0.0000051
56900,2014-08-31,I,-0.3265866,0.0000048
56901,2014-09-01,I,-0.3270936,0.0000024
56902,2014-09-02,I,-0.3276187,0.0000031
56903,2014-09-03,I,-0.3281385,0.0000029
56904,2014-09-04,I,-0.3286925,0.0000029
56905,2014-09-05,I,-0.3292707,0.0000029
56906,2014-09-06,I,-0.3300446,0.0000029
56907,2014-09-07,I,-0.3309788,0.0000041
56908,2014-09-08,I,-0.3321068,0.0000034
56909,2014-09-09,I,-0.3333858,0.0000038
56910,2014-09-10,I,-0.3346911,0.0000024
56911,2014-09-11,I,-0.3358939,0.0000026
56912,2014-09-12,I,-0.3369338,0.0000028
56913,2014-09-13,I,-0.3377698,0.0000025
56914,2014-09-14,I,-0.3384770,0.0000029
56915,2014-09-15,I,-0.3390958,0.0000029
56916,2014-09-16,I,-0.3396704,0.0000046
56917,2014-09-17,I,-0.3402588,0.0000046
56918,2014-09-18,I,-0.3409302,0.0000047
56919,2014-09-19,I,-0.3416097,0.0000045
56920,2014-09-20,I,-0.3423108,0.0000092
56921,2014-09-21,I,-0.3430601,0.0000040
56922,2014-09-22,I,-0.3439051,0.0000060
56923,2014-09-23,I,-0.3448340,0.0000064
56924,2014-09-24,I,-0.3457021,0.0000063
56925,2014-09-25,I,-0.3466653,0.0000063
56926,2014-09-26,I,-0.3475740,0.0000063
56927,2014-09-27,I,-0.3483662,0.0000200
56928,2014-09-28,I,-0.3491320,0.0000046
56929,2014-09-29,I,-0.3498404,0.0000048
56930,2014-09-30,I,-0.3505599,0.0000036
56931,2014-10-01,I,-0.3512658,0.0000036
56932,2014-10-02,I,-0.3520544,0.0000048
56933,2014-10-03,I,-0.3529137,0.0000060
56934,2014-10-04,I,-0.3540035,0.0000080
56935,2014-10-05,I,-0.3552989,0.0000072
56936,2014-10-06,I,-0.3567413,0.0000107
56937,2014-10-07,I,-0.3582963,0.0000109
56938,2014-10-08,I,-0.3599479,0.0000067
56939,2014-10-09,I,-0.3614677,0.0000059
56940,2014-10-10,I,-0.3628252,0.0000059
56941,2014-10-11,I,-0.3640000,0.0000059
56942,2014-10-12,I,-0.3650925,0.0000070
56943,2014-10-13,I,-0.3661121,0.0000065
56944,2014-10-14,I,-0.3670286,0.0000113
56945,2014-10-15,I,-0.3679116,0.0000075
56946,2014-10-16,I,-0.3688248,0.0000071
56947,2014-10-17,I,-0.3697884,0.0000070
56948,2014-10-18,I,-0.3707585,0.0000060
56949,2014-10-19,I,-0.3718601,0.0000039
56950,2014-10-20,I,-0.3730225,0.0000036
56951,2014-10-21,I,-0.3742835,0.0000035
56952,2014-10-22,I,-0.3756224,0.0000036
56953,2014-10-23,I,-0.3770269,0.0000036
56954,2014-10-24,I,-0.3782970,0.0000031
56955,2014-10-25,I,-0.3794815,0.0000045
56956,2014-10-26,I,-0.3805888,0.0000047
56957,2014-10-27,I,-0.3816040,0.0000041
56958,2014-10-28,I,-0.3825892,0.0000040
56959,2014-10-29,I,-0.3835930,0.0000042
56960,2014-10-30,I,-0.3846721,0.0000042
56961,2014-10-31,I,-0.3858203,0.0000042
56962,2014-11-01,I,-0.3871030,0.0000054
56963,2014-11-02,I,-0.3886351,0.0000035
56964,2014-11-03,I,-0.3903277,0.0000034
56965,2014-11-04,I,-0.3920178,0.0000027
56966,2014-11-05,I,-0.3936560,0.0000023
56967,2014-11-06,I,-0.3951751,0.0000023
56968,2014-11-07,I,-0.3965180,0.0000017
56969,2014-11-08,I,-0.3977507,0.0000025
56970,2014-11-09,I,-0.3987604,0.0000026
56971,2014-11-10,I,-0.3996613,0.0000027
56972,2014-11-11,I,-0.4005263,0.0000060
56973,2014-11-12,I,-0.4013595,0.0000019
56974,2014-11-13,I,-0.4022739,0.0000025
56975,2014-11-14,I,-0.4032271,0.0000033
56976,2014-11-15,I,-0.4042344,0.0000033
56977,2014-11-16,I,-0.4052845,0.0000031
56978,2014-11-17,I,-0.4064431,0.0000030
56979,2014-11-18,I,-0.4076876,0.0000054
56980,2014-11-19,I,-0.4089511,0.0000036
56981,2014-11-20,I,-0.4101976,0.0000028
56982,2014-11-21,I,-0.4113468,0.0000028
56983,2014-11-22,I,-0.4124480,0.0000031
56984,2014-11-23,I,-0.4135088,0.0000056
56985,2014-11-24,I,-0.4145265,0.0000047
56986,2014-11-25,I,-0.4155291,0.0000061
56987,2014-11-26,I,-0.4165166,0.0000060
56988,2014-11-27,I,-0.4175513,0.0000060
56989,2014-11-28,I,-0.4187161,0.0000071
56990,2014-11-29,I,-0.4200603,0.0000048
56991,2014-11-30,I,-0.4215121,0.0000080
56992,2014-12-01,I,-0.4230253,0.0000080
56993,2014-12-02,I,-0.4244870,0.0000072
56994,2014-12-03,I,-0.4258790,0.0000048
56995,2014-12-04,I,-0.4272133,0.0000043
56996,2014-12-05,I,-0.4284339,0.0000042
56997,2014-12-06,I,-0.4295389,0.0000036
56998,2014-12-07,I,-0.4305074,0.0000036
56999,2014-12-08,I,-0.4314540,0.0000049
57000,2014-12-09,I,-0.4324409,0.0000088
57001,2014-12-10,I,-0.4334773,0.0000042
57002,2014-12-11,I,-0.4345364,0.0000045
57003,2014-12-12,I,-0.4357052,0.0000044
57004,2014-12-13,I,-0.4369381,0.0000044
57005,2014-12-14,I,-0.4381615,0.0000028
57006,2014-12-15,I,-0.4393863,0.0000029
57007,2014-12-16,I,-0.4406563,0.0000053
57008,2014-12-17,I,-0.4419688,0.0000039
57009,2014-12-18,I,-0.4432094,0.0000040
57010,2014-12-19,I,-0.4443930,0.0000040
57011,2014-12-20,I,-0.4454738,0.0000055
57012,2014-12-21,I,-0.4464559,0.0000059
57013,2014-12-22,I,-0.4473714,0.0000051
57014,2014-12-23,I,-0.4483446,0.0000056
57015,2014-12-24,I,-0.4494041,0.0000056
57016,2014-12-25,I,-0.4505794,0.0000061
57017,2014-12-26,I,-0.4519435,0.0000059
57018,2014-12-27,I,-0.4533706,0.0000059
57019,2014-12-28,I,-0.4548828,0.0000077
57020,2014-12-29,I,-0.4563856,0.0000084
57021,2014-12-30,I,-0.4577165,0.0000084
57022,2014-12-31,I,-0.4588917,0.0000080
57023,2015-01-01,I,-0.4599167,0.0000095
57024,2015-01-02,I,-0.4608302,0.0000103
57025,2015-01-03,I,-0.4616545,0.0000141
57026,2015-01-04,I,-0.4623764,0.0000107
57027,2015-01-05,I,-0.4629975,0.0000107
57028,2015-01-06,I,-0.4636584,0.0000105
57029,2015-01-07,I,-0.4643139,0.0000060
57030,2015-01-08,I,-0.4650890,0.0000052
57031,2015-01-09,I,-0.4660117,0.0000045
57032,2015-01-10,I,-0.4670609,0.0000060
57033,2015-01-11,I,-0.4681869,0.0000059
57034,2015-01-12,I,-0.4692912,0.0000036
57035,2015-01-13,I,-0.4703905,0.0000039
57036,2015-01-14,I,-0.4715311,0.0000033
57037,2015-01-15,I,-0.4726777,0.0000035
57038,2015-01-16,I,-0.4737830,0.0000035
57039,2015-01-17,I,-0.4748937,0.0000035
57040,2015-01-18,I,-0.4759444,0.0000060
57041,2015-01-19,I,-0.4770205,0.0000070
57042,2015-01-20,I,-0.4781581,0.0000132
57043,2015-01-21,I,-0.4793853,0.0000067
57044,2015-01-22,I,-0.4808142,0.0000072
57045,2015-01-23,I,-0.4823410,0.0000075
57046,2015-01-24,I,-0.4838588,0.0000072
57047,2015-01-25,I,-0.4854546,0.0000061
57048,2015-01-26,I,-0.4867840,0.0000057
57049,2015-01-27,I,-0.4880067,0.0000077
57050,2015-01-28,I,-0.4890626,0.0000046
57051,2015-01-29,I,-0.4899801,0.0000034
57052,2015-01-30,I,-0.4908230,0.0000035
57053,2015-01-31,I,-0.4916583,0.0000036
57054,2015-02-01,I,-0.4925272,0.0000056
57055,2015-02-02,I,-0.4934260,0.0000065
57056,2015-02-03,I,-0.4944307,0.0000108
57057,2015-02-04,I,-0.4955137,0.0000070
57058,2015-02-05,I,-0.4966490,0.0000069
57059,2015-02-06,I,-0.4978631,0.0000067
57060,2015-02-07,I,-0.4991436,0.0000049
57061,2015-02-08,I,-0.5005175,0.0000038
57062,2015-02-09,I,-0.5018809,0.0000038
57063,2015-02-10,I,-0.5031630,0.0000047
57064,2015-02-11,I,-0.5043586,0.0000037
57065,2015-02-12,I,-0.5055278,0.0000036
57066,2015-02-13,I,-0.5067017,0.0000036
57067,2015-02-14,I,-0.5078957,0.0000026
57068,2015-02-15,I,-0.5090549,0.0000034
57069,2015-02-16,I,-0.5102758,0.0000036
57070,2015-02-17,I,-0.5115883,0.0000048
57071,2015-02-18,I,-0.5130784,0.0000032
57072,2015-02-19,I,-0.5147561,0.0000032
57073,2015-02-20,I,-0.5165075,0.0000033
57074,2015-02-21,I,-0.5182666,0.0000032
57075,2015-02-22,I,-0.5199520,0.0000024
57076,2015-02-23,I,-0.5215099,0.0000022
57077,2015-02-24,I,-0.5228885,0.0000029
57078,2015-02-25,I,-0.5240220,0.0000026
57079,2015-02-26,I,-0.5250211,0.0000028
57080,2015-02-27,I,-0.5259277,0.0000033
57081,2015-02-28,I,-0.5268002,0.0000044
57082,2015-03-01,I,-0.5276693,0.0000044
57083,2015-03-02,I,-0.5285859,0.0000050
57084,2015-03-03,I,-0.5295700,0.0000068
57085,2015-03-04,I,-0.5306064,0.0000054
57086,2015-03-05,I,-0.5317397,0.0000051
57087,2015-03-06,I,-0.5328766,0.0000048
57088,2015-03-07,I,-0.5340977,0.0000050
57089,2015-03-08,I,-0.5353429,0.0000058
57090,2015-03-09,I,-0.5366558,0.0000058
57091,2015-03-10,I,-0.5380450,0.0000076
57092,2015-03-11,I,-0.5394402,0.0000067
57093,2015-03-12,I,-0.5408497,0.0000065
57094,2015-03-13,I,-0.5422684,0.0000065
57095,2015-03-14,I,-0.5436778,0.0000044
57096,2015-03-15,I,-0.5452073,0.0000038
57097,2015-03-16,I,-0.5468113,0.0000038
57098,2015-03-17,I,-0.5485449,0.0000039
57099,2015-03-18,I,-0.5504600,0.0000029
57100,2015-03-19,I,-0.5525818,0.0000029
57101,2015-03-20,I,-0.5547671,0.0000031
57102,2015-03-21,I,-0.5570514,0.0000031
57103,2015-03-22,I,-0.5592635,0.0000035
57104,2015-03-23,I,-0.5613029,0.0000043
57105,2015-03-24,I,-0.5632208,0.0000057
57106,2015-03-25,I,-0.5649826,0.0000048
57107,2015-03-26,I,-0.5666387,0.0000048
57108,2015-03-27,I,-0.5681125,0.0000048
57109,2015-03-28,I,-0.5695294,0.0000054
57110,2015-03-29,I,-0.5709237,0.0000064
57111,2015-03-30,I,-0.5722921,0.0000062
57112,2015-03-31,I,-0.5736649,0.0000070
57113,2015-04-01,I,-0.5750634,0.0000072
57114,2015-04-02,I,-0.5764171,0.0000072
57115,2015-04-03,I,-0.5777352,0.0000075
57116,2015-04-04,I,-0.5789928,0.0000072
57117,2015-04-05,I,-0.5802022,0.0000073
57118,2015-04-06,I,-0.5814261,0.0000084
57119,2015-04-07,I,-0.5826549,0.0000079
57120,2015-04-08,I,-0.5838712,0.0000064
57121,2015-04-09,I,-0.5851323,0.0000058
57122,2015-04-10,I,-0.5864044,0.0000057
57123,2015-04-11,I,-0.5877510,0.0000057
57124,2015-04-12,I,-0.5892630,0.0000056
57125,2015-04-13,I,-0.5909108,0.0000057
57126,2015-04-14,I,-0.5926746,0.0000067
57127,2015-04-15,I,-0.5945485,0.0000050
57128,2015-04-16,I,-0.5965396,0.0000052
57129,2015-04-17,I,-0.5985591,0.0000053
57130,2015-04-18,I,-0.6004308,0.0000040
57131,2015-04-19,I,-0.6022092,0.0000049
57132,2015-04-20,I,-0.6037213,0.0000049
57133,2015-04-21,I,-0.6050379,0.0000060
57134,2015-04-22,I,-0.6061459,0.0000048
57135,2015-04-23,I,-0.6071996,0.0000051
57136,2015-04-24,I,-0.6082139,0.0000053
57137,2015-04-25,I,-0.6092667,0.0000048
57138,2015-04-26,I,-0.6104453,0.0000047
57139,2015-04-27,I,-0.6116849,0.0000048
57140,2015-04-28,I,-0.6129902,0.0000044
57141,2015-04-29,I,-0.6143607,0.0000041
57142,2015-04-30,I,-0.6157415,0.0000040
57143,2015-05-01,I,-0.6171542,0.0000040
57144,2015-05-02,I,-0.6185112,0.0000031
57145,2015-05-03,I,-0.6197775,0.0000037
57146,2015-05-04,I,-0.6209697,0.0000056
57147,2015-05-05,I,-0.6220729,0.0000053
57148,2015-05-06,I,-0.6230920,0.0000046
57149,2015-05-07,I,-0.6240983,0.0000051
57150,2015-05-08,I,-0.6251695,0.0000052
57151,2015-05-09,I,-0.6262838,0.0000053
57152,2015-05-10,I,-0.6275410,0.0000041
57153,2015-05-11,I,-0.6289545,0.0000041
57154,2015-05-12,I,-0.6305802,0.0000040
57155,2015-05-13,I,-0.6323748,0.0000028
57156,2015-05-14,I,-0.6342644,0.0000029
57157,2015-05-15,I,-0.6361535,0.0000030
57158,2015-05-16,I,-0.6379997,0.0000034
57159,2015-05-17,I,-0.6397461,0.0000052
57160,2015-05-18,I,-0.6413176,0.0000051
57161,2015-05-19,I,-0.6427407,0.0000077
57162,2015-05-20,I,-0.6440508,0.0000056
57163,2015-05-21,I,-0.6452856,0.0000063
57164,2015-05-22,I,-0.6464092,0.0000063
57165,2015-05-23,I,-0.6475158,0.0000060
57166,2015-05-24,I,-0.6485374,0.0000064
57167,2015-05-25,I,-0.6495572,0.0000068
57168,2015-05-26,I,-0.6505676,0.0000106
57169,2015-05-27,I,-0.6516169,0.0000069
57170,2015-05-28,I,-0.6526091,0.0000070
57171,2015-05-29,I,-0.6536380,0.0000070
57172,2015-05-30,I,-0.6545684,0.0000070
57173,2015-05-31,I,-0.6554421,0.0000040
57174,2015-06-01,I,-0.6562130,0.0000039
57175,2015-06-02,I,-0.6569133,0.0000038
57176,2015-06-03,I,-0.6575488,0.0000024
57177,2015-06-04,I,-0.6581924,0.0000023
57178,2015-06-05,I,-0.6588244,0.0000029
57179,2015-06-06,I,-0.6595579,0.0000032
57180,2015-06-07,I,-0.6604117,0.0000034
57181,2015-06-08,I,-0.6614093,0.0000042
57182,2015-06-09,I,-0.6624918,0.0000057
57183,2015-06-10,I,-0.6635311,0.0000048
57184,2015-06-11,I,-0.6645469,0.0000049
57185,2015-06-12,I,-0.6654997,0.0000053
57186,2015-06-13,I,-0.6663246,0.0000058
57187,2015-06-14,I,-0.6669333,0.0000068
57188,2015-06-15,I,-0.6673534,0.0000069
57189,2015-06-16,I,-0.6677485,0.0000103
57190,2015-06-17,I,-0.6679675,0.0000084
57191,2015-06-18,I,-0.6681839,0.0000093
57192,2015-06-19,I,-0.6684274,0.0000094
57193,2015-06-20,I,-0.6688221,0.0000114
57194,2015-06-21,I,-0.6693410,0.0000069
57195,2015-06-22,I,-0.6699194,0.0000068
57196,2015-06-23,I,-0.6705649,0.0000078
57197,2015-06-24,I,-0.6713261,0.0000055
57198,2015-06-25,I,-0.6721359,0.0000054
57199,2015-06-26,I,-0.6729582,0.0000051
57200,2015-06-27,I,-0.6738090,0.0000050
57201,2015-06-28,I,-0.6746368,0.0000060
57202,2015-06-29,I,-0.6753836,0.0000055
57203,2015-06-30,I,-0.6760316,0.0000060
57204,2015-07-01,I,0.3233682,0.0000059
57205,2015-07-02,I,0.3227635,0.0000060
57206,2015-07-03,I,0.3221020,0.0000060
57207,2015-07-04,I,0.3212702,0.0000054
57208,2015-07-05,I,0.3202538,0.0000051
57209,2015-07-06,I,0.3190270,0.0000061
57210,2015-07-07,I,0.3177691,0.0000059
57211,2015-07-08,I,0.3163753,0.0000046
57212,2015-07-09,I,0.3150922,0.0000046
57213,2015-07-10,I,0.3138490,0.0000046
57214,2015-07-11,I,0.3127263,0.0000051
57215,2015-07-12,I,0.3117972,0.0000053
57216,2015-07-13,I,0.3110788,0.0000051
57217,2015-07-14,I,0.3105558,0.0000059
57218,2015-07-15,I,0.3101112,0.0000054
57219,2015-07-16,I,0.3097239,0.0000061
57220,2015-07-17,I,0.3092758,0.0000062
57221,2015-07-18,I,0.3088245,0.0000069
57222,2015-07-19,I,0.3083544,0.0000056
57223,2015-07-20,I,0.3078874,0.0000059
57224,2015-07-21,I,0.3073406,0.0000076
57225,2015-07-22,I,0.3067906,0.0000049
57226,2015-07-23,I,0.3062503,0.0000044
57227,2015-07-24,I,0.3057953,0.0000045
57228,2015-07-25,I,0.3052963,0.0000050
57229,2015-07-26,I,0.3048942,0.0000047
57230,2015-07-27,I,0.3044921,0.0000049
57231,2015-07-28,I,0.3040989,0.0000060
57232,2015-07-29,I,0.3037437,0.0000047
57233,2015-07-30,I,0.3032715,0.0000047
57234,2015-07-31,I,0.3026575,0.0000054
57235,2015-08-01,I,0.3018424,0.0000069
57236,2015-08-02,I,0.3008463,0.0000063
57237,2015-08-03,I,0.2996859,0.0000046
57238,2015-08-04,I,0.2984513,0.0000057
57239,2015-08-05,I,0.2972219,0.0000050
57240,2015-08-06,I,0.2960130,0.0000045
57241,2015-08-07,I,0.2950006,0.0000044
57242,2015-08-08,I,0.2941210,0.0000043
57243,2015-08-09,I,0.2933557,0.0000050
57244,2015-08-10,I,0.2927201,0.0000051
57245,2015-08-11,I,0.2921410,0.0000054
57246,2015-08-12,I,0.2915366,0.0000050
57247,2015-08-13,I,0.2909220,0.0000050
57248,2015-08-14,I,0.2901880,0.0000050
57249,2015-08-15,I,0.2894194,0.0000049
57250,2015-08-16,I,0.2886043,0.0000051
57251,2015-08-17,I,0.2877626,0.0000051
57252,2015-08-18,I,0.2869267,0.0000068
57253,2015-08-19,I,0.2861307,0.0000055
57254,2015-08-20,I,0.2853077,0.0000058
57255,2015-08-21,I,0.2844675,0.0000059
57256,2015-08-22,I,0.2836391,0.0000055
57257,2015-08-23,I,0.2828636,0.0000054
57258,2015-08-24,I,0.2821140,0.0000054
57259,2015-08-25,I,0.2813110,0.0000056
57260,2015-08-26,I,0.2804278,0.0000045
57261,2015-08-27,I,0.2794655,0.0000049
57262,2015-08-28,I,0.2783477,0.0000052
57263,2015-08-29,I,0.2770440,0.0000052
57264,2015-08-30,I,0.2755372,0.0000070
57265,2015-08-31,I,0.2738018,0.0000071
57266,2015-09-01,I,0.2719899,0.0000106
57267,2015-09-02,I,0.2701950,0.0000070
57268,2015-09-03,I,0.2684981,0.0000067
57269,2015-09-04,I,0.2670190,0.0000067
57270,2015-09-05,I,0.2656770,0.0000045
57271,2015-09-06,I,0.2644780,0.0000046
57272,2015-09-07,I,0.2633617,0.0000046
57273,2015-09-08,I,0.2623142,0.0000048
57274,2015-09-09,I,0.2612568,0.0000044
57275,2015-09-10,I,0.2601972,0.0000045
57276,2015-09-11,I,0.2591523,0.0000044
57277,2015-09-12,I,0.2579742,0.0000045
57278,2015-09-13,I,0.2566772,0.0000044
57279,2015-09-14,I,0.2553638,0.0000045
57280,2015-09-15,I,0.2540516,0.0000052
57281,2015-09-16,I,0.2527454,0.0000042
57282,2015-09-17,I,0.2515046,0.0000041
57283,2015-09-18,I,0.2503208,0.0000041
57284,2015-09-19,I,0.2491338,0.0000042
57285,2015-09-20,I,0.2479762,0.0000030
57286,2015-09-21,I,0.2467495,0.0000029
57287,2015-09-22,I,0.2455077,0.0000029
57288,2015-09-23,I,0.2441763,0.0000040
57289,2015-09-24,I,0.2427613,0.0000040
57290,2015-09-25,I,0.2411804,0.0000040
57291,2015-09-26,I,0.2393773,0.0000050
57292,2015-09-27,I,0.2373484,0.0000035
57293,2015-09-28,I,0.2352207,0.0000035
57294,2015-09-29,I,0.2331245,0.0000020
57295,2015-09-30,I,0.2311479,0.0000025
57296,2015-10-01,I,0.2293538,0.0000023
57297,2015-10-02,I,0.2278013,0.0000023
57298,2015-10-03,I,0.2264625,0.0000033
57299,2015-10-04,I,0.2252291,0.0000027
57300,2015-10-05,I,0.2240258,0.0000028
57301,2015-10-06,I,0.2227476,0.0000026
57302,2015-10-07,I,0.2214125,0.0000034
57303,2015-10-08,I,0.2200226,0.0000036
57304,2015-10-09,I,0.2186028,0.0000036
57305,2015-10-10,I,0.2170570,0.0000045
57306,2015-10-11,I,0.2154943,0.0000047
57307,2015-10-12,I,0.2138664,0.0000047
57308,2015-10-13,I,0.2122251,0.0000052
57309,2015-10-14,I,0.2105521,0.0000044
57310,2015-10-15,I,0.2090018,0.0000042
57311,2015-10-16,I,0.2076005,0.0000043
57312,2015-10-17,I,0.2061956,0.0000043
57313,2015-10-18,I,0.2047225,0.0000039
57314,2015-10-19,I,0.2031797,0.0000039
57315,2015-10-20,I,0.2016244,0.0000034
57316,2015-10-21,I,0.2000598,0.0000030
57317,2015-10-22,I,0.1983916,0.0000029
57318,2015-10-23,I,0.1965353,0.0000029
57319,2015-10-24,I,0.1944652,0.0000022
57320,2015-10-25,I,0.1922446,0.0000036
57321,2015-10-26,I,0.1899469,0.0000036
57322,2015-10-27,I,0.1876556,0.0000040
57323,2015-10-28,I,0.1854718,0.0000036
57324,2015-10-29,I,0.1834377,0.0000037
57325,2015-10-30,I,0.1816623,0.0000036
57326,2015-10-31,I,0.1800239,0.0000029
57327,2015-11-01,I,0.1785161,0.0000029
57328,2015-11-02,I,0.1770322,0.0000034
57329,2015-11-03,I,0.1755949,0.0000038
57330,2015-11-04,I,0.1741824,0.0000040
57331,2015-11-05,I,0.1727503,0.0000039
57332,2015-11-06,I,0.1712525,0.0000040
57333,2015-11-07,I,0.1696520,0.0000040
57334,2015-11-08,I,0.1680366,0.0000049
57335,2015-11-09,I,0.1664302,0.0000048
57336,2015-11-10,I,0.1648740,0.0000058
57337,2015-11-11,I,0.1633562,0.0000033
57338,2015-11-12,I,0.1618895,0.0000038
57339,2015-11-13,I,0.1604752,0.0000038
57340,2015-11-14,I,0.1591181,0.0000028
57341,2015-11-15,I,0.1577185,0.0000023
57342,2015-11-16,I,0.1563516,0.0000024
57343,2015-11-17,I,0.1549268,0.0000029
57344,2015-11-18,I,0.1534431,0.0000021
57345,2015-11-19,I,0.1518834,0.0000020
57346,2015-11-20,I,0.1502498,0.0000020
57347,2015-11-21,I,0.1485169,0.0000026
57348,2015-11-22,I,0.1466873,0.0000032
57349,2015-11-23,I,0.1448906,0.0000030
57350,2015-11-24,I,0.1430747,0.0000034
57351,2015-11-25,I,0.1413842,0.0000034
57352,2015-11-26,I,0.1397837,0.0000036
57353,2015-11-27,I,0.1383474,0.0000038
57354,2015-11-28,I,0.1369856,0.0000040
57355,2015-11-29,I,0.1355993,0.0000027
57356,2015-11-30,I,0.1341290,0.0000021
57357,2015-12-01,I,0.1325880,0.0000020
57358,2015-12-02,I,0.1309957,0.0000021
57359,2015-12-03,I,0.1293098,0.0000026
57360,2015-12-04,I,0.1276216,0.0000038
57361,2015-12-05,I,0.1259237,0.0000060
57362,2015-12-06,I,0.1242763,0.0000046
57363,2015-12-07,I,0.1225967,0.0000048
57364,2015-12-08,I,0.1209451,0.0000057
57365,2015-12-09,I,0.1193154,0.0000043
57366,2015-12-10,I,0.1176968,0.0000031
57367,2015-12-11,I,0.1162041,0.0000031
57368,2015-12-12,I,0.1147810,0.0000037
57369,2015-12-13,I,0.1133612,0.0000022
57370,2015-12-14,I,0.1119809,0.0000023
57371,2015-12-15,I,0.1105114,0.0000028
57372,2015-12-16,I,0.1089211,0.0000025
57373,2015-12-17,I,0.1072180,0.0000035
57374,2015-12-18,I,0.1053984,0.0000036
57375,2015-12-19,I,0.1035047,0.0000076
57376,2015-12-20,I,0.1015032,0.0000043
57377,2015-12-21,I,0.0995206,0.0000034
57378,2015-12-22,I,0.0976362,0.0000036
57379,2015-12-23,I,0.0958616,0.0000030
57380,2015-12-24,I,0.0943042,0.0000031
57381,2015-12-25,I,0.0929038,0.0000033
57382,2015-12-26,I,0.0914454,0.0000043
57383,2015-12-27,I,0.0900786,0.0000050
57384,2015-12-28,I,0.0885937,0.0000039
57385,2015-12-29,I,0.0869781,0.0000044
57386,2015-12-30,I,0.0852709,0.0000042
57387,2015-12-31,I,0.0834758,0.0000041
57388,2016-01-01,I,0.0815795,0.0000045
57389,2016-01-02,I,0.0796373,0.0000051
57390,2016-01-03,I,0.0777154,0.0000046
57391,2016-01-04,I,0.0757743,0.0000041
57392,2016-01-05,I,0.0738461,0.0000037
57393,2016-01-06,I,0.0719625,0.0000041
57394,2016-01-07,I,0.0701214,0.0000037
57395,2016-01-08,I,0.0683163,0.0000036
57396,2016-01-09,I,0.0665840,0.0000069
57397,2016-01-10,I,0.0648234,0.0000073
57398,2016-01-11,I,0.0630258,0.0000044
57399,2016-01-12,I,0.0610640,0.0000039
57400,2016-01-13,I,0.0590080,0.0000034
57401,2016-01-14,I,0.0568793,0.0000035
57402,2016-01-15,I,0.0546329,0.0000032
57403,2016-01-16,I,0.0524834,0.0000028
57404,2016-01-17,I,0.0503529,0.0000027
57405,2016-01-18,I,0.0484173,0.0000026
57406,2016-01-19,I,0.0465106,0.0000034
57407,2016-01-20,I,0.0447403,0.0000029
57408,2016-01-21,I,0.0431073,0.0000027
57409,2016-01-22,I,0.0415405,0.0000028
57410,2016-01-23,I,0.0400168,0.0000032
57411,2016-01-24,I,0.0384231,0.0000035
57412,2016-01-25,I,0.0368154,0.0000039
57413,2016-01-26,I,0.0351828,0.0000067
57414,2016-01-27,I,0.0335746,0.0000035
57415,2016-01-28,I,0.0319901,0.0000035
57416,2016-01-29,I,0.0304532,0.0000036
57417,2016-01-30,I,0.0289370,0.0000036
57418,2016-01-31,I,0.0275923,0.0000025
57419,2016-02-01,I,0.0262873,0.0000025
57420,2016-02-02,I,0.0249913,0.0000034
57421,2016-02-03,I,0.0237994,0.0000038
57422,2016-02-04,I,0.0226169,0.0000041
57423,2016-02-05,I,0.0214271,0.0000043
57424,2016-02-06,I,0.0201890,0.0000069
57425,2016-02-07,I,0.0186505,0.0000060
57426,2016-02-08,I,0.0171067,0.0000064
57427,2016-02-09,I,0.0153086,0.0000078
57428,2016-02-10,I,0.0133135,0.0000064
57429,2016-02-11,I,0.0112116,0.0000062
57430,2016-02-12,I,0.0091659,0.0000061
57431,2016-02-13,I,0.0071291,0.0000054
57432,2016-02-14,I,0.0052412,0.0000039
57433,2016-02-15,I,0.0035036,0.0000037
57434,2016-02-16,I,0.0019117,0.0000048
57435,2016-02-17,I,0.0004688,0.0000040
57436,2016-02-18,I,-0.0008558,0.0000045
57437,2016-02-19,I,-0.0021443,0.0000045
57438,2016-02-20,I,-0.0034666,0.0000059
57439,2016-02-21,I,-0.0048874,0.0000040
57440,2016-02-22,I,-0.0064308,0.0000039
57441,2016-02-23,I,-0.0080748,0.0000038
57442,2016-02-24,I,-0.0097922,0.0000032
57443,2016-02-25,I,-0.0115757,0.0000031
57444,2016-02-26,I,-0.0134193,0.0000040
57445,2016-02-27,I,-0.0152164,0.0000066
57446,2016-02-28,I,-0.0169658,0.0000045
57447,2016-02-29,I,-0.0186907,0.0000045
57448,2016-03-01,I,-0.0203653,0.0000058
57449,2016-03-02,I,-0.0220122,0.0000048
57450,2016-03-03,I,-0.0237020,0.0000045
57451,2016-03-04,I,-0.0254416,0.0000042
57452,2016-03-05,I,-0.0272359,0.0000057
57453,2016-03-06,I,-0.0291843,0.0000038
57454,2016-03-07,I,-0.0313091,0.0000044
57455,2016-03-08,I,-0.0335602,0.0000051
57456,2016-03-09,I,-0.0359172,0.0000042
57457,2016-03-10,I,-0.0383652,0.0000041
57458,2016-03-11,I,-0.0408624,0.0000039
57459,2016-03-12,I,-0.0432816,0.0000056
57460,2016-03-13,I,-0.0455797,0.0000037
57461,2016-03-14,I,-0.0477466,0.0000032
57462,2016-03-15,I,-0.0497693,0.0000043
57463,2016-03-16,I,-0.0516483,0.0000041
57464,2016-03-17,I,-0.0534664,0.0000041
57465,2016-03-18,I,-0.0552843,0.0000042
57466,2016-03-19,I,-0.0571428,0.0000060
57467,2016-03-20,I,-0.0590845,0.0000048
57468,2016-03-21,I,-0.0610988,0.0000043
57469,2016-03-22,I,-0.0631860,0.0000053
57470,2016-03-23,I,-0.0652933,0.0000052
57471,2016-03-24,I,-0.0673398,0.0000054
57472,2016-03-25,I,-0.0693540,0.0000051
57473,2016-03-26,I,-0.0713899,0.0000083
57474,2016-03-27,I,-0.0733993,0.0000085
57475,2016-03-28,I,-0.0753359,0.0000052
57476,2016-03-29,I,-0.0771843,0.0000052
57477,2016-03-30,I,-0.0789609,0.0000038
57478,2016-03-31,I,-0.0807003,0.0000037
57479,2016-04-01,I,-0.0824507,0.0000038
57480,2016-04-02,I,-0.0842461,0.0000040
57481,2016-04-03,I,-0.0861498,0.0000035
57482,2016-04-04,I,-0.0881531,0.0000040
57483,2016-04-05,I,-0.0902987,0.0000051
57484,2016-04-06,I,-0.0925765,0.0000038
57485,2016-04-07,I,-0.0949338,0.0000038
57486,2016-04-08,I,-0.0972744,0.0000037
57487,2016-04-09,I,-0.0995752,0.0000045
57488,2016-04-10,I,-0.1017219,0.0000039
57489,2016-04-11,I,-0.1036651,0.0000033
57490,2016-04-12,I,-0.1054736,0.0000046
57491,2016-04-13,I,-0.1071675,0.0000048
57492,2016-04-14,I,-0.1087543,0.0000051
57493,2016-04-15,I,-0.1102959,0.0000052
57494,2016-04-16,I,-0.1118952,0.0000071
57495,2016-04-17,I,-0.1135492,0.0000045
57496,2016-04-18,I,-0.1152155,0.0000042
57497,2016-04-19,I,-0.1169076,0.0000037
57498,2016-04-20,I,-0.1186310,0.0000033
57499,2016-04-21,I,-0.1203262,0.0000030
57500,2016-04-22,I,-0.1219708,0.0000024
57501,2016-04-23,I,-0.1235814,0.0000037
57502,2016-04-24,I,-0.1251158,0.0000043
57503,2016-04-25,I,-0.1265186,0.0000037
57504,2016-04-26,I,-0.1277979,0.0000043
57505,2016-04-27,I,-0.1290288,0.0000044
57506,2016-04-28,I,-0.1303167,0.0000046
57507,2016-04-29,I,-0.1317012,0.0000045
57508,2016-04-30,I,-0.1331931,0.0000047
57509,2016-05-01,I,-0.1348171,0.0000063
57510,2016-05-02,I,-0.1365862,0.0000055
57511,2016-05-03,I,-0.1385399,0.0000068
57512,2016-05-04,I,-0.1406699,0.0000073
57513,2016-05-05,I,-0.1428627,0.0000073
57514,2016-05-06,I,-0.1450098,0.0000072
57515,2016-05-07,I,-0.1470298,0.0000071
57516,2016-05-08,I,-0.1488783,0.0000084
57517,2016-05-09,I,-0.1505493,0.0000089
57518,2016-05-10,I,-0.1520726,0.0000103
57519,2016-05-11,I,-0.1534752,0.0000098
57520,2016-05-12,I,-0.1548314,0.0000099
57521,2016-05-13,I,-0.1562592,0.0000096
57522,2016-05-14,I,-0.1578095,0.0000148
57523,2016-05-15,I,-0.1594593,0.0000124
57524,2016-05-16,I,-0.1611781,0.0000041
57525,2016-05-17,I,-0.1629276,0.0000036
57526,2016-05-18,I,-0.1646540,0.0000057
57527,2016-05-19,I,-0.1662957,0.0000060
57528,2016-05-20,I,-0.1678640,0.0000064
57529,2016-05-21,I,-0.1693776,0.0000064
57530,2016-05-22,I,-0.1708417,0.0000093
57531,2016-05-23,I,-0.1723050,0.0000093
57532,2016-05-24,I,-0.1737600,0.0000085
57533,2016-05-25,I,-0.1751700,0.0000082
57534,2016-05-26,I,-0.1765358,0.0000078
57535,2016-05-27,I,-0.1779183,0.0000094
57536,2016-05-28,I,-0.1793894,0.0000193
57537,2016-05-29,I,-0.1809761,0.0000195
57538,2016-05-30,I,-0.1827016,0.0000071
57539,2016-05-31,I,-0.1845129,0.0000072
57540,2016-06-01,I,-0.1863564,0.0000066
57541,2016-06-02,I,-0.1881947,0.0000052
57542,2016-06-03,I,-0.1899367,0.0000045
57543,2016-06-04,I,-0.1914902,0.0000048
57544,2016-06-05,I,-0.1928440,0.0000078
57545,2016-06-06,I,-0.1940489,0.0000044
57546,2016-06-07,I,-0.1951500,0.0000058
57547,2016-06-08,I,-0.1961851,0.0000054
57548,2016-06-09,I,-0.1971713,0.0000055
57549,2016-06-10,I,-0.1981130,0.0000060
57550,2016-06-11,I,-0.1990420,0.0000062
57551,2016-06-12,I,-0.1999712,0.0000050
57552,2016-06-13,I,-0.2008601,0.0000047
57553,2016-06-14,I,-0.2016797,0.0000050
57554,2016-06-15,I,-0.2024261,0.0000048
57555,2016-06-16,I,-0.2030606,0.0000047
57556,2016-06-17,I,-0.2035810,0.0000045
57557,2016-06-18,I,-0.2040299,0.0000071
57558,2016-06-19,I,-0.2043590,0.0000066
57559,2016-06-20,I,-0.2046174,0.0000065
57560,2016-06-21,I,-0.2048343,0.0000076
57561,2016-06-22,I,-0.2050810,0.0000055
57562,2016-06-23,I,-0.2054319,0.0000053
57563,2016-06-24,I,-0.2058903,0.0000051
57564,2016-06-25,I,-0.2065126,0.0000040
57565,2016-06-26,I,-0.2073165,0.0000048
57566,2016-06-27,I,-0.2082620,0.0000047
57567,2016-06-28,I,-0.2093075,0.0000060
57568,2016-06-29,I,-0.2104145,0.0000051
57569,2016-06-30,I,-0.2114824,0.0000050
57570,2016-07-01,I,-0.2124356,0.0000052
57571,2016-07-02,I,-0.2133138,0.0000051
57572,2016-07-03,I,-0.2141035,0.0000047
57573,2016-07-04,I,-0.2147524,0.0000044
57574,2016-07-05,I,-0.2153143,0.0000053
57575,2016-07-06,I,-0.2158356,0.0000041
57576,2016-07-07,I,-0.2163479,0.0000039
57577,2016-07-08,I,-0.2169018,0.0000047
57578,2016-07-09,I,-0.2175095,0.0000064
57579,2016-07-10,I,-0.2181454,0.0000049
57580,2016-07-11,I,-0.2186913,0.0000048
57581,2016-07-12,I,-0.2191422,0.0000060
57582,2016-07-13,I,-0.2195406,0.0000047
57583,2016-07-14,I,-0.2198472,0.0000047
57584,2016-07-15,I,-0.2200059,0.0000045
57585,2016-07-16,I,-0.2200471,0.0000055
57586,2016-07-17,I,-0.2200325,0.0000046
57587,2016-07-18,I,-0.2200059,0.0000041
57588,2016-07-19,I,-0.2199975,0.0000051
57589,2016-07-20,I,-0.2200691,0.0000037
57590,2016-07-21,I,-0.2202501,0.0000044
57591,2016-07-22,I,-0.2205537,0.0000048
57592,2016-07-23,I,-0.2209708,0.0000065
57593,2016-07-24,I,-0.2214499,0.0000036
57594,2016-07-25,I,-0.2219951,0.0000036
57595,2016-07-26,I,-0.2226003,0.0000036
57596,2016-07-27,I,-0.2232010,0.0000034
57597,2016-07-28,I,-0.2237600,0.0000030
57598,2016-07-29,I,-0.2242661,0.0000030
57599,2016-07-30,I,-0.2247111,0.0000062
57600,2016-07-31,I,-0.2250985,0.0000063
57601,2016-08-01,I,-0.2254472,0.0000063
57602,2016-08-02,I,-0.2258411,0.0000074
57603,2016-08-03,I,-0.2263390,0.0000051
57604,2016-08-04,I,-0.2269191,0.0000051
57605,2016-08-05,I,-0.2275676,0.0000053
57606,2016-08-06,I,-0.2282547,0.0000049
57607,2016-08-07,I,-0.2289632,0.0000047
57608,2016-08-08,I,-0.2296730,0.0000047
57609,2016-08-09,I,-0.2303661,0.0000055
57610,2016-08-10,I,-0.2310283,0.0000049
57611,2016-08-11,I,-0.2316058,0.0000050
57612,2016-08-12,I,-0.2320822,0.0000047
57613,2016-08-13,I,-0.2324437,0.0000052
57614,2016-08-14,I,-0.2327144,0.0000055
57615,2016-08-15,I,-0.2329751,0.0000065
57616,2016-08-16,I,-0.2333231,0.0000141
57617,2016-08-17,I,-0.2337959,0.0000076
57618,2016-08-18,I,-0.2344103,0.0000078
57619,2016-08-19,I,-0.2352334,0.0000077
57620,2016-08-20,I,-0.2362291,0.0000076
57621,2016-08-21,I,-0.2373224,0.0000056
57622,2016-08-22,I,-0.2384439,0.0000045
57623,2016-08-23,I,-0.2395462,0.0000056
57624,2016-08-24,I,-0.2405738,0.0000041
57625,2016-08-25,I,-0.2414956,0.0000042
57626,2016-08-26,I,-0.2423264,0.0000044
57627,2016-08-27,I,-0.2430636,0.0000054
57628,2016-08-28,I,-0.2437289,0.0000061
57629,2016-08-29,I,-0.2443330,0.0000062
57630,2016-08-30,I,-0.2449597,0.0000092
57631,2016-08-31,I,-0.2456797,0.0000065
57632,2016-09-01,I,-0.2464611,0.0000062
57633,2016-09-02,I,-0.2472920,0.0000061
57634,2016-09-03,I,-0.2481766,0.0000055
57635,2016-09-04,I,-0.2491189,0.0000050
57636,2016-09-05,I,-0.2500864,0.0000041
57637,2016-09-06,I,-0.2510326,0.0000048
57638,2016-09-07,I,-0.2519190,0.0000034
57639,2016-09-08,I,-0.2527462,0.0000036
57640,2016-09-09,I,-0.2535109,0.0000036
57641,2016-09-10,I,-0.2541938,0.0000035
57642,2016-09-11,I,-0.2548922,0.0000055
57643,2016-09-12,I,-0.2556327,0.0000056
57644,2016-09-13,I,-0.2564073,0.0000108
57645,2016-09-14,I,-0.2572379,0.0000067
57646,2016-09-15,I,-0.2582958,0.0000066
57647,2016-09-16,I,-0.2595455,0.0000066
57648,2016-09-17,I,-0.2609369,0.0000056
57649,2016-09-18,I,-0.2624053,0.0000043
57650,2016-09-19,I,-0.2639019,0.0000042
57651,2016-09-20,I,-0.2653663,0.0000045
57652,2016-09-21,I,-0.2667412,0.0000042
57653,2016-09-22,I,-0.2679749,0.0000042
57654,2016-09-23,I,-0.2691085,0.0000042
57655,2016-09-24,I,-0.2701901,0.0000053
57656,2016-09-25,I,-0.2712571,0.0000045
57657,2016-09-26,I,-0.2723850,0.0000046
57658,2016-09-27,I,-0.2735775,0.0000054
57659,2016-09-28,I,-0.2748146,0.0000042
57660,2016-09-29,I,-0.2761502,0.0000040
57661,2016-09-30,I,-0.2775748,0.0000040
57662,2016-10-01,I,-0.2789791,0.0000045
57663,2016-10-02,I,-0.2803398,0.0000044
57664,2016-10-03,I,-0.2816038,0.0000042
57665,2016-10-04,I,-0.2827729,0.0000051
57666,2016-10-05,I,-0.2838894,0.0000044
57667,2016-10-06,I,-0.2849447,0.0000042
57668,2016-10-07,I,-0.2859339,0.0000042
57669,2016-10-08,I,-0.2869004,0.0000041
57670,2016-10-09,I,-0.2878725,0.0000043
57671,2016-10-10,I,-0.2889315,0.0000043
57672,2016-10-11,I,-0.2901510,0.0000047
57673,2016-10-12,I,-0.2915646,0.0000054
57674,2016-10-13,I,-0.2931808,0.0000055
57675,2016-10-14,I,-0.2950111,0.0000055
57676,2016-10-15,I,-0.2970207,0.0000055
57677,2016-10-16,I,-0.2991143,0.0000054
57678,2016-10-17,I,-0.3011743,0.0000055
57679,2016-10-18,I,-0.3030930,0.0000050
57680,2016-10-19,I,-0.3048574,0.0000053
57681,2016-10-20,I,-0.3064606,0.0000052
57682,2016-10-21,I,-0.3079075,0.0000054
57683,2016-10-22,I,-0.3093158,0.0000071
57684,2016-10-23,I,-0.3107455,0.0000051
57685,2016-10-24,I,-0.3121681,0.0000051
57686,2016-10-25,I,-0.3135924,0.0000047
57687,2016-10-26,I,-0.3150654,0.0000047
57688,2016-10-27,I,-0.3165353,0.0000046
57689,2016-10-28,I,-0.3180035,0.0000042
57690,2016-10-29,I,-0.3194982,0.0000053
57691,2016-10-30,I,-0.3209980,0.0000044
57692,2016-10-31,I,-0.3224484,0.0000043
57693,2016-11-01,I,-0.3238180,0.0000041
57694,2016-11-02,I,-0.3251318,0.0000046
57695,2016-11-03,I,-0.3263927,0.0000055
57696,2016-11-04,I,-0.3276250,0.0000058
57697,2016-11-05,I,-0.3288702,0.0000087
57698,2016-11-06,I,-0.3301963,0.0000076
57699,2016-11-07,I,-0.3316717,0.0000076
57700,2016-11-08,I,-0.3332698,0.0000094
57701,2016-11-09,I,-0.3350051,0.0000058
57702,2016-11-10,I,-0.3369012,0.0000052
57703,2016-11-11,I,-0.3389450,0.0000050
57704,2016-11-12,I,-0.3410974,0.0000047
57705,2016-11-13,I,-0.3432364,0.0000065
57706,2016-11-14,I,-0.3452590,0.0000065
57707,2016-11-15,I,-0.3470999,0.0000078
57708,2016-11-16,I,-0.3486935,0.0000066
57709,2016-11-17,I,-0.3500719,0.0000067
57710,2016-11-18,I,-0.3513579,0.0000068
57711,2016-11-19,I,-0.3526242,0.0000067
57712,2016-11-20,I,-0.3539436,0.0000069
57713,2016-11-21,I,-0.3553270,0.0000068
57714,2016-11-22,I,-0.3568065,0.0000078
57715,2016-11-23,I,-0.3583322,0.0000077
57716,2016-11-24,I,-0.3598979,0.0000076
57717,2016-11-25,I,-0.3614801,0.0000069
57718,2016-11-26,I,-0.3630352,0.0000071
57719,2016-11-27,I,-0.3645141,0.0000064
57720,2016-11-28,I,-0.3659039,0.0000068
57721,2016-11-29,I,-0.3672153,0.0000080
57722,2016-11-30,I,-0.3684730,0.0000044
57723,2016-12-01,I,-0.3697018,0.0000046
57724,2016-12-02,I,-0.3709165,0.0000047
57725,2016-12-03,I,-0.3721246,0.0000051
57726,2016-12-04,I,-0.3733343,0.0000060
57727,2016-12-05,I,-0.3746458,0.0000058
57728,2016-12-06,I,-0.3760479,0.0000078
57729,2016-12-07,I,-0.3775474,0.0000069
57730,2016-12-08,I,-0.3791717,0.0000072
57731,2016-12-09,I,-0.3809123,0.0000073
57732,2016-12-10,I,-0.3827288,0.0000077
57733,2016-12-11,I,-0.3845167,0.0000073
57734,2016-12-12,I,-0.3861868,0.0000072
57735,2016-12-13,I,-0.3877010,0.0000078
57736,2016-12-14,I,-0.3890224,0.0000072
57737,2016-12-15,I,-0.3902508,0.0000072
57738,2016-12-16,I,-0.3914912,0.0000072
57739,2016-12-17,I,-0.3927602,0.0000082
57740,2016-12-18,I,-0.3940241,0.0000084
57741,2016-12-19,I,-0.3952822,0.0000083
57742,2016-12-20,I,-0.3965624,0.0000044
57743,2016-12-21,I,-0.3978370,0.0000038
57744,2016-12-22,I,-0.3991024,0.0000038
57745,2016-12-23,I,-0.4003390,0.0000036
57746,2016-12-24,I,-0.4015098,0.0000036
57747,2016-12-25,I,-0.4025817,0.0000041
57748,2016-12-26,I,-0.4035526,0.0000095
57749,2016-12-27,I,-0.4044543,0.0000099
57750,2016-12-28,I,-0.4052850,0.0000076
57751,2016-12-29,I,-0.4060885,0.0000079
57752,2016-12-30,I,-0.4069180,0.0000079
57753,2016-12-31,I,-0.4077601,0.0000078
57754,2017-01-01,I,0.5912821,0.0000077
57755,2017-01-02,I,0.5901752,0.0000063
57756,2017-01-03,I,0.5889406,0.0000058
57757,2017-01-04,I,0.5875626,0.0000055
57758,2017-01-05,I,0.5860173,0.0000052
57759,2017-01-06,I,0.5844262,0.0000050
57760,2017-01-07,I,0.5828444,0.0000048
57761,2017-01-08,I,0.5813054,0.0000068
57762,2017-01-09,I,0.5798520,0.0000070
57763,2017-01-10,I,0.5785191,0.0000070
57764,2017-01-11,I,0.5773203,0.0000046
57765,2017-01-12,I,0.5761577,0.0000046
57766,2017-01-13,I,0.5749761,0.0000046
57767,2017-01-14,I,0.5737466,0.0000042
57768,2017-01-15,I,0.5724390,0.0000042
57769,2017-01-16,I,0.5710822,0.0000039
57770,2017-01-17,I,0.5697394,0.0000042
57771,2017-01-18,I,0.5684741,0.0000037
57772,2017-01-19,I,0.5672660,0.0000038
57773,2017-01-20,I,0.5661469,0.0000037
57774,2017-01-21,I,0.5650763,0.0000038
57775,2017-01-22,I,0.5640535,0.0000044
57776,2017-01-23,I,0.5631082,0.0000044
57777,2017-01-24,I,0.5622575,0.0000058
57778,2017-01-25,I,0.5614538,0.0000051
57779,2017-01-26,I,0.5606647,0.0000052
57780,2017-01-27,I,0.5598669,0.0000053
57781,2017-01-28,I,0.5589818,0.0000056
57782,2017-01-29,I,0.5579876,0.0000047
57783,2017-01-30,I,0.5568403,0.0000048
57784,2017-01-31,I,0.5555718,0.0000054
57785,2017-02-01,I,0.5541893,0.0000045
57786,2017-02-02,I,0.5527345,0.0000044
57787,2017-02-03,I,0.5512649,0.0000042
57788,2017-02-04,I,0.5498326,0.0000050
57789,2017-02-05,I,0.5484722,0.0000035
57790,2017-02-06,I,0.5471941,0.0000031
57791,2017-02-07,I,0.5459615,0.0000022
57792,2017-02-08,I,0.5447764,0.0000026
57793,2017-02-09,I,0.5435676,0.0000026
57794,2017-02-10,I,0.5422695,0.0000025
57795,2017-02-11,I,0.5408590,0.0000055
57796,2017-02-12,I,0.5393132,0.0000044
57797,2017-02-13,I,0.5376793,0.0000045
57798,2017-02-14,I,0.5360017,0.0000054
57799,2017-02-15,I,0.5343385,0.0000047
57800,2017-02-16,I,0.5327118,0.0000047
57801,2017-02-17,I,0.5311897,0.0000039
57802,2017-02-18,I,0.5298063,0.0000046
57803,2017-02-19,I,0.5286304,0.0000046
57804,2017-02-20,I,0.5275852,0.0000050
57805,2017-02-21,I,0.5266157,0.0000059
57806,2017-02-22,I,0.5256930,0.0000049
57807,2017-02-23,I,0.5247522,0.0000049
57808,2017-02-24,I,0.5237091,0.0000050
57809,2017-02-25,I,0.5226139,0.0000051
57810,2017-02-26,I,0.5214002,0.0000046
57811,2017-02-27,I,0.5200629,0.0000047
57812,2017-02-28,I,0.5185628,0.0000056
57813,2017-03-01,I,0.5169373,0.0000052
57814,2017-03-02,I,0.5152957,0.0000051
57815,2017-03-03,I,0.5137419,0.0000050
57816,2017-03-04,I,0.5122705,0.0000063
57817,2017-03-05,I,0.5108741,0.0000050
57818,2017-03-06,I,0.5095544,0.0000049
57819,2017-03-07,I,0.5083238,0.0000051
57820,2017-03-08,I,0.5070521,0.0000050
57821,2017-03-09,I,0.5057233,0.0000051
57822,2017-03-10,I,0.5043233,0.0000048
57823,2017-03-11,I,0.5028581,0.0000074
57824,2017-03-12,I,0.5013018,0.0000041
57825,2017-03-13,I,0.4996678,0.0000040
57826,2017-03-14,I,0.4979656,0.0000039
57827,2017-03-15,I,0.4963128,0.0000041
57828,2017-03-16,I,0.4947876,0.0000040
57829,2017-03-17,I,0.4933998,0.0000036
57830,2017-03-18,I,0.4921200,0.0000050
57831,2017-03-19,I,0.4909323,0.0000047
57832,2017-03-20,I,0.4898042,0.0000049
57833,2017-03-21,I,0.4886648,0.0000065
57834,2017-03-22,I,0.4874986,0.0000055
57835,2017-03-23,I,0.4862389,0.0000055
57836,2017-03-24,I,0.4848439,0.0000050
57837,2017-03-25,I,0.4833715,0.0000063
57838,2017-03-26,I,0.4817144,0.0000056
57839,2017-03-27,I,0.4798964,0.0000057
57840,2017-03-28,I,0.4779892,0.0000072
57841,2017-03-29,I,0.4760074,0.0000068
57842,2017-03-30,I,0.4740274,0.0000069
57843,2017-03-31,I,0.4721774,0.0000067
57844,2017-04-01,I,0.4704792,0.0000089
57845,2017-04-02,I,0.4689092,0.0000071
57846,2017-04-03,I,0.4674833,0.0000068
57847,2017-04-04,I,0.4661513,0.0000069
57848,2017-04-05,I,0.4648063,0.0000053
57849,2017-04-06,I,0.4634347,0.0000052
57850,2017-04-07,I,0.4619147,0.0000053
57851,2017-04-08,I,0.4603031,0.0000056
57852,2017-04-09,I,0.4586299,0.0000042
57853,2017-04-10,I,0.4569819,0.0000042
57854,2017-04-11,I,0.4554060,0.0000039
57855,2017-04-12,I,0.4538469,0.0000040
57856,2017-04-13,I,0.4522586,0.0000037
57857,2017-04-14,I,0.4506998,0.0000035
57858,2017-04-15,I,0.4492158,0.0000047
57859,2017-04-16,I,0.4477989,0.0000048
57860,2017-04-17,I,0.4463615,0.0000053
57861,2017-04-18,I,0.4448916,0.0000055
57862,2017-04-19,I,0.4434115,0.0000054
57863,2017-04-20,I,0.4419032,0.0000053
57864,2017-04-21,I,0.4403567,0.0000053
57865,2017-04-22,I,0.4386346,0.0000056
57866,2017-04-23,I,0.4367286,0.0000060
57867,2017-04-24,I,0.4346468,0.0000064
57868,2017-04-25,I,0.4324586,0.0000078
57869,2017-04-26,I,0.4302640,0.0000041
57870,2017-04-27,I,0.4281367,0.0000042
57871,2017-04-28,I,0.4262524,0.0000038
57872,2017-04-29,I,0.4245890,0.0000039
57873,2017-04-30,I,0.4231149,0.0000037
57874,2017-05-01,I,0.4217245,0.0000028
57875,2017-05-02,I,0.4203435,0.0000044
57876,2017-05-03,I,0.4189635,0.0000035
57877,2017-05-04,I,0.4175785,0.0000032
57878,2017-05-05,I,0.4161125,0.0000031
57879,2017-05-06,I,0.4145406,0.0000033
57880,2017-05-07,I,0.4129087,0.0000031
57881,2017-05-08,I,0.4113358,0.0000031
57882,2017-05-09,I,0.4099284,0.0000027
57883,2017-05-10,I,0.4085807,0.0000043
57884,2017-05-11,I,0.4072957,0.0000045
57885,2017-05-12,I,0.4060969,0.0000044
57886,2017-05-13,I,0.4049881,0.0000051
57887,2017-05-14,I,0.4039375,0.0000053
57888,2017-05-15,I,0.4029604,0.0000053
57889,2017-05-16,I,0.4019948,0.0000061
57890,2017-05-17,I,0.4009211,0.0000043
57891,2017-05-18,I,0.3997768,0.0000042
57892,2017-05-19,I,0.3985733,0.0000041
57893,2017-05-20,I,0.3972820,0.0000026
57894,2017-05-21,I,0.3958587,0.0000028
57895,2017-05-22,I,0.3942937,0.0000029
57896,2017-05-23,I,0.3926322,0.0000038
57897,2017-05-24,I,0.3909326,0.0000033
57898,2017-05-25,I,0.3893107,0.0000034
57899,2017-05-26,I,0.3878337,0.0000034
57900,2017-05-27,I,0.3865379,0.0000036
57901,2017-05-28,I,0.3854409,0.0000039
57902,2017-05-29,I,0.3843881,0.0000036
57903,2017-05-30,I,0.3832551,0.0000043
57904,2017-05-31,I,0.3820342,0.0000038
57905,2017-06-01,I,0.3807157,0.0000041
57906,2017-06-02,I,0.3793461,0.0000044
57907,2017-06-03,I,0.3779760,0.0000042
57908,2017-06-04,I,0.3766818,0.0000052
57909,2017-06-05,I,0.3754796,0.0000044
57910,2017-06-06,I,0.3743671,0.0000057
57911,2017-06-07,I,0.3733854,0.0000036
57912,2017-06-08,I,0.3725906,0.0000035
57913,2017-06-09,I,0.3719500,0.0000033
57914,2017-06-10,I,0.3714582,0.0000034
57915,2017-06-11,I,0.3710412,0.0000030
57916,2017-06-12,I,0.3706325,0.0000029
57917,2017-06-13,I,0.3702599,0.0000042
57918,2017-06-14,I,0.3698652,0.0000041
57919,2017-06-15,I,0.3693614,0.0000041
57920,2017-06-16,I,0.3687448,0.0000042
57921,2017-06-17,I,0.3680758,0.0000066
57922,2017-06-18,I,0.3672843,0.0000060
57923,2017-06-19,I,0.3664668,0.0000065
57924,2017-06-20,I,0.3656730,0.0000066
57925,2017-06-21,I,0.3648167,0.0000059
57926,2017-06-22,I,0.3641044,0.0000059
57927,2017-06-23,I,0.3635383,0.0000056
57928,2017-06-24,I,0.3631081,0.0000055
57929,2017-06-25,I,0.3627069,0.0000054
57930,2017-06-26,I,0.3622868,0.0000052
57931,2017-06-27,I,0.3618024,0.0000054
57932,2017-06-28,I,0.3612356,0.0000043
57933,2017-06-29,I,0.3606428,0.0000043
57934,2017-06-30,I,0.3600727,0.0000043
57935,2017-07-01,I,0.3595162,0.0000038
57936,2017-07-02,I,0.3589314,0.0000042
57937,2017-07-03,I,0.3584260,0.0000043
57938,2017-07-04,I,0.3580926,0.0000055
57939,2017-07-05,I,0.3578507,0.0000043
57940,2017-07-06,I,0.3576795,0.0000044
57941,2017-07-07,I,0.3575894,0.0000043
57942,2017-07-08,I,0.3575071,0.0000045
57943,2017-07-09,I,0.3574252,0.0000066
57944,2017-07-10,I,0.3573335,0.0000066
57945,2017-07-11,I,0.3571525,0.0000102
57946,2017-07-12,I,0.3567985,0.0000066
57947,2017-07-13,I,0.3563397,0.0000066
57948,2017-07-14,I,0.3557750,0.0000064
57949,2017-07-15,I,0.3551328,0.0000040
57950,2017-07-16,I,0.3545113,0.0000040
57951,2017-07-17,I,0.3539339,0.0000052
57952,2017-07-18,I,0.3533869,0.0000075
57953,2017-07-19,I,0.3528699,0.0000056
57954,2017-07-20,I,0.3524756,0.0000056
57955,2017-07-21,I,0.3520979,0.0000053
57956,2017-07-22,I,0.3517853,0.0000054
57957,2017-07-23,I,0.3515060,0.0000051
57958,2017-07-24,I,0.3511897,0.0000050
57959,2017-07-25,I,0.3507771,0.0000063
57960,2017-07-26,I,0.3502269,0.0000064
57961,2017-07-27,I,0.3495550,0.0000065
57962,2017-07-28,I,0.3488315,0.0000064
57963,2017-07-29,I,0.3481606,0.0000069
57964,2017-07-30,I,0.3475298,0.0000054
57965,2017-07-31,I,0.3470191,0.0000054
57966,2017-08-01,I,0.3466573,0.0000039
57967,2017-08-02,I,0.3464176,0.0000045
57968,2017-08-03,I,0.3462795,0.0000049
57969,2017-08-04,I,0.3462068,0.0000055
57970,2017-08-05,I,0.3461313,0.0000076
57971,2017-08-06,I,0.3459884,0.0000060
57972,2017-08-07,I,0.3458541,0.0000060
57973,2017-08-08,I,0.3456339,0.0000066
57974,2017-08-09,I,0.3452908,0.0000041
57975,2017-08-10,I,0.3448115,0.0000037
57976,2017-08-11,I,0.3441808,0.0000033
57977,2017-08-12,I,0.3434856,0.0000040
57978,2017-08-13,I,0.3428105,0.0000046
57979,2017-08-14,I,0.3421832,0.0000047
57980,2017-08-15,I,0.3416571,0.0000070
57981,2017-08-16,I,0.3412370,0.0000059
57982,2017-08-17,I,0.3409361,0.0000062
57983,2017-08-18,I,0.3407410,0.0000059
57984,2017-08-19,I,0.3405194,0.0000067
57985,2017-08-20,I,0.3403042,0.0000064
57986,2017-08-21,I,0.3399683,0.0000065
57987,2017-08-22,I,0.3394911,0.0000082
57988,2017-08-23,I,0.3389885,0.0000049
57989,2017-08-24,I,0.3384825,0.0000047
57990,2017-08-25,I,0.3379082,0.0000045
57991,2017-08-26,I,0.3374314,0.0000038
57992,2017-08-27,I,0.3370656,0.0000032
57993,2017-08-28,I,0.3368008,0.0000030
57994,2017-08-29,I,0.3365967,0.0000058
57995,2017-08-30,I,0.3364652,0.0000047
57996,2017-08-31,I,0.3364071,0.0000050
57997,2017-09-01,I,0.3363070,0.0000048
57998,2017-09-02,I,0.3361832,0.0000053
57999,2017-09-03,I,0.3360197,0.0000054
58000,2017-09-04,I,0.3357915,0.0000057
58001,2017-09-05,I,0.3354041,0.0000082
58002,2017-09-06,I,0.3348184,0.0000054
58003,2017-09-07,I,0.3340548,0.0000054
58004,2017-09-08,I,0.3331740,0.0000054
58005,2017-09-09,I,0.3322264,0.0000055
58006,2017-09-10,I,0.3312681,0.0000051
58007,2017-09-11,I,0.3303762,0.0000048
58008,2017-09-12,I,0.3295699,0.0000062
58009,2017-09-13,I,0.3288928,0.0000044
58010,2017-09-14,I,0.3282938,0.0000044
58011,2017-09-15,I,0.3277127,0.0000042
58012,2017-09-16,I,0.3271251,0.0000034
58013,2017-09-17,I,0.3263704,0.0000040
58014,2017-09-18,I,0.3254522,0.0000039
58015,2017-09-19,I,0.3243822,0.0000056
58016,2017-09-20,I,0.3232700,0.0000050
58017,2017-09-21,I,0.3221784,0.0000051
58018,2017-09-22,I,0.3211066,0.0000052
58019,2017-09-23,I,0.3201480,0.0000063
58020,2017-09-24,I,0.3192947,0.0000067
58021,2017-09-25,I,0.3185789,0.0000057
58022,2017-09-26,I,0.3180063,0.0000084
58023,2017-09-27,I,0.3174801,0.0000055
58024,2017-09-28,I,0.3169719,0.0000054
58025,2017-09-29,I,0.3163884,0.0000054
58026,2017-09-30,I,0.3157875,0.0000054
58027,2017-10-01,I,0.3151433,0.0000053
58028,2017-10-02,I,0.3145042,0.0000053
58029,2017-10-03,I,0.3137553,0.0000073
58030,2017-10-04,I,0.3128801,0.0000036
58031,2017-10-05,I,0.3118472,0.0000034
58032,2017-10-06,I,0.3107030,0.0000028
58033,2017-10-07,I,0.3095458,0.0000022
58034,2017-10-08,I,0.3084027,0.0000022
58035,2017-10-09,I,0.3073670,0.0000021
58036,2017-10-10,I,0.3064679,0.0000035
58037,2017-10-11,I,0.3056873,0.0000022
58038,2017-10-12,I,0.3049414,0.0000024
58039,2017-10-13,I,0.3041776,0.0000027
58040,2017-10-14,I,0.3033042,0.0000030
58041,2017-10-15,I,0.3023310,0.0000029
58042,2017-10-16,I,0.3012194,0.0000028
58043,2017-10-17,I,0.2999410,0.0000051
58044,2017-10-18,I,0.2985785,0.0000054
58045,2017-10-19,I,0.2971898,0.0000053
58046,2017-10-20,I,0.2958162,0.0000052
58047,2017-10-21,I,0.2945455,0.0000064
58048,2017-10-22,I,0.2933783,0.0000059
58049,2017-10-23,I,0.2922689,0.0000058
58050,2017-10-24,I,0.2912988,0.0000062
58051,2017-10-25,I,0.2904457,0.0000042
58052,2017-10-26,I,0.2896225,0.0000043
58053,2017-10-27,I,0.2887951,0.0000038
58054,2017-10-28,I,0.2879423,0.0000038
58055,2017-10-29,I,0.2869943,0.0000035
58056,2017-10-30,I,0.2859215,0.0000035
58057,2017-10-31,I,0.2847563,0.0000067
58058,2017-11-01,I,0.2834186,0.0000058
58059,2017-11-02,I,0.2819741,0.0000057
58060,2017-11-03,I,0.2804434,0.0000055
58061,2017-11-04,I,0.2788916,0.0000067
58062,2017-11-05,I,0.2774282,0.0000063
58063,2017-11-06,I,0.2761141,0.0000054
58064,2017-11-07,I,0.2749591,0.0000068
58065,2017-11-08,I,0.2739175,0.0000065
58066,2017-11-09,I,0.2728553,0.0000064
58067,2017-11-10,I,0.2717553,0.0000067
58068,2017-11-11,I,0.2705650,0.0000069
58069,2017-11-12,I,0.2692491,0.0000043
58070,2017-11-13,I,0.2678169,0.0000043
58071,2017-11-14,I,0.2663129,0.0000022
58072,2017-11-15,I,0.2648225,0.0000025
58073,2017-11-16,I,0.2634146,0.0000028
58074,2017-11-17,I,0.2621456,0.0000033
58075,2017-11-18,I,0.2609930,0.0000048
58076,2017-11-19,I,0.2599548,0.0000061
58077,2017-11-20,I,0.2590952,0.0000050
58078,2017-11-21,I,0.2584030,0.0000062
58079,2017-11-22,I,0.2577722,0.0000063
58080,2017-11-23,I,0.2571279,0.0000063
58081,2017-11-24,I,0.2564427,0.0000060
58082,2017-11-25,I,0.2557184,0.0000046
58083,2017-11-26,I,0.2549406,0.0000167
58084,2017-11-27,I,0.2539932,0.0000151
58085,2017-11-28,I,0.2528346,0.0000145
58086,2017-11-29,I,0.2514797,0.0000109
58087,2017-11-30,I,0.2500151,0.0000089
58088,2017-12-01,I,0.2485001,0.0000084
58089,2017-12-02,I,0.2469699,0.0000084
58090,2017-12-03,I,0.2455622,0.0000081
58091,2017-12-04,I,0.2442778,0.0000068
58092,2017-12-05,I,0.2430722,0.0000074
58093,2017-12-06,I,0.2418790,0.0000074
58094,2017-12-07,I,0.2406564,0.0000130
58095,2017-12-08,I,0.2393884,0.0000151
58096,2017-12-09,I,0.2380494,0.0000170
58097,2017-12-10,I,0.2366137,0.0000211
58098,2017-12-11,I,0.2351508,0.0000243
58099,2017-12-12,I,0.2337272,0.0000283
58100,2017-12-13,I,0.2323861,0.0000100
58101,2017-12-14,I,0.2311842,0.0000097
58102,2017-12-15,I,0.2301356,0.0000096
58103,2017-12-16,I,0.2292912,0.0000092
58104,2017-12-17,I,0.2285676,0.0000092
58105,2017-12-18,I,0.2279407,0.0000062
58106,2017-12-19,I,0.2274163,0.0000064
58107,2017-12-20,I,0.2269129,0.0000063
58108,2017-12-21,I,0.2263633,0.0000067
58109,2017-12-22,I,0.2258234,0.0000065
58110,2017-12-23,I,0.2252297,0.0000049
58111,2017-12-24,I,0.2244866,0.0000221
58112,2017-12-25,I,0.2236216,0.0000161
58113,2017-12-26,I,0.2226648,0.0000124
58114,2017-12-27,I,0.2216024,0.0000065
58115,2017-12-28,I,0.2204568,0.0000066
58116,2017-12-29,I,0.2193082,0.0000067
58117,2017-12-30,I,0.2182443,0.0000067
58118,2017-12-31,I,0.2172403,0.0000072
58119,2018-01-01,I,0.2163577,0.0000067
58120,2018-01-02,I,0.2155874,0.0000104
58121,2018-01-03,I,0.2148609,0.0000065
58122,2018-01-04,I,0.2140527,0.0000065
58123,2018-01-05,I,0.2131882,0.0000066
58124,2018-01-06,I,0.2122898,0.0000063
58125,2018-01-07,I,0.2114257,0.0000070
58126,2018-01-08,I,0.2105948,0.0000074
58127,2018-01-09,I,0.2099097,0.0000125
58128,2018-01-10,I,0.2093470,0.0000059
58129,2018-01-11,I,0.2089056,0.0000059
58130,2018-01-12,I,0.2085151,0.0000057
58131,2018-01-13,I,0.2082798,0.0000045
58132,2018-01-14,I,0.2081755,0.0000057
58133,2018-01-15,I,0.2080984,0.0000057
58134,2018-01-16,I,0.2080772,0.0000103
58135,2018-01-17,I,0.2079746,0.0000081
58136,2018-01-18,I,0.2078316,0.0000083
58137,2018-01-19,I,0.2076469,0.0000083
58138,2018-01-20,I,0.2073123,0.0000076
58139,2018-01-21,I,0.2067940,0.0000050
58140,2018-01-22,I,0.2061160,0.0000052
58141,2018-01-23,I,0.2053143,0.0000063
58142,2018-01-24,I,0.2043973,0.0000053
58143,2018-01-25,I,0.2034402,0.0000054
58144,2018-01-26,I,0.2024318,0.0000053
58145,2018-01-27,I,0.2014701,0.0000077
58146,2018-01-28,I,0.2005783,0.0000073
58147,2018-01-29,I,0.1996865,0.0000072
58148,2018-01-30,I,0.1987569,0.0000094
58149,2018-01-31,I,0.1976740,0.0000066
58150,2018-02-01,I,0.1964646,0.0000068
58151,2018-02-02,I,0.1950819,0.0000064
58152,2018-02-03,I,0.1934980,0.0000065
58153,2018-02-04,I,0.1918172,0.0000063
58154,2018-02-05,I,0.1901421,0.0000059
58155,2018-02-06,I,0.1885659,0.0000084
58156,2018-02-07,I,0.1871541,0.0000055
58157,2018-02-08,I,0.1858940,0.0000051
58158,2018-02-09,I,0.1848016,0.0000051
58159,2018-02-10,I,0.1839131,0.0000049
58160,2018-02-11,I,0.1831397,0.0000043
58161,2018-02-12,I,0.1823862,0.0000042
58162,2018-02-13,I,0.1816316,0.0000050
58163,2018-02-14,I,0.1808591,0.0000038
58164,2018-02-15,I,0.1800361,0.0000039
58165,2018-02-16,I,0.1791523,0.0000038
58166,2018-02-17,I,0.1781794,0.0000042
58167,2018-02-18,I,0.1771176,0.0000059
58168,2018-02-19,I,0.1759766,0.0000059
58169,2018-02-20,I,0.1748059,0.0000104
58170,2018-02-21,I,0.1736605,0.0000063
58171,2018-02-22,I,0.1725641,0.0000061
58172,2018-02-23,I,0.1715396,0.0000060
58173,2018-02-24,I,0.1706360,0.0000039
58174,2018-02-25,I,0.1698271,0.0000045
58175,2018-02-26,I,0.1690487,0.0000045
58176,2018-02-27,I,0.1682480,0.0000081
58177,2018-02-28,I,0.1674030,0.0000059
58178,2018-03-01,I,0.1664473,0.0000058
58179,2018-03-02,I,0.1652916,0.0000059
58180,2018-03-03,I,0.1640270,0.0000065
58181,2018-03-04,I,0.1627874,0.0000073
58182,2018-03-05,I,0.1615785,0.0000057
58183,2018-03-06,I,0.1604839,0.0000114
58184,2018-03-07,I,0.1595412,0.0000056
58185,2018-03-08,I,0.1586365,0.0000055
58186,2018-03-09,I,0.1578251,0.0000054
58187,2018-03-10,I,0.1571114,0.0000040
58188,2018-03-11,I,0.1564273,0.0000044
58189,2018-03-12,I,0.1557302,0.0000044
58190,2018-03-13,I,0.1549723,0.0000114
58191,2018-03-14,I,0.1541452,0.0000075
58192,2018-03-15,I,0.1532421,0.0000074
58193,2018-03-16,I,0.1522448,0.0000061
58194,2018-03-17,I,0.1511656,0.0000056
58195,2018-03-18,I,0.1500269,0.0000053
58196,2018-03-19,I,0.1488290,0.0000053
58197,2018-03-20,I,0.1475874,0.0000053
58198,2018-03-21,I,0.1463478,0.0000048
58199,2018-03-22,I,0.1451572,0.0000049
58200,2018-03-23,I,0.1440653,0.0000049
58201,2018-03-24,I,0.1431017,0.0000046
58202,2018-03-25,I,0.1422333,0.0000042
58203,2018-03-26,I,0.1413808,0.0000039
58204,2018-03-27,I,0.1404181,0.0000039
58205,2018-03-28,I,0.1393369,0.0000038
58206,2018-03-29,I,0.1381503,0.0000039
58207,2018-03-30,I,0.1368700,0.0000037
58208,2018-03-31,I,0.1354801,0.0000039
58209,2018-04-01,I,0.1340919,0.0000114
58210,2018-04-02,I,0.1327638,0.0000060
58211,2018-04-03,I,0.1315479,0.0000060
58212,2018-04-04,I,0.1304933,0.0000057
58213,2018-04-05,I,0.1296169,0.0000056
58214,2018-04-06,I,0.1288673,0.0000056
58215,2018-04-07,I,0.1281820,0.0000060
58216,2018-04-08,I,0.1275261,0.0000057
58217,2018-04-09,I,0.1268650,0.0000056
58218,2018-04-10,I,0.1261843,0.0000052
58219,2018-04-11,I,0.1254843,0.0000042
58220,2018-04-12,I,0.1246885,0.0000048
58221,2018-04-13,I,0.1237648,0.0000061
58222,2018-04-14,I,0.1227279,0.0000073
58223,2018-04-15,I,0.1215516,0.0000061
58224,2018-04-16,I,0.1202219,0.0000062
58225,2018-04-17,I,0.1188591,0.0000087
58226,2018-04-18,I,0.1176018,0.0000061
58227,2018-04-19,I,0.1164911,0.0000050
58228,2018-04-20,I,0.1154595,0.0000046
58229,2018-04-21,I,0.1145009,0.0000054
58230,2018-04-22,I,0.1135425,0.0000047
58231,2018-04-23,I,0.1125337,0.0000044
58232,2018-04-24,I,0.1113982,0.0000045
58233,2018-04-25,I,0.1100794,0.0000053
58234,2018-04-26,I,0.1086530,0.0000059
58235,2018-04-27,I,0.1071446,0.0000058
58236,2018-04-28,I,0.1056176,0.0000069
58237,2018-04-29,I,0.1041281,0.0000069
58238,2018-04-30,I,0.1028179,0.0000069
58239,2018-05-01,I,0.1016567,0.0000065
58240,2018-05-02,I,0.1006233,0.0000042
58241,2018-05-03,I,0.0997347,0.0000045
58242,2018-05-04,I,0.0989771,0.0000046
58243,2018-05-05,I,0.0982874,0.0000047
58244,2018-05-06,I,0.0976177,0.0000047
58245,2018-05-07,I,0.0969698,0.0000043
58246,2018-05-08,I,0.0962955,0.0000052
58247,2018-05-09,I,0.0955205,0.0000024
58248,2018-05-10,I,0.0946331,0.0000024
58249,2018-05-11,I,0.0936859,0.0000027
58250,2018-05-12,I,0.0926566,0.0000030
58251,2018-05-13,I,0.0915264,0.0000031
58252,2018-05-14,I,0.0904266,0.0000032
58253,2018-05-15,I,0.0894075,0.0000060
58254,2018-05-16,I,0.0885366,0.0000051
58255,2018-05-17,I,0.0878291,0.0000057
58256,2018-05-18,I,0.0871981,0.0000066
58257,2018-05-19,I,0.0866552,0.0000079
58258,2018-05-20,I,0.0860637,0.0000085
58259,2018-05-21,I,0.0854250,0.0000068
58260,2018-05-22,I,0.0846600,0.0000094
58261,2018-05-23,I,0.0837281,0.0000081
58262,2018-05-24,I,0.0826900,0.0000076
58263,2018-05-25,I,0.0816457,0.0000067
58264,2018-05-26,I,0.0806496,0.0000066
58265,2018-05-27,I,0.0797000,0.0000086
58266,2018-05-28,I,0.0788383,0.0000078
58267,2018-05-29,I,0.0781702,0.0000081
58268,2018-05-30,I,0.0776965,0.0000059
58269,2018-05-31,I,0.0773296,0.0000059
58270,2018-06-01,I,0.0769966,0.0000059
58271,2018-06-02,I,0.0767081,0.0000057
58272,2018-06-03,I,0.0763948,0.0000066
58273,2018-06-04,I,0.0760462,0.0000066
58274,2018-06-05,I,0.0756097,0.0000105
58275,2018-06-06,I,0.0751095,0.0000082
58276,2018-06-07,I,0.0744923,0.0000083
58277,2018-06-08,I,0.0737824,0.0000084
58278,2018-06-09,I,0.0729877,0.0000074
58279,2018-06-10,I,0.0721058,0.0000067
58280,2018-06-11,I,0.0712665,0.0000064
58281,2018-06-12,I,0.0705547,0.0000093
58282,2018-06-13,I,0.0699977,0.0000057
58283,2018-06-14,I,0.0695920,0.0000053
58284,2018-06-15,I,0.0693172,0.0000054
58285,2018-06-16,I,0.0691140,0.0000061
58286,2018-06-17,I,0.0688867,0.0000051
58287,2018-06-18,I,0.0686057,0.0000046
58288,2018-06-19,I,0.0682192,0.0000053
58289,2018-06-20,I,0.0677580,0.0000043
58290,2018-06-21,I,0.0673250,0.0000045
58291,2018-06-22,I,0.0670016,0.0000044
58292,2018-06-23,I,0.0668439,0.0000053
58293,2018-06-24,I,0.0668756,0.0000048
58294,2018-06-25,I,0.0671262,0.0000050
58295,2018-06-26,I,0.0675266,0.0000061
58296,2018-06-27,I,0.0680923,0.0000052
58297,2018-06-28,I,0.0687270,0.0000051
58298,2018-06-29,I,0.0693284,0.0000044
58299,2018-06-30,I,0.0699649,0.0000051
58300,2018-07-01,I,0.0705973,0.0000043
58301,2018-07-02,I,0.0711817,0.0000043
58302,2018-07-03,I,0.0716793,0.0000073
58303,2018-07-04,I,0.0720528,0.0000043
58304,2018-07-05,I,0.0723000,0.0000047
58305,2018-07-06,I,0.0723675,0.0000047
58306,2018-07-07,I,0.0723193,0.0000048
58307,2018-07-08,I,0.0721982,0.0000047
58308,2018-07-09,I,0.0720344,0.0000042
58309,2018-07-10,I,0.0718895,0.0000057
58310,2018-07-11,I,0.0717743,0.0000035
58311,2018-07-12,I,0.0717395,0.0000034
58312,2018-07-13,I,0.0717787,0.0000034
58313,2018-07-14,I,0.0717883,0.0000025
58314,2018-07-15,I,0.0716867,0.0000024
58315,2018-07-16,I,0.0714123,0.0000024
58316,2018-07-17,I,0.0709782,0.0000033
58317,2018-07-18,I,0.0704463,0.0000025
58318,2018-07-19,I,0.0699020,0.0000026
58319,2018-07-20,I,0.0694513,0.0000028
58320,2018-07-21,I,0.0691622,0.0000030
58321,2018-07-22,I,0.0690456,0.0000027
58322,2018-07-23,I,0.0690692,0.0000027
58323,2018-07-24,I,0.0691781,0.0000040
58324,2018-07-25,I,0.0693304,0.0000031
58325,2018-07-26,I,0.0695103,0.0000028
58326,2018-07-27,I,0.0696607,0.0000025
58327,2018-07-28,I,0.0697827,0.0000050
58328,2018-07-29,I,0.0698892,0.0000048
58329,2018-07-30,I,0.0699453,0.0000046
58330,2018-07-31,I,0.0699325,0.0000056
58331,2018-08-01,I,0.0698102,0.0000048
58332,2018-08-02,I,0.0695763,0.0000049
58333,2018-08-03,I,0.0692629,0.0000044
58334,2018-08-04,I,0.0689387,0.0000045
58335,2018-08-05,I,0.0686671,0.0000027
58336,2018-08-06,I,0.0684611,0.0000027
58337,2018-08-07,I,0.0683332,0.0000025
58338,2018-08-08,I,0.0682926,0.0000032
58339,2018-08-09,I,0.0682790,0.0000032
58340,2018-08-10,I,0.0681971,0.0000031
58341,2018-08-11,I,0.0679668,0.0000063
58342,2018-08-12,I,0.0675370,0.0000055
58343,2018-08-13,I,0.0669575,0.0000052
58344,2018-08-14,I,0.0663382,0.0000072
58345,2018-08-15,I,0.0657339,0.0000045
58346,2018-08-16,I,0.0651808,0.0000048
58347,2018-08-17,I,0.0647654,0.0000053
58348,2018-08-18,I,0.0644887,0.0000059
58349,2018-08-19,I,0.0643999,0.0000048
58350,2018-08-20,I,0.0644274,0.0000050
58351,2018-08-21,I,0.0645280,0.0000065
58352,2018-08-22,I,0.0646884,0.0000070
58353,2018-08-23,I,0.0648517,0.0000070
58354,2018-08-24,I,0.0650018,0.0000072
58355,2018-08-25,I,0.0651619,0.0000213
58356,2018-08-26,I,0.0652315,0.0000078
58357,2018-08-27,I,0.0651086,0.0000076
58358,2018-08-28,I,0.0648107,0.0000069
58359,2018-08-29,I,0.0644521,0.0000053
58360,2018-08-30,I,0.0640949,0.0000055
58361,2018-08-31,I,0.0637042,0.0000051
58362,2018-09-01,I,0.0632797,0.0000062
58363,2018-09-02,I,0.0629525,0.0000049
58364,2018-09-03,I,0.0627471,0.0000049
58365,2018-09-04,I,0.0626180,0.0000053
58366,2018-09-05,I,0.0625225,0.0000049
58367,2018-09-06,I,0.0623972,0.0000048
58368,2018-09-07,I,0.0621696,0.0000048
58369,2018-09-08,I,0.0617506,0.0000057
58370,2018-09-09,I,0.0611433,0.0000063
58371,2018-09-10,I,0.0603195,0.0000062
58372,2018-09-11,I,0.0593494,0.0000090
58373,2018-09-12,I,0.0583688,0.0000066
58374,2018-09-13,I,0.0575139,0.0000065
58375,2018-09-14,I,0.0568579,0.0000062
58376,2018-09-15,I,0.0564025,0.0000054
58377,2018-09-16,I,0.0561236,0.0000064
58378,2018-09-17,I,0.0559947,0.0000064
58379,2018-09-18,I,0.0559116,0.0000078
58380,2018-09-19,I,0.0558621,0.0000068
58381,2018-09-20,I,0.0558132,0.0000069
58382,2018-09-21,I,0.0556637,0.0000066
58383,2018-09-22,I,0.0553887,0.0000061
58384,2018-09-23,I,0.0549741,0.0000064
58385,2018-09-24,I,0.0543782,0.0000043
58386,2018-09-25,I,0.0536128,0.0000050
58387,2018-09-26,I,0.0527386,0.0000056
58388,2018-09-27,I,0.0518424,0.0000055
58389,2018-09-28,I,0.0509123,0.0000056
58390,2018-09-29,I,0.0500090,0.0000056
58391,2018-09-30,I,0.0491855,0.0000080
58392,2018-10-01,I,0.0484422,0.0000078
58393,2018-10-02,I,0.0477556,0.0000083
58394,2018-10-03,I,0.0470950,0.0000069
58395,2018-10-04,I,0.0463829,0.0000072
58396,2018-10-05,I,0.0455331,0.0000071
58397,2018-10-06,I,0.0444284,0.0000069
58398,2018-10-07,I,0.0431670,0.0000060
58399,2018-10-08,I,0.0417926,0.0000058
58400,2018-10-09,I,0.0403473,0.0000057
58401,2018-10-10,I,0.0389725,0.0000047
58402,2018-10-11,I,0.0377371,0.0000051
58403,2018-10-12,I,0.0366770,0.0000054
58404,2018-10-13,I,0.0358042,0.0000069
58405,2018-10-14,I,0.0351009,0.0000053
58406,2018-10-15,I,0.0345090,0.0000053
58407,2018-10-16,I,0.0340490,0.0000062
58408,2018-10-17,I,0.0336358,0.0000062
58409,2018-10-18,I,0.0331836,0.0000063
58410,2018-10-19,I,0.0326338,0.0000061
58411,2018-10-20,I,0.0319812,0.0000080
58412,2018-10-21,I,0.0311914,0.0000070
58413,2018-10-22,I,0.0302123,0.0000066
58414,2018-10-23,I,0.0290892,0.0000065
58415,2018-10-24,I,0.0278497,0.0000051
58416,2018-10-25,I,0.0265518,0.0000049
58417,2018-10-26,I,0.0252947,0.0000049
58418,2018-10-27,I,0.0241285,0.0000050
58419,2018-10-28,I,0.0230588,0.0000055
58420,2018-10-29,I,0.0220948,0.0000051
58421,2018-10-30,I,0.0212045,0.0000054
58422,2018-10-31,I,0.0203398,0.0000057
58423,2018-11-01,I,0.0194100,0.0000056
58424,2018-11-02,I,0.0183392,0.0000058
58425,2018-11-03,I,0.0171535,0.0000059
58426,2018-11-04,I,0.0159064,0.0000039
58427,2018-11-05,I,0.0146517,0.0000039
58428,2018-11-06,I,0.0134133,0.0000044
58429,2018-11-07,I,0.0122295,0.0000049
58430,2018-11-08,I,0.0111928,0.0000058
58431,2018-11-09,I,0.0102582,0.0000064
58432,2018-11-10,I,0.0094704,0.0000187
58433,2018-11-11,I,0.0087666,0.0000136
58434,2018-11-12,I,0.0080908,0.0000135
58435,2018-11-13,I,0.0074419,0.0000135
58436,2018-11-14,I,0.0067305,0.0000094
58437,2018-11-15,I,0.0059584,0.0000089
58438,2018-11-16,I,0.0050952,0.0000085
58439,2018-11-17,I,0.0041410,0.0000067
58440,2018-11-18,I,0.0030793,0.0000054
58441,2018-11-19,I,0.0018698,0.0000061
58442,2018-11-20,I,0.0005255,0.0000065
58443,2018-11-21,I,-0.0008739,0.0000066
58444,2018-11-22,I,-0.0022644,0.0000068
58445,2018-11-23,I,-0.0035859,0.0000067
58446,2018-11-24,I,-0.0048081,0.0000080
58447,2018-11-25,I,-0.0058923,0.0000066
58448,2018-11-26,I,-0.0068614,0.0000060
58449,2018-11-27,I,-0.0078195,0.0000059
58450,2018-11-28,I,-0.0088161,0.0000063
58451,2018-11-29,I,-0.0099250,0.0000062
58452,2018-11-30,I,-0.0111375,0.0000063
58453,2018-12-01,I,-0.0124228,0.0000071
58454,2018-12-02,I,-0.0137338,0.0000064
58455,2018-12-03,I,-0.0149921,0.0000062
58456,2018-12-04,I,-0.0161149,0.0000060
58457,2018-12-05,I,-0.0169955,0.0000054
58458,2018-12-06,I,-0.0176813,0.0000055
58459,2018-12-07,I,-0.0182366,0.0000056
58460,2018-12-08,I,-0.0187315,0.0000064
58461,2018-12-09,I,-0.0191338,0.0000046
58462,2018-12-10,I,-0.0194914,0.0000046
58463,2018-12-11,I,-0.0198816,0.0000043
58464,2018-12-12,I,-0.0203504,0.0000043
58465,2018-12-13,I,-0.0208876,0.0000041
58466,2018-12-14,I,-0.0214930,0.0000040
58467,2018-12-15,I,-0.0221946,0.0000076
58468,2018-12-16,I,-0.0230078,0.0000041
58469,2018-12-17,I,-0.0239410,0.0000040
58470,2018-12-18,I,-0.0249665,0.0000035
58471,2018-12-19,I,-0.0260051,0.0000032
58472,2018-12-20,I,-0.0269070,0.0000032
58473,2018-12-21,I,-0.0276346,0.0000034
58474,2018-12-22,I,-0.0282128,0.0000042
58475,2018-12-23,I,-0.0286787,0.0000041
58476,2018-12-24,I,-0.0291401,0.0000041
58477,2018-12-25,I,-0.0296689,0.0000058
58478,2018-12-26,I,-0.0302944,0.0000070
58479,2018-12-27,I,-0.0310765,0.0000069
58480,2018-12-28,I,-0.0320114,0.0000069
58481,2018-12-29,I,-0.0330854,0.0000068
58482,2018-12-30,I,-0.0341662,0.0000067
58483,2018-12-31,I,-0.0351948,0.0000074
58484,2019-01-01,I,-0.0361632,0.0000032
58485,2019-01-02,I,-0.0370452,0.0000040
58486,2019-01-03,I,-0.0377584,0.0000043
58487,2019-01-04,I,-0.0382710,0.0000042
58488,2019-01-05,I,-0.0387231,0.0000044
58489,2019-01-06,I,-0.0391107,0.0000054
58490,2019-01-07,I,-0.0394318,0.0000079
58491,2019-01-08,I,-0.0397606,0.0000113
58492,2019-01-09,I,-0.0401230,0.0000066
58493,2019-01-10,I,-0.0405821,0.0000067
58494,2019-01-11,I,-0.0410915,0.0000068
58495,2019-01-12,I,-0.0417339,0.0000069
58496,2019-01-13,I,-0.0424652,0.0000044
58497,2019-01-14,I,-0.0432663,0.0000038
58498,2019-01-15,I,-0.0441428,0.0000037
58499,2019-01-16,I,-0.0450467,0.0000045
58500,2019-01-17,I,-0.0459130,0.0000045
58501,2019-01-18,I,-0.0467252,0.0000045
58502,2019-01-19,I,-0.0474805,0.0000059
58503,2019-01-20,I,-0.0482177,0.0000062
58504,2019-01-21,I,-0.0490075,0.0000052
58505,2019-01-22,I,-0.0499191,0.0000048
58506,2019-01-23,I,-0.0509772,0.0000045
58507,2019-01-24,I,-0.0522303,0.0000045
58508,2019-01-25,I,-0.0536338,0.0000045
58509,2019-01-26,I,-0.0550685,0.0000046
58510,2019-01-27,I,-0.0564856,0.0000047
58511,2019-01-28,I,-0.0578081,0.0000044
58512,2019-01-29,I,-0.0589114,0.0000048
58513,2019-01-30,I,-0.0598320,0.0000054
58514,2019-01-31,I,-0.0605762,0.0000054
58515,2019-02-01,I,-0.0611564,0.0000053
58516,2019-02-02,I,-0.0616624,0.0000059
58517,2019-02-03,I,-0.0621277,0.0000053
58518,2019-02-04,I,-0.0626533,0.0000053
58519,2019-02-05,I,-0.0633185,0.0000054
58520,2019-02-06,I,-0.0640895,0.0000048
58521,2019-02-07,I,-0.0649842,0.0000048
58522,2019-02-08,I,-0.0659790,0.0000047
58523,2019-02-09,I,-0.0670674,0.0000046
58524,2019-02-10,I,-0.0682290,0.0000043
58525,2019-02-11,I,-0.0694334,0.0000043
58526,2019-02-12,I,-0.0706159,0.0000044
58527,2019-02-13,I,-0.0717940,0.0000058
58528,2019-02-14,I,-0.0729259,0.0000058
58529,2019-02-15,I,-0.0739665,0.0000058
58530,2019-02-16,I,-0.0749540,0.0000071
58531,2019-02-17,I,-0.0759185,0.0000071
58532,2019-02-18,I,-0.0769301,0.0000059
58533,2019-02-19,I,-0.0781015,0.0000043
58534,2019-02-20,I,-0.0794558,0.0000043
58535,2019-02-21,I,-0.0809446,0.0000048
58536,2019-02-22,I,-0.0824874,0.0000051
58537,2019-02-23,I,-0.0839918,0.0000055
58538,2019-02-24,I,-0.0853787,0.0000067
58539,2019-02-25,I,-0.0865327,0.0000067
58540,2019-02-26,I,-0.0874829,0.0000070
58541,2019-02-27,I,-0.0882119,0.0000062
58542,2019-02-28,I,-0.0887955,0.0000060
58543,2019-03-01,I,-0.0892758,0.0000058
58544,2019-03-02,I,-0.0897148,0.0000061
58545,2019-03-03,I,-0.0902098,0.0000056
58546,2019-03-04,I,-0.0907251,0.0000056
58547,2019-03-05,I,-0.0913344,0.0000057
58548,2019-03-06,I,-0.0920430,0.0000053
58549,2019-03-07,I,-0.0928782,0.0000053
58550,2019-03-08,I,-0.0938285,0.0000051
58551,2019-03-09,I,-0.0948222,0.0000054
58552,2019-03-10,I,-0.0958673,0.0000066
58553,2019-03-11,I,-0.0969416,0.0000065
58554,2019-03-12,I,-0.0979631,0.0000077
58555,2019-03-13,I,-0.0988823,0.0000078
58556,2019-03-14,I,-0.0997021,0.0000078
58557,2019-03-15,I,-0.1004690,0.0000078
58558,2019-03-16,I,-0.1012687,0.0000082
58559,2019-03-17,I,-0.1021385,0.0000078
58560,2019-03-18,I,-0.1031338,0.0000079
58561,2019-03-19,I,-0.1043416,0.0000080
58562,2019-03-20,I,-0.1057496,0.0000050
58563,2019-03-21,I,-0.1073241,0.0000050
58564,2019-03-22,I,-0.1090030,0.0000052
58565,2019-03-23,I,-0.1106334,0.0000048
58566,2019-03-24,I,-0.1121243,0.0000049
58567,2019-03-25,I,-0.1133992,0.0000049
58568,2019-03-26,I,-0.1144431,0.0000066
58569,2019-03-27,I,-0.1153175,0.0000057
58570,2019-03-28,I,-0.1160974,0.0000057
58571,2019-03-29,I,-0.1168102,0.0000056
58572,2019-03-30,I,-0.1175397,0.0000060
58573,2019-03-31,I,-0.1183242,0.0000042
58574,2019-04-01,I,-0.1191979,0.0000042
58575,2019-04-02,I,-0.1201648,0.0000034
58576,2019-04-03,I,-0.1212465,0.0000040
58577,2019-04-04,I,-0.1224726,0.0000040
58578,2019-04-05,I,-0.1237568,0.0000039
58579,2019-04-06,I,-0.1250404,0.0000063
58580,2019-04-07,I,-0.1263347,0.0000049
58581,2019-04-08,I,-0.1275788,0.0000049
58582,2019-04-09,I,-0.1287422,0.0000049
58583,2019-04-10,I,-0.1297738,0.0000048
58584,2019-04-11,I,-0.1306581,0.0000050
58585,2019-04-12,I,-0.1314155,0.0000050
58586,2019-04-13,I,-0.1322115,0.0000064
58587,2019-04-14,I,-0.1330617,0.0000051
58588,2019-04-15,I,-0.1340441,0.0000051
58589,2019-04-16,I,-0.1352327,0.0000058
58590,2019-04-17,I,-0.1365999,0.0000056
58591,2019-04-18,I,-0.1380752,0.0000054
58592,2019-04-19,I,-0.1394900,0.0000051
58593,2019-04-20,I,-0.1408027,0.0000086
58594,2019-04-21,I,-0.1419298,0.0000085
58595,2019-04-22,I,-0.1428101,0.0000034
58596,2019-04-23,I,-0.1434763,0.0000036
58597,2019-04-24,I,-0.1440169,0.0000040
58598,2019-04-25,I,-0.1445128,0.0000039
58599,2019-04-26,I,-0.1450041,0.0000040
58600,2019-04-27,I,-0.1455633,0.0000042
58601,2019-04-28,I,-0.1461748,0.0000055
58602,2019-04-29,I,-0.1468390,0.0000055
58603,2019-04-30,I,-0.1476321,0.0000063
58604,2019-05-01,I,-0.1485675,0.0000069
58605,2019-05-02,I,-0.1496123,0.0000072
58606,2019-05-03,I,-0.1506564,0.0000073
58607,2019-05-04,I,-0.1516315,0.0000093
58608,2019-05-05,I,-0.1525334,0.0000089
58609,2019-05-06,I,-0.1533663,0.0000057
58610,2019-05-07,I,-0.1540934,0.0000049
58611,2019-05-08,I,-0.1547113,0.0000043
58612,2019-05-09,I,-0.1552802,0.0000039
58613,2019-05-10,I,-0.1558271,0.0000043
58614,2019-05-11,I,-0.1563994,0.0000043
58615,2019-05-12,I,-0.1570941,0.0000041
58616,2019-05-13,I,-0.1579420,0.0000040
58617,2019-05-14,I,-0.1589712,0.0000044
58618,2019-05-15,I,-0.1601803,0.0000044
58619,2019-05-16,I,-0.1614572,0.0000043
58620,2019-05-17,I,-0.1627123,0.0000043
58621,2019-05-18,I,-0.1637952,0.0000063
58622,2019-05-19,I,-0.1646049,0.0000050
58623,2019-05-20,I,-0.1652061,0.0000049
58624,2019-05-21,I,-0.1655949,0.0000050
58625,2019-05-22,I,-0.1658535,0.0000053
58626,2019-05-23,I,-0.1660761,0.0000052
58627,2019-05-24,I,-0.1663131,0.0000051
58628,2019-05-25,I,-0.1665897,0.0000065
58629,2019-05-26,I,-0.1669079,0.0000067
58630,2019-05-27,I,-0.1673088,0.0000049
58631,2019-05-28,I,-0.1677762,0.0000043
58632,2019-05-29,I,-0.1682876,0.0000057
58633,2019-05-30,I,-0.1688717,0.0000055
58634,2019-05-31,I,-0.1694668,0.0000057
58635,2019-06-01,I,-0.1700507,0.0000057
58636,2019-06-02,I,-0.1705893,0.0000061
58637,2019-06-03,I,-0.1709735,0.0000061
58638,2019-06-04,I,-0.1712196,0.0000039
58639,2019-06-05,I,-0.1713926,0.0000043
58640,2019-06-06,I,-0.1715186,0.0000041
58641,2019-06-07,I,-0.1716405,0.0000040
58642,2019-06-08,I,-0.1718291,0.0000062
58643,2019-06-09,I,-0.1721388,0.0000063
58644,2019-06-10,I,-0.1726102,0.0000033
58645,2019-06-11,I,-0.1732135,0.0000029
58646,2019-06-12,I,-0.1738701,0.0000027
58647,2019-06-13,I,-0.1744949,0.0000034
58648,2019-06-14,I,-0.1750150,0.0000037
58649,2019-06-15,I,-0.1753616,0.0000037
58650,2019-06-16,I,-0.1754711,0.0000051
58651,2019-06-17,I,-0.1754081,0.0000050
58652,2019-06-18,I,-0.1752440,0.0000068
58653,2019-06-19,I,-0.1750116,0.0000043
58654,2019-06-20,I,-0.1747685,0.0000041
58655,2019-06-21,I,-0.1745736,0.0000043
58656,2019-06-22,I,-0.1744381,0.0000048
58657,2019-06-23,I,-0.1743521,0.0000045
58658,2019-06-24,I,-0.1743707,0.0000045
58659,2019-06-25,I,-0.1744160,0.0000058
58660,2019-06-26,I,-0.1744791,0.0000048
58661,2019-06-27,I,-0.1745418,0.0000050
58662,2019-06-28,I,-0.1745529,0.0000047
58663,2019-06-29,I,-0.1745373,0.0000058
58664,2019-06-30,I,-0.1744209,0.0000053
58665,2019-07-01,I,-0.1741722,0.0000053
58666,2019-07-02,I,-0.1738071,0.0000085
58667,2019-07-03,I,-0.1733232,0.0000054
58668,2019-07-04,I,-0.1727722,0.0000066
58669,2019-07-05,I,-0.1722958,0.0000067
58670,2019-07-06,I,-0.1720076,0.0000081
58671,2019-07-07,I,-0.1719339,0.0000091
58672,2019-07-08,I,-0.1719471,0.0000091
58673,2019-07-09,I,-0.1720110,0.0000136
58674,2019-07-10,I,-0.1720628,0.0000084
58675,2019-07-11,I,-0.1720240,0.0000083
58676,2019-07-12,I,-0.1717933,0.0000080
58677,2019-07-13,I,-0.1713410,0.0000051
58678,2019-07-14,I,-0.1706722,0.0000037
58679,2019-07-15,I,-0.1698133,0.0000039
58680,2019-07-16,I,-0.1688584,0.0000048
58681,2019-07-17,I,-0.1679368,0.0000036
58682,2019-07-18,I,-0.1670647,0.0000038
58683,2019-07-19,I,-0.1662905,0.0000045
58684,2019-07-20,I,-0.1656386,0.0000056
58685,2019-07-21,I,-0.1651336,0.0000041
58686,2019-07-22,I,-0.1646551,0.0000039
58687,2019-07-23,I,-0.1642060,0.0000047
58688,2019-07-24,I,-0.1638710,0.0000043
58689,2019-07-25,I,-0.1635554,0.0000037
58690,2019-07-26,I,-0.1631943,0.0000039
58691,2019-07-27,I,-0.1627890,0.0000097
58692,2019-07-28,I,-0.1623658,0.0000058
58693,2019-07-29,I,-0.1618466,0.0000058
58694,2019-07-30,I,-0.1612414,0.0000064
58695,2019-07-31,I,-0.1606543,0.0000045
58696,2019-08-01,I,-0.1601594,0.0000045
58697,2019-08-02,I,-0.1598491,0.0000026
58698,2019-08-03,I,-0.1597661,0.0000034
58699,2019-08-04,I,-0.1598905,0.0000027
58700,2019-08-05,I,-0.1601557,0.0000029
58701,2019-08-06,I,-0.1604474,0.0000045
58702,2019-08-07,I,-0.1606591,0.0000040
58703,2019-08-08,I,-0.1606992,0.0000038
58704,2019-08-09,I,-0.1605139,0.0000039
58705,2019-08-10,I,-0.1600862,0.0000054
58706,2019-08-11,I,-0.1594952,0.0000041
58707,2019-08-12,I,-0.1588168,0.0000036
58708,2019-08-13,I,-0.1580450,0.0000040
58709,2019-08-14,I,-0.1573268,0.0000039
58710,2019-08-15,I,-0.1567430,0.0000040
58711,2019-08-16,I,-0.1562759,0.0000036
58712,2019-08-17,I,-0.1558423,0.0000045
58713,2019-08-18,I,-0.1555028,0.0000039
58714,2019-08-19,I,-0.1552151,0.0000039
58715,2019-08-20,I,-0.1549871,0.0000040
58716,2019-08-21,I,-0.1548215,0.0000031
58717,2019-08-22,I,-0.1546787,0.0000036
58718,2019-08-23,I,-0.1545227,0.0000038
58719,2019-08-24,I,-0.1543507,0.0000053
58720,2019-08-25,I,-0.1540811,0.0000045
58721,2019-08-26,I,-0.1537064,0.0000044
58722,2019-08-27,I,-0.1533047,0.0000060
58723,2019-08-28,I,-0.1529913,0.0000041
58724,2019-08-29,I,-0.1528174,0.0000044
58725,2019-08-30,I,-0.1528609,0.0000037
58726,2019-08-31,I,-0.1531259,0.0000052
58727,2019-09-01,I,-0.1536329,0.0000046
58728,2019-09-02,I,-0.1542651,0.0000046
58729,2019-09-03,I,-0.1548143,0.0000055
58730,2019-09-04,I,-0.1552635,0.0000042
58731,2019-09-05,I,-0.1555240,0.0000042
58732,2019-09-06,I,-0.1555421,0.0000041
58733,2019-09-07,I,-0.1553677,0.0000054
58734,2019-09-08,I,-0.1551056,0.0000057
58735,2019-09-09,I,-0.1547169,0.0000056
58736,2019-09-10,I,-0.1543014,0.0000080
58737,2019-09-11,I,-0.1539390,0.0000054
58738,2019-09-12,I,-0.1535956,0.0000055
58739,2019-09-13,I,-0.1533692,0.0000049
58740,2019-09-14,I,-0.1532988,0.0000040
58741,2019-09-15,I,-0.1533251,0.0000035
58742,2019-09-16,I,-0.1533367,0.0000034
58743,2019-09-17,I,-0.1533243,0.0000047
58744,2019-09-18,I,-0.1532823,0.0000040
58745,2019-09-19,I,-0.1531511,0.0000035
58746,2019-09-20,I,-0.1529114,0.0000034
58747,2019-09-21,I,-0.1525524,0.0000041
58748,2019-09-22,I,-0.1521081,0.0000038
58749,2019-09-23,I,-0.1516463,0.0000037
58750,2019-09-24,I,-0.1512088,0.0000056
58751,2019-09-25,I,-0.1509148,0.0000039
58752,2019-09-26,I,-0.1509029,0.0000047
58753,2019-09-27,I,-0.1512152,0.0000048
58754,2019-09-28,I,-0.1518024,0.0000062
58755,2019-09-29,I,-0.1525061,0.0000060
58756,2019-09-30,I,-0.1531969,0.0000061
58757,2019-10-01,I,-0.1537424,0.0000095
58758,2019-10-02,I,-0.1539819,0.0000085
58759,2019-10-03,I,-0.1539302,0.0000084
58760,2019-10-04,I,-0.1536867,0.0000074
58761,2019-10-05,I,-0.1532989,0.0000078
58762,2019-10-06,I,-0.1528341,0.0000101
58763,2019-10-07,I,-0.1523745,0.0000083
58764,2019-10-08,I,-0.1519718,0.0000105
58765,2019-10-09,I,-0.1516461,0.0000060
58766,2019-10-10,I,-0.1514326,0.0000061
58767,2019-10-11,I,-0.1513740,0.0000062
58768,2019-10-12,I,-0.1514780,0.0000060
58769,2019-10-13,I,-0.1516730,0.0000054
58770,2019-10-14,I,-0.1519347,0.0000045
58771,2019-10-15,I,-0.1522400,0.0000072
58772,2019-10-16,I,-0.1525734,0.0000050
58773,2019-10-17,I,-0.1528842,0.0000051
58774,2019-10-18,I,-0.1531350,0.0000051
58775,2019-10-19,I,-0.1533206,0.0000054
58776,2019-10-20,I,-0.1534187,0.0000048
58777,2019-10-21,I,-0.1534904,0.0000047
58778,2019-10-22,I,-0.1535986,0.0000052
58779,2019-10-23,I,-0.1538178,0.0000030
58780,2019-10-24,I,-0.1542404,0.0000031
58781,2019-10-25,I,-0.1549155,0.0000032
58782,2019-10-26,I,-0.1558157,0.0000035
58783,2019-10-27,I,-0.1568124,0.0000028
58784,2019-10-28,I,-0.1577418,0.0000030
58785,2019-10-29,I,-0.1584521,0.0000029
58786,2019-10-30,I,-0.1589190,0.0000027
58787,2019-10-31,I,-0.1591500,0.0000026
58788,2019-11-01,I,-0.1592191,0.0000025
58789,2019-11-02,I,-0.1592033,0.0000031
58790,2019-11-03,I,-0.1591771,0.0000026
58791,2019-11-04,I,-0.1592174,0.0000034
58792,2019-11-05,I,-0.1592844,0.0000036
58793,2019-11-06,I,-0.1594509,0.0000032
58794,2019-11-07,I,-0.1597762,0.0000032
58795,2019-11-08,I,-0.1602505,0.0000033
58796,2019-11-09,I,-0.1608641,0.0000038
58797,2019-11-10,I,-0.1615591,0.0000044
58798,2019-11-11,I,-0.1622667,0.0000045
58799,2019-11-12,I,-0.1629007,0.0000081
58800,2019-11-13,I,-0.1634352,0.0000044
58801,2019-11-14,I,-0.1638651,0.0000053
58802,2019-11-15,I,-0.1641749,0.0000053
58803,2019-11-16,I,-0.1643885,0.0000051
58804,2019-11-17,I,-0.1644699,0.0000043
58805,2019-11-18,I,-0.1645181,0.0000044
58806,2019-11-19,I,-0.1646584,0.0000055
58807,2019-11-20,I,-0.1649642,0.0000034
58808,2019-11-21,I,-0.1655534,0.0000036
58809,2019-11-22,I,-0.1663395,0.0000037
58810,2019-11-23,I,-0.1672110,0.0000044
58811,2019-11-24,I,-0.1680955,0.0000036
58812,2019-11-25,I,-0.1689013,0.0000038
58813,2019-11-26,I,-0.1694753,0.0000041
58814,2019-11-27,I,-0.1697867,0.0000041
58815,2019-11-28,I,-0.1699463,0.0000042
58816,2019-11-29,I,-0.1700196,0.0000042
58817,2019-11-30,I,-0.1700320,0.0000051
58818,2019-12-01,I,-0.1700144,0.0000071
58819,2019-12-02,I,-0.1700672,0.0000069
58820,2019-12-03,I,-0.1702051,0.0000067
58821,2019-12-04,I,-0.1704239,0.0000051
58822,2019-12-05,I,-0.1706918,0.0000049
58823,2019-12-06,I,-0.1710269,0.0000048
58824,2019-12-07,I,-0.1714231,0.0000043
58825,2019-12-08,I,-0.1718637,0.0000040
58826,2019-12-09,I,-0.1722681,0.0000040
58827,2019-12-10,I,-0.1725355,0.0000043
58828,2019-12-11,I,-0.1726237,0.0000040
58829,2019-12-12,I,-0.1725987,0.0000040
58830,2019-12-13,I,-0.1724603,0.0000041
58831,2019-12-14,I,-0.1722749,0.0000057
58832,2019-12-15,I,-0.1721025,0.0000059
58833,2019-12-16,I,-0.1719983,0.0000053
58834,2019-12-17,I,-0.1720340,0.0000070
58835,2019-12-18,I,-0.1722479,0.0000034
58836,2019-12-19,I,-0.1727185,0.0000036
58837,2019-12-20,I,-0.1733550,0.0000036
58838,2019-12-21,I,-0.1740384,0.0000029
58839,2019-12-22,I,-0.1747194,0.0000025
58840,2019-12-23,I,-0.1753123,0.0000025
58841,2019-12-24,I,-0.1757574,0.0000071
58842,2019-12-25,I,-0.1760245,0.0000048
58843,2019-12-26,I,-0.1761465,0.0000049
58844,2019-12-27,I,-0.1762087,0.0000047
58845,2019-12-28,I,-0.1762508,0.0000054
58846,2019-12-29,I,-0.1763259,0.0000065
58847,2019-12-30,I,-0.1764922,0.0000061
58848,2019-12-31,I,-0.1767688,0.0000107
58849,2020-01-01,I,-0.1771554,0.0000055
58850,2020-01-02,I,-0.1776274,0.0000058
58851,2020-01-03,I,-0.1781148,0.0000068
58852,2020-01-04,I,-0.1785885,0.0000058
58853,2020-01-05,I,-0.1790818,0.0000076
58854,2020-01-06,I,-0.1794276,0.0000078
58855,2020-01-07,I,-0.1795514,0.0000188
58856,2020-01-08,I,-0.1795302,0.0000072
58857,2020-01-09,I,-0.1793750,0.0000068
58858,2020-01-10,I,-0.1791174,0.0000068
58859,2020-01-11,I,-0.1788786,0.0000061
58860,2020-01-12,I,-0.1787902,0.0000041
58861,2020-01-13,I,-0.1789375,0.0000036
58862,2020-01-14,I,-0.1793277,0.0000024
58863,2020-01-15,I,-0.1799645,0.0000022
58864,2020-01-16,I,-0.1807929,0.0000023
58865,2020-01-17,I,-0.1817427,0.0000023
58866,2020-01-18,I,-0.1827849,0.0000033
58867,2020-01-19,I,-0.1837574,0.0000033
58868,2020-01-20,I,-0.1846024,0.0000027
58869,2020-01-21,I,-0.1852838,0.0000034
58870,2020-01-22,I,-0.1858012,0.0000029
58871,2020-01-23,I,-0.1861639,0.0000028
58872,2020-01-24,I,-0.1864690,0.0000028
58873,2020-01-25,I,-0.1867835,0.0000028
58874,2020-01-26,I,-0.1871917,0.0000026
58875,2020-01-27,I,-0.1877080,0.0000023
58876,2020-01-28,I,-0.1883268,0.0000027
58877,2020-01-29,I,-0.1890522,0.0000025
58878,2020-01-30,I,-0.1898134,0.0000030
58879,2020-01-31,I,-0.1905200,0.0000030
58880,2020-02-01,I,-0.1911703,0.0000039
58881,2020-02-02,I,-0.1917202,0.0000029
58882,2020-02-03,I,-0.1921865,0.0000026
58883,2020-02-04,I,-0.1925140,0.0000031
58884,2020-02-05,I,-0.1927151,0.0000017
58885,2020-02-06,I,-0.1928451,0.0000018
58886,2020-02-07,I,-0.1929304,0.0000017
58887,2020-02-08,I,-0.1930187,0.0000025
58888,2020-02-09,I,-0.1932681,0.0000026
58889,2020-02-10,I,-0.1937929,0.0000027
58890,2020-02-11,I,-0.1945811,0.0000045
58891,2020-02-12,I,-0.1955524,0.0000026
58892,2020-02-13,I,-0.1965396,0.0000027
58893,2020-02-14,I,-0.1974284,0.0000030
58894,2020-02-15,I,-0.1981127,0.0000041
58895,2020-02-16,I,-0.1986289,0.0000045
58896,2020-02-17,I,-0.1989401,0.0000045
58897,2020-02-18,I,-0.1990761,0.0000058
58898,2020-02-19,I,-0.1991257,0.0000043
58899,2020-02-20,I,-0.1991524,0.0000041
58900,2020-02-21,I,-0.1992371,0.0000040
58901,2020-02-22,I,-0.1995078,0.0000032
58902,2020-02-23,I,-0.1999742,0.0000045
58903,2020-02-24,I,-0.2005754,0.0000045
58904,2020-02-25,I,-0.2012489,0.0000059
58905,2020-02-26,I,-0.2019712,0.0000045
58906,2020-02-27,I,-0.2027359,0.0000046
58907,2020-02-28,I,-0.2035207,0.0000045
58908,2020-02-29,I,-0.2042796,0.0000043
58909,2020-03-01,I,-0.2049904,0.0000039
58910,2020-03-02,I,-0.2056255,0.0000037
58911,2020-03-03,I,-0.2061689,0.0000047
58912,2020-03-04,I,-0.2066659,0.0000034
58913,2020-03-05,I,-0.2071407,0.0000034
58914,2020-03-06,I,-0.2076825,0.0000027
58915,2020-03-07,I,-0.2083814,0.0000018
58916,2020-03-08,I,-0.2092576,0.0000017
58917,2020-03-09,I,-0.2103578,0.0000020
58918,2020-03-10,I,-0.2117147,0.0000027
58919,2020-03-11,I,-0.2132675,0.0000024
58920,2020-03-12,I,-0.2147950,0.0000025
58921,2020-03-13,I,-0.2161404,0.0000025
58922,2020-03-14,I,-0.2172820,0.0000035
58923,2020-03-15,I,-0.2181664,0.0000022
58924,2020-03-16,I,-0.2187942,0.0000023
58925,2020-03-17,I,-0.2192723,0.0000026
58926,2020-03-18,I,-0.2196470,0.0000020
58927,2020-03-19,I,-0.2199424,0.0000024
58928,2020-03-20,I,-0.2202417,0.0000025
58929,2020-03-21,I,-0.2205851,0.0000035
58930,2020-03-22,I,-0.2209490,0.0000025
58931,2020-03-23,I,-0.2213784,0.0000024
58932,2020-03-24,I,-0.2219310,0.0000030
58933,2020-03-25,I,-0.2224940,0.0000026
58934,2020-03-26,I,-0.2230530,0.0000033
58935,2020-03-27,I,-0.2235729,0.0000035
58936,2020-03-28,I,-0.2240333,0.0000051
58937,2020-03-29,I,-0.2244327,0.0000035
58938,2020-03-30,I,-0.2247096,0.0000035
58939,2020-03-31,I,-0.2249429,0.0000042
58940,2020-04-01,I,-0.2251639,0.0000033
58941,2020-04-02,I,-0.2254376,0.0000030
58942,2020-04-03,I,-0.2258149,0.0000029
58943,2020-04-04,I,-0.2264256,0.0000041
58944,2020-04-05,I,-0.2273265,0.0000031
58945,2020-04-06,I,-0.2285447,0.0000030
58946,2020-04-07,I,-0.2300093,0.0000019
58947,2020-04-08,I,-0.2316212,0.0000024
58948,2020-04-09,I,-0.2332043,0.0000024
58949,2020-04-10,I,-0.2346315,0.0000026
58950,2020-04-11,I,-0.2357756,0.0000037
58951,2020-04-12,I,-0.2366269,0.0000036
58952,2020-04-13,I,-0.2372315,0.0000034
58953,2020-04-14,I,-0.2376207,0.0000037
58954,2020-04-15,I,-0.2378557,0.0000031
58955,2020-04-16,I,-0.2380168,0.0000031
58956,2020-04-17,I,-0.2382326,0.0000033
58957,2020-04-18,I,-0.2385729,0.0000034
58958,2020-04-19,I,-0.2390137,0.0000034
58959,2020-04-20,I,-0.2395153,0.0000032
58960,2020-04-21,I,-0.2399946,0.0000035
58961,2020-04-22,I,-0.2404811,0.0000034
58962,2020-04-23,I,-0.2409606,0.0000032
58963,2020-04-24,I,-0.2413705,0.0000036
58964,2020-04-25,I,-0.2416796,0.0000054
58965,2020-04-26,I,-0.2418681,0.0000051
58966,2020-04-27,I,-0.2419768,0.0000096
58967,2020-04-28,I,-0.2420687,0.0000050
58968,2020-04-29,I,-0.2421354,0.0000052
58969,2020-04-30,I,-0.2422373,0.0000048
58970,2020-05-01,I,-0.2424662,0.0000048
58971,2020-05-02,I,-0.2429192,0.0000047
58972,2020-05-03,I,-0.2436439,0.0000030
58973,2020-05-04,I,-0.2445982,0.0000031
58974,2020-05-05,I,-0.2456736,0.0000029
58975,2020-05-06,I,-0.2467817,0.0000028
58976,2020-05-07,I,-0.2478452,0.0000024
58977,2020-05-08,I,-0.2486991,0.0000024
58978,2020-05-09,I,-0.2492900,0.0000048
58979,2020-05-10,I,-0.2497392,0.0000036
58980,2020-05-11,I,-0.2499950,0.0000038
58981,2020-05-12,I,-0.2501527,0.0000043
58982,2020-05-13,I,-0.2503303,0.0000034
58983,2020-05-14,I,-0.2505353,0.0000035
58984,2020-05-15,I,-0.2507515,0.0000029
58985,2020-05-16,I,-0.2510759,0.0000043
58986,2020-05-17,I,-0.2514862,0.0000030
58987,2020-05-18,I,-0.2520039,0.0000029
58988,2020-05-19,I,-0.2526091,0.0000035
58989,2020-05-20,I,-0.2531420,0.0000032
58990,2020-05-21,I,-0.2536200,0.0000039
58991,2020-05-22,I,-0.2539670,0.0000038
58992,2020-05-23,I,-0.2541436,0.0000064
58993,2020-05-24,I,-0.2541533,0.0000065
58994,2020-05-25,I,-0.2540118,0.0000039
58995,2020-05-26,I,-0.2538321,0.0000043
58996,2020-05-27,I,-0.2536790,0.0000027
58997,2020-05-28,I,-0.2535495,0.0000027
58998,2020-05-29,I,-0.2535504,0.0000027
58999,2020-05-30,I,-0.2537140,0.0000027
59000,2020-05-31,I,-0.2540873,0.0000031
59001,2020-06-01,I,-0.2546335,0.0000025
59002,2020-06-02,I,-0.2552518,0.0000023
59003,2020-06-03,I,-0.2558002,0.0000020
59004,2020-06-04,I,-0.2561358,0.0000030
59005,2020-06-05,I,-0.2562081,0.0000033
59006,2020-06-06,I,-0.2560530,0.0000034
59007,2020-06-07,I,-0.2556889,0.0000035
59008,2020-06-08,I,-0.2551855,0.0000040
59009,2020-06-09,I,-0.2546259,0.0000063
59010,2020-06-10,I,-0.2539811,0.0000059
59011,2020-06-11,I,-0.2533761,0.0000061
59012,2020-06-12,I,-0.2527310,0.0000060
59013,2020-06-13,I,-0.2520982,0.0000144
59014,2020-06-14,I,-0.2515642,0.0000087
59015,2020-06-15,I,-0.2511335,0.0000080
59016,2020-06-16,I,-0.2507493,0.0000079
59017,2020-06-17,I,-0.2502801,0.0000051
59018,2020-06-18,I,-0.2497090,0.0000052
59019,2020-06-19,I,-0.2490317,0.0000050
59020,2020-06-20,I,-0.2481022,0.0000066
59021,2020-06-21,I,-0.2470448,0.0000037
59022,2020-06-22,I,-0.2458865,0.0000037
59023,2020-06-23,I,-0.2447016,0.0000038
59024,2020-06-24,I,-0.2435726,0.0000032
59025,2020-06-25,I,-0.2426000,0.0000028
59026,2020-06-26,I,-0.2418664,0.0000027
59027,2020-06-27,I,-0.2413618,0.0000041
59028,2020-06-28,I,-0.2410246,0.0000024
59029,2020-06-29,I,-0.2408104,0.0000023
59030,2020-06-30,I,-0.2405680,0.0000026
59031,2020-07-01,I,-0.2401335,0.0000024
59032,2020-07-02,I,-0.2394847,0.0000024
59033,2020-07-03,I,-0.2385999,0.0000024
59034,2020-07-04,I,-0.2374993,0.0000048
59035,2020-07-05,I,-0.2362178,0.0000041
59036,2020-07-06,I,-0.2348785,0.0000046
59037,2020-07-07,I,-0.2336011,0.0000047
59038,2020-07-08,I,-0.2323948,0.0000038
59039,2020-07-09,I,-0.2312661,0.0000040
59040,2020-07-10,I,-0.2302077,0.0000039
59041,2020-07-11,I,-0.2292418,0.0000041
59042,2020-07-12,I,-0.2282373,0.0000029
59043,2020-07-13,I,-0.2271922,0.0000029
59044,2020-07-14,I,-0.2261196,0.0000038
59045,2020-07-15,I,-0.2249647,0.0000031
59046,2020-07-16,I,-0.2237563,0.0000030
59047,2020-07-17,I,-0.2224735,0.0000033
59048,2020-07-18,I,-0.2211221,0.0000053
59049,2020-07-19,I,-0.2196966,0.0000032
59050,2020-07-20,I,-0.2182229,0.0000029
59051,2020-07-21,I,-0.2168569,0.0000031
59052,2020-07-22,I,-0.2156934,0.0000026
59053,2020-07-23,I,-0.2147397,0.0000025
59054,2020-07-24,I,-0.2139895,0.0000024
59055,2020-07-25,I,-0.2134277,0.0000031
59056,2020-07-26,I,-0.2129642,0.0000024
59057,2020-07-27,I,-0.2124511,0.0000024
59058,2020-07-28,I,-0.2118250,0.0000028
59059,2020-07-29,I,-0.2110863,0.0000020
59060,2020-07-30,I,-0.2101852,0.0000021
59061,2020-07-31,I,-0.2091731,0.0000023
59062,2020-08-01,I,-0.2081241,0.0000029
59063,2020-08-02,I,-0.2070517,0.0000051
59064,2020-08-03,I,-0.2060679,0.0000053
59065,2020-08-04,I,-0.2052187,0.0000147
59066,2020-08-05,I,-0.2044629,0.0000076
59067,2020-08-06,I,-0.2038807,0.0000075
59068,2020-08-07,I,-0.2034204,0.0000072
59069,2020-08-08,I,-0.2030407,0.0000059
59070,2020-08-09,I,-0.2027274,0.0000055
59071,2020-08-10,I,-0.2023368,0.0000067
59072,2020-08-11,I,-0.2018318,0.0000111
59073,2020-08-12,I,-0.2011971,0.0000054
59074,2020-08-13,I,-0.2003908,0.0000063
59075,2020-08-14,I,-0.1994927,0.0000066
59076,2020-08-15,I,-0.1984615,0.0000071
59077,2020-08-16,I,-0.1972792,0.0000066
59078,2020-08-17,I,-0.1961068,0.0000047
59079,2020-08-18,I,-0.1950958,0.0000055
59080,2020-08-19,I,-0.1942946,0.0000051
59081,2020-08-20,I,-0.1936647,0.0000047
59082,2020-08-21,I,-0.1933494,0.0000045
59083,2020-08-22,I,-0.1932377,0.0000042
59084,2020-08-23,I,-0.1931778,0.0000036
59085,2020-08-24,I,-0.1930310,0.0000033
59086,2020-08-25,I,-0.1927039,0.0000036
59087,2020-08-26,I,-0.1920949,0.0000033
59088,2020-08-27,I,-0.1912021,0.0000039
59089,2020-08-28,I,-0.1901225,0.0000040
59090,2020-08-29,I,-0.1888915,0.0000067
59091,2020-08-30,I,-0.1876013,0.0000046
59092,2020-08-31,I,-0.1863822,0.0000047
59093,2020-09-01,I,-0.1853422,0.0000062
59094,2020-09-02,I,-0.1844207,0.0000040
59095,2020-09-03,I,-0.1836441,0.0000041
59096,2020-09-04,I,-0.1830079,0.0000044
59097,2020-09-05,I,-0.1824377,0.0000060
59098,2020-09-06,I,-0.1818637,0.0000060
59099,2020-09-07,I,-0.1813038,0.0000032
59100,2020-09-08,I,-0.1806747,0.0000038
59101,2020-09-09,I,-0.1799600,0.0000028
59102,2020-09-10,I,-0.1791442,0.0000027
59103,2020-09-11,I,-0.1783491,0.0000029
59104,2020-09-12,I,-0.1775331,0.0000030
59105,2020-09-13,I,-0.1767424,0.0000030
59106,2020-09-14,I,-0.1761111,0.0000027
59107,2020-09-15,I,-0.1757107,0.0000031
59108,2020-09-16,I,-0.1755555,0.0000029
59109,2020-09-17,I,-0.1756758,0.0000029
59110,2020-09-18,I,-0.1759784,0.0000030
59111,2020-09-19,I,-0.1764030,0.0000047
59112,2020-09-20,I,-0.1767895,0.0000051
59113,2020-09-21,I,-0.1770063,0.0000051
59114,2020-09-22,I,-0.1770188,0.0000095
59115,2020-09-23,I,-0.1768106,0.0000058
59116,2020-09-24,I,-0.1764569,0.0000085
59117,2020-09-25,I,-0.1760082,0.0000092
59118,2020-09-26,I,-0.1755640,0.0000098
59119,2020-09-27,I,-0.1750367,0.0000058
59120,2020-09-28,I,-0.1744831,0.0000059
59121,2020-09-29,I,-0.1740546,0.0000068
59122,2020-09-30,I,-0.1737183,0.0000055
59123,2020-10-01,I,-0.1734782,0.0000051
59124,2020-10-02,I,-0.1732518,0.0000053
59125,2020-10-03,I,-0.1730890,0.0000085
59126,2020-10-04,I,-0.1729516,0.0000075
59127,2020-10-05,I,-0.1727809,0.0000076
59128,2020-10-06,I,-0.1725084,0.0000090
59129,2020-10-07,I,-0.1721191,0.0000059
59130,2020-10-08,I,-0.1716062,0.0000056
59131,2020-10-09,I,-0.1709530,0.0000054
59132,2020-10-10,I,-0.1703455,0.0000050
59133,2020-10-11,I,-0.1698329,0.0000045
59134,2020-10-12,I,-0.1694286,0.0000026
59135,2020-10-13,I,-0.1692903,0.0000023
59136,2020-10-14,I,-0.1694855,0.0000025
59137,2020-10-15,I,-0.1699282,0.0000027
59138,2020-10-16,I,-0.1706366,0.0000027
59139,2020-10-17,I,-0.1714326,0.0000028
59140,2020-10-18,I,-0.1722094,0.0000077
59141,2020-10-19,I,-0.1727370,0.0000079
59142,2020-10-20,I,-0.1730140,0.0000101
59143,2020-10-21,I,-0.1730915,0.0000070
59144,2020-10-22,I,-0.1730757,0.0000068
59145,2020-10-23,I,-0.1731186,0.0000068
59146,2020-10-24,I,-0.1731930,0.0000059
59147,2020-10-25,I,-0.1733207,0.0000044
59148,2020-10-26,I,-0.1734985,0.0000044
59149,2020-10-27,I,-0.1737620,0.0000090
59150,2020-10-28,I,-0.1741066,0.0000056
59151,2020-10-29,I,-0.1744639,0.0000056
59152,2020-10-30,I,-0.1747709,0.0000056
59153,2020-10-31,I,-0.1750625,0.0000062
59154,2020-11-01,I,-0.1753242,0.0000059
59155,2020-11-02,I,-0.1754919,0.0000047
59156,2020-11-03,I,-0.1755382,0.0000079
59157,2020-11-04,I,-0.1754841,0.0000053
59158,2020-11-05,I,-0.1753093,0.0000054
59159,2020-11-06,I,-0.1750298,0.0000057
59160,2020-11-07,I,-0.1747231,0.0000066
59161,2020-11-08,I,-0.1745166,0.0000045
59162,2020-11-09,I,-0.1745658,0.0000045
59163,2020-11-10,I,-0.1749252,0.0000046
59164,2020-11-11,I,-0.1754913,0.0000055
59165,2020-11-12,I,-0.1762615,0.0000055
59166,2020-11-13,I,-0.1771474,0.0000055
59167,2020-11-14,I,-0.1779726,0.0000110
59168,2020-11-15,I,-0.1786358,0.0000066
59169,2020-11-16,I,-0.1790143,0.0000066
59170,2020-11-17,I,-0.1791188,0.0000052
59171,2020-11-18,I,-0.1790201,0.0000049
59172,2020-11-19,I,-0.1787447,0.0000048
59173,2020-11-20,I,-0.1784505,0.0000048
59174,2020-11-21,I,-0.1781942,0.0000057
59175,2020-11-22,I,-0.1780743,0.0000063
59176,2020-11-23,I,-0.1781469,0.0000036
59177,2020-11-24,I,-0.1783547,0.0000042
59178,2020-11-25,I,-0.1786407,0.0000061
59179,2020-11-26,I,-0.1789629,0.0000063
59180,2020-11-27,I,-0.1791349,0.0000067
59181,2020-11-28,I,-0.1792864,0.0000066
59182,2020-11-29,I,-0.1793053,0.0000146
59183,2020-11-30,I,-0.1792119,0.0000147
59184,2020-12-01,I,-0.1790244,0.0000117
59185,2020-12-02,I,-0.1787170,0.0000087
59186,2020-12-03,I,-0.1783210,0.0000077
59187,2020-12-04,I,-0.1779234,0.0000069
59188,2020-12-05,I,-0.1776276,0.0000074
59189,2020-12-06,I,-0.1775402,0.0000072
59190,2020-12-07,I,-0.1776460,0.0000075
59191,2020-12-08,I,-0.1779740,0.0000102
59192,2020-12-09,I,-0.1784944,0.0000075
59193,2020-12-10,I,-0.1791038,0.0000080
59194,2020-12-11,I,-0.1797353,0.0000080
59195,2020-12-12,I,-0.1801801,0.0000093
59196,2020-12-13,I,-0.1803991,0.0000071
59197,2020-12-14,I,-0.1803768,0.0000076
59198,2020-12-15,I,-0.1801173,0.0000084
59199,2020-12-16,I,-0.1796837,0.0000069
59200,2020-12-17,I,-0.1791649,0.0000067
59201,2020-12-18,I,-0.1787687,0.0000065
59202,2020-12-19,I,-0.1784625,0.0000079
59203,2020-12-20,I,-0.1783116,0.0000088
59204,2020-12-21,I,-0.1782977,0.0000062
59205,2020-12-22,I,-0.1783938,0.0000071
59206,2020-12-23,I,-0.1785629,0.0000083
59207,2020-12-24,I,-0.1786356,0.0000084
59208,2020-12-25,I,-0.1786349,0.0000080
59209,2020-12-26,I,-0.1785028,0.0000076
59210,2020-12-27,I,-0.1782078,0.0000059
59211,2020-12-28,I,-0.1777715,0.0000050
59212,2020-12-29,I,-0.1772387,0.0000049
59213,2020-12-30,I,-0.1766424,0.0000049
59214,2020-12-31,I,-0.1759902,0.0000037
59215,2021-01-01,I,-0.1753606,0.0000080
59216,2021-01-02,I,-0.1748408,0.0000101
59217,2021-01-03,I,-0.1744883,0.0000062
59218,2021-01-04,I,-0.1743298,0.0000062
59219,2021-01-05,I,-0.1743807,0.0000063
59220,2021-01-06,I,-0.1745789,0.0000055
59221,2021-01-07,I,-0.1748375,0.0000033
59222,2021-01-08,I,-0.1750651,0.0000034
59223,2021-01-09,I,-0.1751023,0.0000033
59224,2021-01-10,I,-0.1748876,0.0000044
59225,2021-01-11,I,-0.1744740,0.0000044
59226,2021-01-12,I,-0.1739718,0.0000047
59227,2021-01-13,I,-0.1734203,0.0000050
59228,2021-01-14,I,-0.1728944,0.0000050
59229,2021-01-15,I,-0.1724715,0.0000050
59230,2021-01-16,I,-0.1720571,0.0000061
59231,2021-01-17,I,-0.1717852,0.0000054
59232,2021-01-18,I,-0.1715870,0.0000054
59233,2021-01-19,I,-0.1714154,0.0000047
59234,2021-01-20,I,-0.1712499,0.0000048
59235,2021-01-21,I,-0.1710607,0.0000048
59236,2021-01-22,I,-0.1707998,0.0000046
59237,2021-01-23,I,-0.1704878,0.0000054
59238,2021-01-24,I,-0.1700259,0.0000070
59239,2021-01-25,I,-0.1694244,0.0000071
59240,2021-01-26,I,-0.1687147,0.0000087
59241,2021-01-27,I,-0.1679717,0.0000086
59242,2021-01-28,I,-0.1673316,0.0000086
59243,2021-01-29,I,-0.1669136,0.0000083
59244,2021-01-30,I,-0.1666923,0.0000083
59245,2021-01-31,I,-0.1667111,0.0000054
59246,2021-02-01,I,-0.1670144,0.0000052
59247,2021-02-02,I,-0.1675564,0.0000030
59248,2021-02-03,I,-0.1682175,0.0000024
59249,2021-02-04,I,-0.1688232,0.0000027
59250,2021-02-05,I,-0.1692847,0.0000027
59251,2021-02-06,I,-0.1695447,0.0000023
59252,2021-02-07,I,-0.1695977,0.0000044
59253,2021-02-08,I,-0.1694906,0.0000044
59254,2021-02-09,I,-0.1693336,0.0000058
59255,2021-02-10,I,-0.1692534,0.0000072
59256,2021-02-11,I,-0.1692598,0.0000072
59257,2021-02-12,I,-0.1694129,0.0000072
59258,2021-02-13,I,-0.1697391,0.0000092
59259,2021-02-14,I,-0.1701992,0.0000095
59260,2021-02-15,I,-0.1707272,0.0000059
59261,2021-02-16,I,-0.1712255,0.0000033
59262,2021-02-17,I,-0.1716618,0.0000047
59263,2021-02-18,I,-0.1719484,0.0000048
59264,2021-02-19,I,-0.1720054,0.0000050
59265,2021-02-20,I,-0.1719070,0.0000053
59266,2021-02-21,I,-0.1715738,0.0000056
59267,2021-02-22,I,-0.1710543,0.0000055
59268,2021-02-23,I,-0.1704603,0.0000053
59269,2021-02-24,I,-0.1698306,0.0000055
59270,2021-02-25,I,-0.1693395,0.0000053
59271,2021-02-26,I,-0.1690595,0.0000050
59272,2021-02-27,I,-0.1690533,0.0000062
59273,2021-02-28,I,-0.1693069,0.0000061
59274,2021-03-01,I,-0.1698038,0.0000059
59275,2021-03-02,I,-0.1704164,0.0000062
59276,2021-03-03,I,-0.1710185,0.0000061
59277,2021-03-04,I,-0.1715856,0.0000061
59278,2021-03-05,I,-0.1719085,0.0000061
59279,2021-03-06,I,-0.1719688,0.0000064
59280,2021-03-07,I,-0.1718500,0.0000053
59281,2021-03-08,I,-0.1716151,0.0000050
59282,2021-03-09,I,-0.1713208,0.0000048
59283,2021-03-10,I,-0.1711047,0.0000042
59284,2021-03-11,I,-0.1710279,0.0000041
59285,2021-03-12,I,-0.1710769,0.0000039
59286,2021-03-13,I,-0.1712857,0.0000020
59287,2021-03-14,I,-0.1716108,0.0000050
59288,2021-03-15,I,-0.1719493,0.0000050
59289,2021-03-16,I,-0.1722327,0.0000065
59290,2021-03-17,I,-0.1723871,0.0000049
59291,2021-03-18,I,-0.1724047,0.0000048
59292,2021-03-19,I,-0.1722889,0.0000050
59293,2021-03-20,I,-0.1720295,0.0000037
59294,2021-03-21,I,-0.1716901,0.0000038
59295,2021-03-22,I,-0.1713329,0.0000056
59296,2021-03-23,I,-0.1709787,0.0000074
59297,2021-03-24,I,-0.1706717,0.0000056
59298,2021-03-25,I,-0.1705336,0.0000055
59299,2021-03-26,I,-0.1705906,0.0000057
59300,2021-03-27,I,-0.1709346,0.0000057
59301,2021-03-28,I,-0.1714975,0.0000068
59302,2021-03-29,I,-0.1722581,0.0000068
59303,2021-03-30,I,-0.1730454,0.0000078
59304,2021-03-31,I,-0.1737276,0.0000080
59305,2021-04-01,I,-0.1742206,0.0000076
59306,2021-04-02,I,-0.1744958,0.0000073
59307,2021-04-03,I,-0.1745772,0.0000045
59308,2021-04-04,I,-0.1744947,0.0000046
59309,2021-04-05,I,-0.1744238,0.0000035
59310,2021-04-06,I,-0.1744684,0.0000035
59311,2021-04-07,I,-0.1746088,0.0000032
59312,2021-04-08,I,-0.1748729,0.0000031
59313,2021-04-09,I,-0.1752809,0.0000033
59314,2021-04-10,I,-0.1757602,0.0000033
59315,2021-04-11,I,-0.1763028,0.0000041
59316,2021-04-12,I,-0.1768210,0.0000041
59317,2021-04-13,I,-0.1772510,0.0000080
59318,2021-04-14,I,-0.1776221,0.0000051
59319,2021-04-15,I,-0.1778606,0.0000050
59320,2021-04-16,I,-0.1779905,0.0000050
59321,2021-04-17,I,-0.1780302,0.0000038
59322,2021-04-18,I,-0.1779901,0.0000036
59323,2021-04-19,I,-0.1779059,0.0000036
59324,2021-04-20,I,-0.1778521,0.0000039
59325,2021-04-21,I,-0.1779066,0.0000032
59326,2021-04-22,I,-0.1781108,0.0000032
59327,2021-04-23,I,-0.1785334,0.0000031
59328,2021-04-24,I,-0.1791694,0.0000028
59329,2021-04-25,I,-0.1799802,0.0000031
59330,2021-04-26,I,-0.1809192,0.0000031
59331,2021-04-27,I,-0.1819033,0.0000050
59332,2021-04-28,I,-0.1827157,0.0000041
59333,2021-04-29,I,-0.1832166,0.0000043
59334,2021-04-30,I,-0.1833706,0.0000044
59335,2021-05-01,I,-0.1833154,0.0000045
59336,2021-05-02,I,-0.1831090,0.0000063
59337,2021-05-03,I,-0.1828035,0.0000063
59338,2021-05-04,I,-0.1825155,0.0000087
59339,2021-05-05,I,-0.1823930,0.0000063
59340,2021-05-06,I,-0.1824015,0.0000061
59341,2021-05-07,I,-0.1825528,0.0000063
59342,2021-05-08,I,-0.1828400,0.0000041
59343,2021-05-09,I,-0.1830715,0.0000053
59344,2021-05-10,I,-0.1832338,0.0000053
59345,2021-05-11,I,-0.1833566,0.0000084
59346,2021-05-12,I,-0.1834439,0.0000034
59347,2021-05-13,I,-0.1833052,0.0000031
59348,2021-05-14,I,-0.1830862,0.0000031
59349,2021-05-15,I,-0.1828412,0.0000014
59350,2021-05-16,I,-0.1825517,0.0000020
59351,2021-05-17,I,-0.1822619,0.0000023
59352,2021-05-18,I,-0.1820350,0.0000029
59353,2021-05-19,I,-0.1819779,0.0000030
59354,2021-05-20,I,-0.1820965,0.0000030
59355,2021-05-21,I,-0.1825095,0.0000030
59356,2021-05-22,I,-0.1830317,0.0000028
59357,2021-05-23,I,-0.1837196,0.0000036
59358,2021-05-24,I,-0.1844372,0.0000022
59359,2021-05-25,I,-0.1850360,0.0000017
59360,2021-05-26,I,-0.1854191,0.0000025
59361,2021-05-27,I,-0.1855527,0.0000025
59362,2021-05-28,I,-0.1854098,0.0000025
59363,2021-05-29,I,-0.1850555,0.0000025
59364,2021-05-30,I,-0.1845965,0.0000040
59365,2021-05-31,I,-0.1841715,0.0000040
59366,2021-06-01,I,-0.1838779,0.0000047
59367,2021-06-02,I,-0.1837186,0.0000039
59368,2021-06-03,I,-0.1836725,0.0000045
59369,2021-06-04,I,-0.1837134,0.0000047
59370,2021-06-05,I,-0.1837491,0.0000055
59371,2021-06-06,I,-0.1836759,0.0000082
59372,2021-06-07,I,-0.1834833,0.0000082
59373,2021-06-08,I,-0.1831184,0.0000078
59374,2021-06-09,I,-0.1825979,0.0000079
59375,2021-06-10,I,-0.1819091,0.0000078
59376,2021-06-11,I,-0.1811045,0.0000075
59377,2021-06-12,I,-0.1801830,0.0000052
59378,2021-06-13,I,-0.1792700,0.0000059
59379,2021-06-14,I,-0.1783568,0.0000097
59380,2021-06-15,I,-0.1775755,0.0000088
59381,2021-06-16,I,-0.1769789,0.0000055
59382,2021-06-17,I,-0.1765265,0.0000055
59383,2021-06-18,I,-0.1762902,0.0000054
59384,2021-06-19,I,-0.1762203,0.0000047
59385,2021-06-20,I,-0.1762492,0.0000052
59386,2021-06-21,I,-0.1762222,0.0000052
59387,2021-06-22,I,-0.1759403,0.0000122
59388,2021-06-23,I,-0.1754675,0.0000066
59389,2021-06-24,I,-0.1746773,0.0000066
59390,2021-06-25,I,-0.1735840,0.0000064
59391,2021-06-26,I,-0.1723977,0.0000061
59392,2021-06-27,I,-0.1711515,0.0000047
59393,2021-06-28,I,-0.1699781,0.0000046
59394,2021-06-29,I,-0.1689857,0.0000037
59395,2021-06-30,I,-0.1681915,0.0000032
59396,2021-07-01,I,-0.1674334,0.0000040
59397,2021-07-02,I,-0.1667271,0.0000043
59398,2021-07-03,I,-0.1659922,0.0000059
59399,2021-07-04,I,-0.1651689,0.0000068
59400,2021-07-05,I,-0.1641902,0.0000055
59401,2021-07-06,I,-0.1630268,0.0000077
59402,2021-07-07,I,-0.1618138,0.0000054
59403,2021-07-08,I,-0.1604715,0.0000053
59404,2021-07-09,I,-0.1590303,0.0000052
59405,2021-07-10,I,-0.1575737,0.0000046
59406,2021-07-11,I,-0.1562196,0.0000032
59407,2021-07-12,I,-0.1549782,0.0000034
59408,2021-07-13,I,-0.1539054,0.0000036
59409,2021-07-14,I,-0.1530285,0.0000033
59410,2021-07-15,I,-0.1524095,0.0000045
59411,2021-07-16,I,-0.1519891,0.0000049
59412,2021-07-17,I,-0.1517526,0.0000081
59413,2021-07-18,I,-0.1515310,0.0000047
59414,2021-07-19,I,-0.1511792,0.0000048
59415,2021-07-20,I,-0.1507064,0.0000054
59416,2021-07-21,I,-0.1500907,0.0000041
59417,2021-07-22,I,-0.1493131,0.0000039
59418,2021-07-23,I,-0.1483996,0.0000044
59419,2021-07-24,I,-0.1474810,0.0000072
59420,2021-07-25,I,-0.1467112,0.0000049
59421,2021-07-26,I,-0.1460905,0.0000047
59422,2021-07-27,I,-0.1455425,0.0000053
59423,2021-07-28,I,-0.1451243,0.0000040
59424,2021-07-29,I,-0.1447658,0.0000035
59425,2021-07-30,I,-0.1443687,0.0000035
59426,2021-07-31,I,-0.1439305,0.0000047
59427,2021-08-01,I,-0.1433465,0.0000047
59428,2021-08-02,I,-0.1426499,0.0000047
59429,2021-08-03,I,-0.1418310,0.0000046
59430,2021-08-04,I,-0.1408997,0.0000053
59431,2021-08-05,I,-0.1398654,0.0000053
59432,2021-08-06,I,-0.1387840,0.0000055
59433,2021-08-07,I,-0.1377575,0.0000060
59434,2021-08-08,I,-0.1367460,0.0000059
59435,2021-08-09,I,-0.1358292,0.0000061
59436,2021-08-10,I,-0.1350822,0.0000054
59437,2021-08-11,I,-0.1345132,0.0000048
59438,2021-08-12,I,-0.1341184,0.0000049
59439,2021-08-13,I,-0.1338431,0.0000049
59440,2021-08-14,I,-0.1335206,0.0000050
59441,2021-08-15,I,-0.1331316,0.0000062
59442,2021-08-16,I,-0.1325653,0.0000040
59443,2021-08-17,I,-0.1317597,0.0000030
59444,2021-08-18,I,-0.1307233,0.0000045
59445,2021-08-19,I,-0.1295768,0.0000046
59446,2021-08-20,I,-0.1283665,0.0000047
59447,2021-08-21,I,-0.1272417,0.0000048
59448,2021-08-22,I,-0.1263287,0.0000051
59449,2021-08-23,I,-0.1255817,0.0000052
59450,2021-08-24,I,-0.1249651,0.0000040
59451,2021-08-25,I,-0.1244694,0.0000051
59452,2021-08-26,I,-0.1240270,0.0000050
59453,2021-08-27,I,-0.1235033,0.0000049
59454,2021-08-28,I,-0.1229011,0.0000082
59455,2021-08-29,I,-0.1221164,0.0000049
59456,2021-08-30,I,-0.1212885,0.0000047
59457,2021-08-31,I,-0.1203297,0.0000031
59458,2021-09-01,I,-0.1193421,0.0000037
59459,2021-09-02,I,-0.1182978,0.0000036
59460,2021-09-03,I,-0.1172249,0.0000034
59461,2021-09-04,I,-0.1163486,0.0000051
59462,2021-09-05,I,-0.1155460,0.0000057
59463,2021-09-06,I,-0.1149296,0.0000041
59464,2021-09-07,I,-0.1145640,0.0000039
59465,2021-09-08,I,-0.1144284,0.0000045
59466,2021-09-09,I,-0.1144641,0.0000044
59467,2021-09-10,I,-0.1144997,0.0000045
59468,2021-09-11,I,-0.1145235,0.0000052
59469,2021-09-12,I,-0.1143427,0.0000061
59470,2021-09-13,I,-0.1139356,0.0000062
59471,2021-09-14,I,-0.1132503,0.0000066
59472,2021-09-15,I,-0.1124497,0.0000064
59473,2021-09-16,I,-0.1115819,0.0000076
59474,2021-09-17,I,-0.1107914,0.0000084
59475,2021-09-18,I,-0.1101777,0.0000123
59476,2021-09-19,I,-0.1098169,0.0000075
59477,2021-09-20,I,-0.1095342,0.0000074
59478,2021-09-21,I,-0.1093892,0.0000078
59479,2021-09-22,I,-0.1092721,0.0000073
59480,2021-09-23,I,-0.1091983,0.0000055
59481,2021-09-24,I,-0.1090766,0.0000058
59482,2021-09-25,I,-0.1088675,0.0000117
59483,2021-09-26,I,-0.1085268,0.0000103
59484,2021-09-27,I,-0.1080394,0.0000110
59485,2021-09-28,I,-0.1074037,0.0000124
59486,2021-09-29,I,-0.1067197,0.0000077
59487,2021-09-30,I,-0.1059785,0.0000077
59488,2021-10-01,I,-0.1052424,0.0000073
59489,2021-10-02,I,-0.1046917,0.0000066
59490,2021-10-03,I,-0.1043054,0.0000060
59491,2021-10-04,I,-0.1040955,0.0000054
59492,2021-10-05,I,-0.1041487,0.0000097
59493,2021-10-06,I,-0.1045040,0.0000062
59494,2021-10-07,I,-0.1050416,0.0000061
59495,2021-10-08,I,-0.1055579,0.0000062
59496,2021-10-09,I,-0.1059383,0.0000047
59497,2021-10-10,I,-0.1060701,0.0000050
59498,2021-10-11,I,-0.1059780,0.0000029
59499,2021-10-12,I,-0.1057250,0.0000033
59500,2021-10-13,I,-0.1053813,0.0000035
59501,2021-10-14,I,-0.1050614,0.0000035
59502,2021-10-15,I,-0.1048167,0.0000034
59503,2021-10-16,I,-0.1047288,0.0000036
59504,2021-10-17,I,-0.1048035,0.0000045
59505,2021-10-18,I,-0.1049980,0.0000045
59506,2021-10-19,I,-0.1053281,0.0000047
59507,2021-10-20,I,-0.1056655,0.0000052
59508,2021-10-21,I,-0.1059571,0.0000054
59509,2021-10-22,I,-0.1061588,0.0000055
59510,2021-10-23,I,-0.1061799,0.0000071
59511,2021-10-24,I,-0.1059622,0.0000068
59512,2021-10-25,I,-0.1055795,0.0000068
59513,2021-10-26,I,-0.1050768,0.0000080
59514,2021-10-27,I,-0.1045726,0.0000049
59515,2021-10-28,I,-0.1041327,0.0000042
59516,2021-10-29,I,-0.1037682,0.0000045
59517,2021-10-30,I,-0.1035808,0.0000044
59518,2021-10-31,I,-0.1036639,0.0000045
59519,2021-11-01,I,-0.1040585,0.0000049
59520,2021-11-02,I,-0.1046989,0.0000087
59521,2021-11-03,I,-0.1055290,0.0000045
59522,2021-11-04,I,-0.1063546,0.0000041
59523,2021-11-05,I,-0.1070385,0.0000040
59524,2021-11-06,I,-0.1074313,0.0000037
59525,2021-11-07,I,-0.1075120,0.0000027
59526,2021-11-08,I,-0.1073922,0.0000026
59527,2021-11-09,I,-0.1071865,0.0000040
59528,2021-11-10,I,-0.1069843,0.0000052
59529,2021-11-11,I,-0.1068851,0.0000054
59530,2021-11-12,I,-0.1069909,0.0000055
59531,2021-11-13,I,-0.1072628,0.0000079
59532,2021-11-14,I,-0.1076479,0.0000045
59533,2021-11-15,I,-0.1080248,0.0000043
59534,2021-11-16,I,-0.1082685,0.0000037
59535,2021-11-17,I,-0.1084696,0.0000026
59536,2021-11-18,I,-0.1085597,0.0000027
59537,2021-11-19,I,-0.1084680,0.0000025
59538,2021-11-20,I,-0.1081988,0.0000026
59539,2021-11-21,I,-0.1077913,0.0000027
59540,2021-11-22,I,-0.1073005,0.0000021
59541,2021-11-23,I,-0.1067521,0.0000026
59542,2021-11-24,I,-0.1062149,0.0000032
59543,2021-11-25,I,-0.1057449,0.0000034
59544,2021-11-26,I,-0.1053930,0.0000038
59545,2021-11-27,I,-0.1053216,0.0000051
59546,2021-11-28,I,-0.1055073,0.0000079
59547,2021-11-29,I,-0.1058347,0.0000080
59548,2021-11-30,I,-0.1062537,0.0000080
59549,2021-12-01,I,-0.1068110,0.0000066
59550,2021-12-02,I,-0.1073553,0.0000067
59551,2021-12-03,I,-0.1077674,0.0000067
59552,2021-12-04,I,-0.1078987,0.0000080
59553,2021-12-05,I,-0.1077731,0.0000047
59554,2021-12-06,I,-0.1075124,0.0000048
59555,2021-12-07,I,-0.1072705,0.0000051
59556,2021-12-08,I,-0.1070812,0.0000044
59557,2021-12-09,I,-0.1071108,0.0000042
59558,2021-12-10,I,-0.1073893,0.0000035
59559,2021-12-11,I,-0.1077608,0.0000047
59560,2021-12-12,I,-0.1082100,0.0000032
59561,2021-12-13,I,-0.1086269,0.0000032
59562,2021-12-14,I,-0.1089523,0.0000030
59563,2021-12-15,I,-0.1092029,0.0000036
59564,2021-12-16,I,-0.1093137,0.0000039
59565,2021-12-17,I,-0.1092674,0.0000039
59566,2021-12-18,I,-0.1090445,0.0000056
59567,2021-12-19,I,-0.1087445,0.0000047
59568,2021-12-20,I,-0.1083780,0.0000046
59569,2021-12-21,I,-0.1079939,0.0000034
59570,2021-12-22,I,-0.1075984,0.0000030
59571,2021-12-23,I,-0.1073220,0.0000029
59572,2021-12-24,I,-0.1072533,0.0000030
59573,2021-12-25,I,-0.1073673,0.0000029
59574,2021-12-26,I,-0.1077126,0.0000023
59575,2021-12-27,I,-0.1082711,0.0000027
59576,2021-12-28,I,-0.1089221,0.0000022
59577,2021-12-29,I,-0.1095581,0.0000022
59578,2021-12-30,I,-0.1101027,0.0000021
59579,2021-12-31,I,-0.1104179,0.0000019
59580,2022-01-01,I,-0.1104988,0.0000023
59581,2022-01-02,I,-0.1103729,0.0000040
59582,2022-01-03,I,-0.1101047,0.0000054
59583,2022-01-04,I,-0.1099008,0.0000056
59584,2022-01-05,I,-0.1099040,0.0000055
59585,2022-01-06,I,-0.1100781,0.0000056
59586,2022-01-07,I,-0.1103701,0.0000059
59587,2022-01-08,I,-0.1107840,0.0000069
59588,2022-01-09,I,-0.1112265,0.0000066
59589,2022-01-10,I,-0.1115956,0.0000066
59590,2022-01-11,I,-0.1118561,0.0000079
59591,2022-01-12,I,-0.1119402,0.0000058
59592,2022-01-13,I,-0.1118519,0.0000060
59593,2022-01-14,I,-0.1115808,0.0000058
59594,2022-01-15,I,-0.1111492,0.0000054
59595,2022-01-16,I,-0.1105848,0.0000054
59596,2022-01-17,I,-0.1100033,0.0000042
59597,2022-01-18,I,-0.1093690,0.0000040
59598,2022-01-19,I,-0.1088123,0.0000043
59599,2022-01-20,I,-0.1084318,0.0000042
59600,2022-01-21,I,-0.1082918,0.0000040
59601,2022-01-22,I,-0.1083222,0.0000041
59602,2022-01-23,I,-0.1084942,0.0000044
59603,2022-01-24,I,-0.1087496,0.0000046
59604,2022-01-25,I,-0.1090171,0.0000049
59605,2022-01-26,I,-0.1092155,0.0000034
59606,2022-01-27,I,-0.1092761,0.0000036
59607,2022-01-28,I,-0.1091307,0.0000034
59608,2022-01-29,I,-0.1088120,0.0000041
59609,2022-01-30,I,-0.1083554,0.0000043
59610,2022-01-31,I,-0.1078395,0.0000043
59611,2022-02-01,I,-0.1073953,0.0000055
59612,2022-02-02,I,-0.1071299,0.0000055
59613,2022-02-03,I,-0.1070988,0.0000059
59614,2022-02-04,I,-0.1072359,0.0000062
59615,2022-02-05,I,-0.1074324,0.0000121
59616,2022-02-06,I,-0.1075893,0.0000061
59617,2022-02-07,I,-0.1076479,0.0000061
59618,2022-02-08,I,-0.1075786,0.0000064
59619,2022-02-09,I,-0.1072942,0.0000058
59620,2022-02-10,I,-0.1068126,0.0000056
59621,2022-02-11,I,-0.1061234,0.0000056
59622,2022-02-12,I,-0.1052494,0.0000064
59623,2022-02-13,I,-0.1044131,0.0000049
59624,2022-02-14,I,-0.1036308,0.0000049
59625,2022-02-15,I,-0.1029828,0.0000049
59626,2022-02-16,I,-0.1025493,0.0000040
59627,2022-02-17,I,-0.1022728,0.0000039
59628,2022-02-18,I,-0.1022552,0.0000038
59629,2022-02-19,I,-0.1024744,0.0000039
59630,2022-02-20,I,-0.1028227,0.0000038
59631,2022-02-21,I,-0.1032029,0.0000034
59632,2022-02-22,I,-0.1035198,0.0000041
59633,2022-02-23,I,-0.1037067,0.0000042
59634,2022-02-24,I,-0.1036979,0.0000042
59635,2022-02-25,I,-0.1034735,0.0000043
59636,2022-02-26,I,-0.1030872,0.0000050
59637,2022-02-27,I,-0.1026591,0.0000031
59638,2022-02-28,I,-0.1023234,0.0000031
59639,2022-03-01,I,-0.1021399,0.0000025
59640,2022-03-02,I,-0.1021706,0.0000039
59641,2022-03-03,I,-0.1024422,0.0000039
59642,2022-03-04,I,-0.1028386,0.0000038
59643,2022-03-05,I,-0.1032508,0.0000061
59644,2022-03-06,I,-0.1035497,0.0000049
59645,2022-03-07,I,-0.1037253,0.0000048
59646,2022-03-08,I,-0.1036867,0.0000041
59647,2022-03-09,I,-0.1033883,0.0000031
59648,2022-03-10,I,-0.1029238,0.0000031
59649,2022-03-11,I,-0.1023234,0.0000032
59650,2022-03-12,I,-0.1016717,0.0000029
59651,2022-03-13,I,-0.1010181,0.0000027
59652,2022-03-14,I,-0.1003917,0.0000027
59653,2022-03-15,I,-0.0998809,0.0000039
59654,2022-03-16,I,-0.0995535,0.0000038
59655,2022-03-17,I,-0.0994564,0.0000036
59656,2022-03-18,I,-0.0995545,0.0000039
59657,2022-03-19,I,-0.0998023,0.0000052
59658,2022-03-20,I,-0.1001813,0.0000050
59659,2022-03-21,I,-0.1005703,0.0000036
59660,2022-03-22,I,-0.1007722,0.0000035
59661,2022-03-23,I,-0.1007766,0.0000052
59662,2022-03-24,I,-0.1005739,0.0000052
59663,2022-03-25,I,-0.1001880,0.0000048
59664,2022-03-26,I,-0.0997422,0.0000050
59665,2022-03-27,I,-0.0993293,0.0000057
59666,2022-03-28,I,-0.0990507,0.0000058
59667,2022-03-29,I,-0.0989745,0.0000048
59668,2022-03-30,I,-0.0990621,0.0000040
59669,2022-03-31,I,-0.0992408,0.0000041
59670,2022-04-01,I,-0.0995152,0.0000038
59671,2022-04-02,I,-0.0998077,0.0000042
59672,2022-04-03,I,-0.1000285,0.0000033
59673,2022-04-04,I,-0.1000837,0.0000031
59674,2022-04-05,I,-0.0999612,0.0000031
59675,2022-04-06,I,-0.0996137,0.0000035
59676,2022-04-07,I,-0.0991024,0.0000038
59677,2022-04-08,I,-0.0985133,0.0000038
59678,2022-04-09,I,-0.0979471,0.0000044
59679,2022-04-10,I,-0.0974066,0.0000031
59680,2022-04-11,I,-0.0969204,0.0000031
59681,2022-04-12,I,-0.0965844,0.0000031
59682,2022-04-13,I,-0.0964330,0.0000029
59683,2022-04-14,I,-0.0965616,0.0000030
59684,2022-04-15,I,-0.0969019,0.0000028
59685,2022-04-16,I,-0.0974266,0.0000042
59686,2022-04-17,I,-0.0979911,0.0000043
59687,2022-04-18,I,-0.0984761,0.0000050
59688,2022-04-19,I,-0.0988025,0.0000050
59689,2022-04-20,I,-0.0988976,0.0000036
59690,2022-04-21,I,-0.0986939,0.0000036
59691,2022-04-22,I,-0.0983227,0.0000036
59692,2022-04-23,I,-0.0979347,0.0000036
59693,2022-04-24,I,-0.0975643,0.0000050
59694,2022-04-25,I,-0.0972900,0.0000050
59695,2022-04-26,I,-0.0971796,0.0000092
59696,2022-04-27,I,-0.0972299,0.0000063
59697,2022-04-28,I,-0.0973576,0.0000062
59698,2022-04-29,I,-0.0974959,0.0000061
59699,2022-04-30,I,-0.0975807,0.0000050
59700,2022-05-01,I,-0.0975681,0.0000050
59701,2022-05-02,I,-0.0974149,0.0000054
59702,2022-05-03,I,-0.0971873,0.0000058
59703,2022-05-04,I,-0.0969128,0.0000054
59704,2022-05-05,I,-0.0965103,0.0000054
59705,2022-05-06,I,-0.0960238,0.0000054
59706,2022-05-07,I,-0.0955768,0.0000054
59707,2022-05-08,I,-0.0951795,0.0000050
59708,2022-05-09,I,-0.0948755,0.0000052
59709,2022-05-10,I,-0.0947980,0.0000055
59710,2022-05-11,I,-0.0949959,0.0000046
59711,2022-05-12,I,-0.0954625,0.0000045
59712,2022-05-13,I,-0.0960613,0.0000044
59713,2022-05-14,I,-0.0967616,0.0000035
59714,2022-05-15,I,-0.0974001,0.0000040
59715,2022-05-16,I,-0.0978880,0.0000042
59716,2022-05-17,I,-0.0981858,0.0000066
59717,2022-05-18,I,-0.0982687,0.0000086
59718,2022-05-19,I,-0.0981576,0.0000092
59719,2022-05-20,I,-0.0979316,0.0000089
59720,2022-05-21,I,-0.0977566,0.0000101
59721,2022-05-22,I,-0.0977032,0.0000071
59722,2022-05-23,I,-0.0977735,0.0000070
59723,2022-05-24,I,-0.0979683,0.0000064
59724,2022-05-25,I,-0.0982372,0.0000056
59725,2022-05-26,I,-0.0984824,0.0000054
59726,2022-05-27,I,-0.0986396,0.0000052
59727,2022-05-28,I,-0.0986187,0.0000054
59728,2022-05-29,I,-0.0983361,0.0000057
59729,2022-05-30,I,-0.0977616,0.0000050
59730,2022-05-31,I,-0.0969215,0.0000057
59731,2022-06-01,I,-0.0958951,0.0000051
59732,2022-06-02,I,-0.0947972,0.0000056
59733,2022-06-03,I,-0.0936390,0.0000060
59734,2022-06-04,I,-0.0925843,0.0000059
59735,2022-06-05,I,-0.0916470,0.0000069
59736,2022-06-06,I,-0.0907993,0.0000053
59737,2022-06-07,I,-0.0901458,0.0000062
59738,2022-06-08,I,-0.0896892,0.0000061
59739,2022-06-09,I,-0.0893428,0.0000059
59740,2022-06-10,I,-0.0890964,0.0000056
59741,2022-06-11,I,-0.0888622,0.0000057
59742,2022-06-12,I,-0.0885178,0.0000058
59743,2022-06-13,I,-0.0879416,0.0000056
59744,2022-06-14,I,-0.0870864,0.0000052
59745,2022-06-15,I,-0.0859913,0.0000053
59746,2022-06-16,I,-0.0847395,0.0000054
59747,2022-06-17,I,-0.0834976,0.0000053
59748,2022-06-18,I,-0.0824386,0.0000066
59749,2022-06-19,I,-0.0815999,0.0000080
59750,2022-06-20,I,-0.0808990,0.0000053
59751,2022-06-21,I,-0.0803101,0.0000049
59752,2022-06-22,I,-0.0797518,0.0000041
59753,2022-06-23,I,-0.0791238,0.0000041
59754,2022-06-24,I,-0.0783037,0.0000044
59755,2022-06-25,I,-0.0773458,0.0000045
59756,2022-06-26,I,-0.0761929,0.0000036
59757,2022-06-27,I,-0.0748245,0.0000038
59758,2022-06-28,I,-0.0733636,0.0000050
59759,2022-06-29,I,-0.0718046,0.0000052
59760,2022-06-30,I,-0.0702097,0.0000051
59761,2022-07-01,I,-0.0686589,0.0000050
59762,2022-07-02,I,-0.0672487,0.0000081
59763,2022-07-03,I,-0.0659704,0.0000069
59764,2022-07-04,I,-0.0649346,0.0000066
59765,2022-07-05,I,-0.0641485,0.0000065
59766,2022-07-06,I,-0.0635560,0.0000062
59767,2022-07-07,I,-0.0630522,0.0000061
59768,2022-07-08,I,-0.0625958,0.0000059
59769,2022-07-09,I,-0.0620422,0.0000071
59770,2022-07-10,I,-0.0613057,0.0000050
59771,2022-07-11,I,-0.0602983,0.0000045
59772,2022-07-12,I,-0.0591157,0.0000045
59773,2022-07-13,I,-0.0578313,0.0000051
59774,2022-07-14,I,-0.0564398,0.0000051
59775,2022-07-15,I,-0.0552659,0.0000050
59776,2022-07-16,I,-0.0542851,0.0000062
59777,2022-07-17,I,-0.0535386,0.0000043
59778,2022-07-18,I,-0.0528908,0.0000042
59779,2022-07-19,I,-0.0523130,0.0000032
59780,2022-07-20,I,-0.0516611,0.0000031
59781,2022-07-21,I,-0.0509196,0.0000036
59782,2022-07-22,I,-0.0499927,0.0000037
59783,2022-07-23,I,-0.0488680,0.0000054
59784,2022-07-24,I,-0.0476049,0.0000047
59785,2022-07-25,I,-0.0462108,0.0000046
59786,2022-07-26,I,-0.0447478,0.0000070
59787,2022-07-27,I,-0.0433170,0.0000103
59788,2022-07-28,I,-0.0418792,0.0000102
59789,2022-07-29,I,-0.0404440,0.0000102
59790,2022-07-30,I,-0.0391908,0.0000162
59791,2022-07-31,I,-0.0381980,0.0000091
59792,2022-08-01,I,-0.0373483,0.0000092
59793,2022-08-02,I,-0.0367589,0.0000064
59794,2022-08-03,I,-0.0362580,0.0000062
59795,2022-08-04,I,-0.0358269,0.0000057
59796,2022-08-05,I,-0.0353074,0.0000056
59797,2022-08-06,I,-0.0347531,0.0000071
59798,2022-08-07,I,-0.0339632,0.0000048
59799,2022-08-08,I,-0.0329984,0.0000049
59800,2022-08-09,I,-0.0319015,0.0000051
59801,2022-08-10,I,-0.0308142,0.0000043
59802,2022-08-11,I,-0.0298669,0.0000042
59803,2022-08-12,I,-0.0291365,0.0000044
59804,2022-08-13,I,-0.0286395,0.0000054
59805,2022-08-14,I,-0.0283067,0.0000050
59806,2022-08-15,I,-0.0279962,0.0000042
59807,2022-08-16,I,-0.0276156,0.0000058
59808,2022-08-17,I,-0.0270840,0.0000069
59809,2022-08-18,I,-0.0263694,0.0000067
59810,2022-08-19,I,-0.0253613,0.0000066
59811,2022-08-20,I,-0.0242146,0.0000070
59812,2022-08-21,I,-0.0228183,0.0000070
59813,2022-08-22,I,-0.0214130,0.0000067
59814,2022-08-23,I,-0.0200007,0.0000063
59815,2022-08-24,I,-0.0187128,0.0000061
59816,2022-08-25,I,-0.0174483,0.0000059
59817,2022-08-26,I,-0.0162920,0.0000057
59818,2022-08-27,I,-0.0153544,0.0000066
59819,2022-08-28,I,-0.0146370,0.0000056
59820,2022-08-29,I,-0.0141295,0.0000055
59821,2022-08-30,I,-0.0137965,0.0000054
59822,2022-08-31,I,-0.0136267,0.0000045
59823,2022-09-01,I,-0.0134685,0.0000043
59824,2022-09-02,I,-0.0132489,0.0000043
59825,2022-09-03,I,-0.0128962,0.0000039
59826,2022-09-04,I,-0.0123955,0.0000071
59827,2022-09-05,I,-0.0117211,0.0000071
59828,2022-09-06,I,-0.0110140,0.0000114
59829,2022-09-07,I,-0.0104350,0.0000098
59830,2022-09-08,I,-0.0099623,0.0000101
59831,2022-09-09,I,-0.0098005,0.0000099
59832,2022-09-10,I,-0.0099085,0.0000064
59833,2022-09-11,I,-0.0102085,0.0000044
59834,2022-09-12,I,-0.0105579,0.0000044
59835,2022-09-13,I,-0.0108729,0.0000047
59836,2022-09-14,I,-0.0109907,0.0000036
59837,2022-09-15,I,-0.0109090,0.0000035
59838,2022-09-16,I,-0.0105258,0.0000034
59839,2022-09-17,I,-0.0100043,0.0000035
59840,2022-09-18,I,-0.0092607,0.0000028
59841,2022-09-19,I,-0.0084480,0.0000028
59842,2022-09-20,I,-0.0075738,0.0000033
59843,2022-09-21,I,-0.0066870,0.0000036
59844,2022-09-22,I,-0.0059827,0.0000033
59845,2022-09-23,I,-0.0054466,0.0000033
59846,2022-09-24,I,-0.0050975,0.0000050
59847,2022-09-25,I,-0.0049683,0.0000051
59848,2022-09-26,I,-0.0049655,0.0000051
59849,2022-09-27,I,-0.0050974,0.0000058
59850,2022-09-28,I,-0.0053144,0.0000051
59851,2022-09-29,I,-0.0053982,0.0000051
59852,2022-09-30,I,-0.0053336,0.0000052
59853,2022-10-01,I,-0.0050583,0.0000051
59854,2022-10-02,I,-0.0045691,0.0000051
59855,2022-10-03,I,-0.0040573,0.0000055
59856,2022-10-04,I,-0.0035919,0.0000073
59857,2022-10-05,I,-0.0032304,0.0000060
59858,2022-10-06,I,-0.0030710,0.0000060
59859,2022-10-07,I,-0.0031829,0.0000060
59860,2022-10-08,I,-0.0035431,0.0000061
59861,2022-10-09,I,-0.0040999,0.0000059
59862,2022-10-10,I,-0.0046909,0.0000051
59863,2022-10-11,I,-0.0051964,0.0000051
59864,2022-10-12,I,-0.0055025,0.0000045
59865,2022-10-13,I,-0.0055882,0.0000047
59866,2022-10-14,I,-0.0054348,0.0000049
59867,2022-10-15,I,-0.0051902,0.0000051
59868,2022-10-16,I,-0.0049179,0.0000061
59869,2022-10-17,I,-0.0046510,0.0000060
59870,2022-10-18,I,-0.0045607,0.0000074
59871,2022-10-19,I,-0.0045926,0.0000063
59872,2022-10-20,I,-0.0047767,0.0000061
59873,2022-10-21,I,-0.0051528,0.0000059
59874,2022-10-22,I,-0.0057198,0.0000052
59875,2022-10-23,I,-0.0065123,0.0000040
59876,2022-10-24,I,-0.0074710,0.0000040
59877,2022-10-25,I,-0.0083956,0.0000035
59878,2022-10-26,I,-0.0092457,0.0000035
59879,2022-10-27,I,-0.0098836,0.0000035
59880,2022-10-28,I,-0.0102110,0.0000034
59881,2022-10-29,I,-0.0103322,0.0000047
59882,2022-10-30,I,-0.0103138,0.0000051
59883,2022-10-31,I,-0.0101959,0.0000063
59884,2022-11-01,I,-0.0101934,0.0000063
59885,2022-11-02,I,-0.0104236,0.0000057
59886,2022-11-03,I,-0.0109470,0.0000058
59887,2022-11-04,I,-0.0118051,0.0000057
59888,2022-11-05,I,-0.0128251,0.0000067
59889,2022-11-06,I,-0.0138143,0.0000048
59890,2022-11-07,I,-0.0147324,0.0000054
59891,2022-11-08,I,-0.0154511,0.0000059
59892,2022-11-09,I,-0.0159442,0.0000054
59893,2022-11-10,I,-0.0162517,0.0000054
59894,2022-11-11,I,-0.0162332,0.0000047
59895,2022-11-12,I,-0.0160316,0.0000080
59896,2022-11-13,I,-0.0157892,0.0000045
59897,2022-11-14,I,-0.0155378,0.0000031
59898,2022-11-15,I,-0.0153539,0.0000033
59899,2022-11-16,I,-0.0153214,0.0000041
59900,2022-11-17,I,-0.0154506,0.0000041
59901,2022-11-18,I,-0.0158589,0.0000042
59902,2022-11-19,I,-0.0164143,0.0000065
59903,2022-11-20,I,-0.0170428,0.0000044
59904,2022-11-21,I,-0.0178912,0.0000044
59905,2022-11-22,I,-0.0186669,0.0000038
59906,2022-11-23,I,-0.0192766,0.0000057
59907,2022-11-24,I,-0.0196827,0.0000059
59908,2022-11-25,I,-0.0198111,0.0000058
59909,2022-11-26,I,-0.0197418,0.0000082
59910,2022-11-27,I,-0.0195235,0.0000079
59911,2022-11-28,I,-0.0192998,0.0000069
59912,2022-11-29,I,-0.0192255,0.0000061
59913,2022-11-30,I,-0.0193201,0.0000049
59914,2022-12-01,I,-0.0195901,0.0000048
59915,2022-12-02,I,-0.0200318,0.0000048
59916,2022-12-03,I,-0.0204331,0.0000048
59917,2022-12-04,I,-0.0208201,0.0000036
59918,2022-12-05,I,-0.0210300,0.0000038
59919,2022-12-06,I,-0.0210506,0.0000032
59920,2022-12-07,I,-0.0208548,0.0000038
59921,2022-12-08,I,-0.0204831,0.0000037
59922,2022-12-09,I,-0.0199769,0.0000040
59923,2022-12-10,I,-0.0193674,0.0000053
59924,2022-12-11,I,-0.0187029,0.0000051
59925,2022-12-12,I,-0.0180986,0.0000050
59926,2022-12-13,I,-0.0176422,0.0000042
59927,2022-12-14,I,-0.0172863,0.0000041
59928,2022-12-15,I,-0.0171108,0.0000039
59929,2022-12-16,I,-0.0170862,0.0000038
59930,2022-12-17,I,-0.0173035,0.0000037
59931,2022-12-18,I,-0.0175525,0.0000047
59932,2022-12-19,I,-0.0177921,0.0000069
59933,2022-12-20,I,-0.0179712,0.0000046
59934,2022-12-21,I,-0.0180841,0.0000048
59935,2022-12-22,I,-0.0180991,0.0000048
59936,2022-12-23,I,-0.0179138,0.0000048
59937,2022-12-24,I,-0.0176092,0.0000040
59938,2022-12-25,I,-0.0173692,0.0000041
59939,2022-12-26,I,-0.0172531,0.0000056
59940,2022-12-27,I,-0.0174768,0.0000052
59941,2022-12-28,I,-0.0179214,0.0000047
59942,2022-12-29,I,-0.0184549,0.0000048
59943,2022-12-30,I,-0.0190022,0.0000046
59944,2022-12-31,I,-0.0194890,0.0000048
59945,2023-01-01,I,-0.0198682,0.0000063
59946,2023-01-02,I,-0.0199331,0.0000054
59947,2023-01-03,I,-0.0198530,0.0000070
59948,2023-01-04,I,-0.0195102,0.0000072
59949,2023-01-05,I,-0.0190344,0.0000081
59950,2023-01-06,I,-0.0185256,0.0000081
59951,2023-01-07,I,-0.0179842,0.0000080
59952,2023-01-08,I,-0.0174954,0.0000086
59953,2023-01-09,I,-0.0171331,0.0000082
59954,2023-01-10,I,-0.0169645,0.0000077
59955,2023-01-11,I,-0.0169516,0.0000063
59956,2023-01-12,I,-0.0170839,0.0000054
59957,2023-01-13,I,-0.0172129,0.0000059
59958,2023-01-14,I,-0.0173915,0.0000087
59959,2023-01-15,I,-0.0175491,0.0000078
59960,2023-01-16,I,-0.0177137,0.0000078
59961,2023-01-17,I,-0.0177502,0.0000101
59962,2023-01-18,I,-0.0175661,0.0000090
59963,2023-01-19,I,-0.0171811,0.0000088
59964,2023-01-20,I,-0.0167614,0.0000086
59965,2023-01-21,I,-0.0161801,0.0000111
59966,2023-01-22,I,-0.0156326,0.0000074
59967,2023-01-23,I,-0.0152837,0.0000073
59968,2023-01-24,I,-0.0152003,0.0000076
59969,2023-01-25,I,-0.0154144,0.0000071
59970,2023-01-26,I,-0.0157010,0.0000072
59971,2023-01-27,I,-0.0158913,0.0000071
59972,2023-01-28,I,-0.0159956,0.0000075
59973,2023-01-29,I,-0.0158886,0.0000071
59974,2023-01-30,I,-0.0156599,0.0000069
59975,2023-01-31,I,-0.0152327,0.0000069
59976,2023-02-01,I,-0.0146257,0.0000045
59977,2023-02-02,I,-0.0139102,0.0000049
59978,2023-02-03,I,-0.0131284,0.0000049
59979,2023-02-04,I,-0.0123974,0.0000045
59980,2023-02-05,I,-0.0118811,0.0000039
59981,2023-02-06,I,-0.0115057,0.0000039
59982,2023-02-07,I,-0.0112791,0.0000047
59983,2023-02-08,I,-0.0111890,0.0000038
59984,2023-02-09,I,-0.0112366,0.0000038
59985,2023-02-10,I,-0.0114572,0.0000039
59986,2023-02-11,I,-0.0118011,0.0000047
59987,2023-02-12,I,-0.0121337,0.0000040
59988,2023-02-13,I,-0.0124063,0.0000042
59989,2023-02-14,I,-0.0124630,0.0000046
59990,2023-02-15,I,-0.0123404,0.0000042
59991,2023-02-16,I,-0.0120575,0.0000043
59992,2023-02-17,I,-0.0116874,0.0000042
59993,2023-02-18,I,-0.0113574,0.0000058
59994,2023-02-19,I,-0.0113179,0.0000050
59995,2023-02-20,I,-0.0115756,0.0000049
59996,2023-02-21,I,-0.0121528,0.0000049
59997,2023-02-22,I,-0.0129547,0.0000057
59998,2023-02-23,I,-0.0137296,0.0000057
59999,2023-02-24,I,-0.0145001,0.0000059
60000,2023-02-25,I,-0.0151470,0.0000075
60001,2023-02-26,I,-0.0155598,0.0000066
60002,2023-02-27,I,-0.0156520,0.0000067
60003,2023-02-28,I,-0.0155073,0.0000064
60004,2023-03-01,I,-0.0152853,0.0000056
60005,2023-03-02,I,-0.0151155,0.0000057
60006,2023-03-03,I,-0.0148525,0.0000052
60007,2023-03-04,I,-0.0146877,0.0000056
60008,2023-03-05,I,-0.0146756,0.0000069
60009,2023-03-06,I,-0.0149259,0.0000069
60010,2023-03-07,I,-0.0153731,0.0000076
60011,2023-03-08,I,-0.0160102,0.0000068
60012,2023-03-09,I,-0.0167801,0.0000066
60013,2023-03-10,I,-0.0176210,0.0000064
60014,2023-03-11,I,-0.0184072,0.0000046
60015,2023-03-12,I,-0.0190960,0.0000044
60016,2023-03-13,I,-0.0196027,0.0000045
60017,2023-03-14,I,-0.0199052,0.0000033
60018,2023-03-15,I,-0.0201196,0.0000034
60019,2023-03-16,I,-0.0200763,0.0000048
60020,2023-03-17,I,-0.0200343,0.0000053
60021,2023-03-18,I,-0.0201240,0.0000075
60022,2023-03-19,I,-0.0204889,0.0000039
60023,2023-03-20,I,-0.0211554,0.0000042
60024,2023-03-21,I,-0.0220019,0.0000041
60025,2023-03-22,I,-0.0229764,0.0000061
60026,2023-03-23,I,-0.0238902,0.0000062
60027,2023-03-24,I,-0.0246804,0.0000065
60028,2023-03-25,I,-0.0252312,0.0000079
60029,2023-03-26,I,-0.0254402,0.0000065
60030,2023-03-27,I,-0.0253812,0.0000069
60031,2023-03-28,I,-0.0251942,0.0000065
60032,2023-03-29,I,-0.0248756,0.0000054
60033,2023-03-30,I,-0.0246029,0.0000050
60034,2023-03-31,I,-0.0244064,0.0000049
60035,2023-04-01,I,-0.0243562,0.0000060
60036,2023-04-02,I,-0.0244586,0.0000052
60037,2023-04-03,I,-0.0247645,0.0000054
60038,2023-04-04,I,-0.0252246,0.0000053
60039,2023-04-05,I,-0.0258463,0.0000053
60040,2023-04-06,I,-0.0265279,0.0000052
60041,2023-04-07,I,-0.0272224,0.0000052
60042,2023-04-08,I,-0.0278761,0.0000054
60043,2023-04-09,I,-0.0284239,0.0000055
60044,2023-04-10,I,-0.0288276,0.0000080
60045,2023-04-11,I,-0.0290272,0.0000089
60046,2023-04-12,I,-0.0290338,0.0000080
60047,2023-04-13,I,-0.0289872,0.0000080
60048,2023-04-14,I,-0.0290013,0.0000079
60049,2023-04-15,I,-0.0292515,0.0000076
60050,2023-04-16,I,-0.0297608,0.0000078
60051,2023-04-17,I,-0.0306277,0.0000076
60052,2023-04-18,I,-0.0316004,0.0000073
60053,2023-04-19,I,-0.0325682,0.0000062
60054,2023-04-20,I,-0.0333569,0.0000065
60055,2023-04-21,I,-0.0339589,0.0000066
60056,2023-04-22,I,-0.0342654,0.0000058
60057,2023-04-23,I,-0.0343794,0.0000048
60058,2023-04-24,I,-0.0342718,0.0000048
60059,2023-04-25,I,-0.0340645,0.0000054
60060,2023-04-26,I,-0.0338276,0.0000046
60061,2023-04-27,I,-0.0336239,0.0000047
60062,2023-04-28,I,-0.0334926,0.0000047
60063,2023-04-29,I,-0.0335471,0.0000055
60064,2023-04-30,I,-0.0337980,0.0000054
60065,2023-05-01,I,-0.0342607,0.0000049
60066,2023-05-02,I,-0.0348528,0.0000062
60067,2023-05-03,I,-0.0354571,0.0000042
60068,2023-05-04,I,-0.0361458,0.0000048
60069,2023-05-05,I,-0.0368137,0.0000048
60070,2023-05-06,I,-0.0373337,0.0000053
60071,2023-05-07,I,-0.0377772,0.0000066
60072,2023-05-08,I,-0.0379479,0.0000076
60073,2023-05-09,I,-0.0380827,0.0000101
60074,2023-05-10,I,-0.0381417,0.0000082
60075,2023-05-11,I,-0.0383659,0.0000080
60076,2023-05-12,I,-0.0388389,0.0000082
60077,2023-05-13,I,-0.0395370,0.0000080
60078,2023-05-14,I,-0.0405224,0.0000054
60079,2023-05-15,I,-0.0417858,0.0000054
60080,2023-05-16,I,-0.0431008,0.0000055
60081,2023-05-17,I,-0.0443123,0.0000053
60082,2023-05-18,I,-0.0452763,0.0000050
60083,2023-05-19,I,-0.0459527,0.0000049
60084,2023-05-20,I,-0.0462785,0.0000054
60085,2023-05-21,I,-0.0463887,0.0000059
60086,2023-05-22,I,-0.0462362,0.0000061
60087,2023-05-23,I,-0.0459753,0.0000091
60088,2023-05-24,I,-0.0456713,0.0000067
60089,2023-05-25,I,-0.0453536,0.0000069
60090,2023-05-26,I,-0.0450865,0.0000068
60091,2023-05-27,I,-0.0449415,0.0000063
60092,2023-05-28,I,-0.0449951,0.0000064
60093,2023-05-29,I,-0.0451735,0.0000056
60094,2023-05-30,I,-0.0454412,0.0000071
60095,2023-05-31,I,-0.0457725,0.0000077
60096,2023-06-01,I,-0.0460216,0.0000082
60097,2023-06-02,I,-0.0461939,0.0000080
60098,2023-06-03,I,-0.0461712,0.0000083
60099,2023-06-04,I,-0.0459314,0.0000088
60100,2023-06-05,I,-0.0454375,0.0000095
60101,2023-06-06,I,-0.0449068,0.0000095
60102,2023-06-07,I,-0.0444282,0.0000091
60103,2023-06-08,I,-0.0440579,0.0000091
60104,2023-06-09,I,-0.0439377,0.0000093
60105,2023-06-10,I,-0.0440155,0.0000116
60106,2023-06-11,I,-0.0443185,0.0000081
60107,2023-06-12,I,-0.0445858,0.0000076
60108,2023-06-13,I,-0.0447864,0.0000072
60109,2023-06-14,I,-0.0448237,0.0000082
60110,2023-06-15,I,-0.0446568,0.0000074
60111,2023-06-16,I,-0.0442558,0.0000069
60112,2023-06-17,I,-0.0435792,0.0000076
60113,2023-06-18,I,-0.0427973,0.0000062
60114,2023-06-19,I,-0.0419766,0.0000074
60115,2023-06-20,I,-0.0411476,0.0000122
60116,2023-06-21,I,-0.0403442,0.0000118
60117,2023-06-22,I,-0.0395966,0.0000118
60118,2023-06-23,I,-0.0389775,0.0000123
60119,2023-06-24,I,-0.0384454,0.0000162
60120,2023-06-25,I,-0.0380847,0.0000123
60121,2023-06-26,I,-0.0377517,0.0000114
60122,2023-06-27,I,-0.0374962,0.0000112
60123,2023-06-28,I,-0.0372669,0.0000085
60124,2023-06-29,I,-0.0370206,0.0000084
60125,2023-06-30,I,-0.0366520,0.0000076
60126,2023-07-01,I,-0.0361418,0.0000109
60127,2023-07-02,I,-0.0354103,0.0000128
60128,2023-07-03,I,-0.0344606,0.0000158
60129,2023-07-04,I,-0.0334896,0.0000209
60130,2023-07-05,I,-0.0326093,0.0000184
60131,2023-07-06,I,-0.0318706,0.0000183
60132,2023-07-07,I,-0.0314185,0.0000183
60133,2023-07-08,I,-0.0311586,0.0000192
60134,2023-07-09,I,-0.0309682,0.0000142
60135,2023-07-10,I,-0.0306799,0.0000138
60136,2023-07-11,I,-0.0303052,0.0000134
60137,2023-07-12,I,-0.0297122,0.0000110
60138,2023-07-13,I,-0.0289416,0.0000098
60139,2023-07-14,I,-0.0278018,0.0000096
60140,2023-07-15,I,-0.0266109,0.0000104
60141,2023-07-16,I,-0.0253465,0.0000067
60142,2023-07-17,I,-0.0240328,0.0000072
60143,2023-07-18,I,-0.0228499,0.0000078
60144,2023-07-19,I,-0.0218042,0.0000070
60145,2023-07-20,I,-0.0209728,0.0000071
60146,2023-07-21,I,-0.0204258,0.0000073
60147,2023-07-22,I,-0.0200288,0.0000084
60148,2023-07-23,I,-0.0197679,0.0000065
60149,2023-07-24,I,-0.0195874,0.0000068
60150,2023-07-25,I,-0.0193676,0.0000071
60151,2023-07-26,I,-0.0191049,0.0000061
60152,2023-07-27,I,-0.0187321,0.0000060
60153,2023-07-28,I,-0.0181456,0.0000059
60154,2023-07-29,I,-0.0173825,0.0000069
60155,2023-07-30,I,-0.0164666,0.0000054
60156,2023-07-31,I,-0.0155675,0.0000052
60157,2023-08-01,I,-0.0147873,0.0000081
60158,2023-08-02,I,-0.0141988,0.0000072
60159,2023-08-03,I,-0.0138935,0.0000079
60160,2023-08-04,I,-0.0138734,0.0000084
60161,2023-08-05,I,-0.0140306,0.0000100
60162,2023-08-06,I,-0.0142145,0.0000078
60163,2023-08-07,I,-0.0141840,0.0000078
60164,2023-08-08,I,-0.0139156,0.0000088
60165,2023-08-09,I,-0.0134473,0.0000074
60166,2023-08-10,I,-0.0127055,0.0000070
60167,2023-08-11,I,-0.0117195,0.0000071
60168,2023-08-12,I,-0.0105551,0.0000096
60169,2023-08-13,I,-0.0093577,0.0000089
60170,2023-08-14,I,-0.0082219,0.0000097
60171,2023-08-15,I,-0.0071510,0.0000146
60172,2023-08-16,I,-0.0062540,0.0000110
60173,2023-08-17,I,-0.0055530,0.0000113
60174,2023-08-18,I,-0.0050012,0.0000117
60175,2023-08-19,I,-0.0046041,0.0000120
60176,2023-08-20,I,-0.0042496,0.0000114
60177,2023-08-21,I,-0.0038346,0.0000109
60178,2023-08-22,I,-0.0033591,0.0000126
60179,2023-08-23,I,-0.0028166,0.0000112
60180,2023-08-24,I,-0.0021335,0.0000099
60181,2023-08-25,I,-0.0012577,0.0000106
60182,2023-08-26,I,-0.0002515,0.0000105
60183,2023-08-27,I,0.0007736,0.0000073
60184,2023-08-28,I,0.0017132,0.0000071
60185,2023-08-29,I,0.0024615,0.0000078
60186,2023-08-30,I,0.0028542,0.0000098
60187,2023-08-31,I,0.0028256,0.0000099
60188,2023-09-01,I,0.0025857,0.0000102
60189,2023-09-02,I,0.0021748,0.0000138
60190,2023-09-03,I,0.0018834,0.0000137
60191,2023-09-04,I,0.0017903,0.0000114
60192,2023-09-05,I,0.0020459,0.0000108
60193,2023-09-06,I,0.0026768,0.0000088
60194,2023-09-07,I,0.0034649,0.0000089
60195,2023-09-08,I,0.0043828,0.0000089
60196,2023-09-09,I,0.0053595,0.0000090
60197,2023-09-10,I,0.0063350,0.0000089
60198,2023-09-11,I,0.0072445,0.0000093
60199,2023-09-12,I,0.0079658,0.0000106
60200,2023-09-13,I,0.0085499,0.0000087
60201,2023-09-14,I,0.0088819,0.0000085
60202,2023-09-15,I,0.0091191,0.0000080
60203,2023-09-16,I,0.0092469,0.0000087
60204,2023-09-17,I,0.0093177,0.0000070
60205,2023-09-18,I,0.0094281,0.0000066
60206,2023-09-19,I,0.0096992,0.0000063
60207,2023-09-20,I,0.0100802,0.0000071
60208,2023-09-21,I,0.0105431,0.0000071
60209,2023-09-22,I,0.0111907,0.0000068
60210,2023-09-23,I,0.0119383,0.0000072
60211,2023-09-24,I,0.0127268,0.0000086
60212,2023-09-25,I,0.0133746,0.0000108
60213,2023-09-26,I,0.0137917,0.0000107
60214,2023-09-27,I,0.0139010,0.0000110
60215,2023-09-28,I,0.0136037,0.0000111
60216,2023-09-29,I,0.0130342,0.0000106
60217,2023-09-30,I,0.0123138,0.0000099
60218,2023-10-01,I,0.0117108,0.0000088
60219,2023-10-02,I,0.0113502,0.0000080
60220,2023-10-03,I,0.0113072,0.0000069
60221,2023-10-04,I,0.0115944,0.0000056
60222,2023-10-05,I,0.0120893,0.0000058
60223,2023-10-06,I,0.0127181,0.0000063
60224,2023-10-07,I,0.0133928,0.0000084
60225,2023-10-08,I,0.0139478,0.0000080
60226,2023-10-09,I,0.0143696,0.0000079
60227,2023-10-10,I,0.0146321,0.0000092
60228,2023-10-11,I,0.0146879,0.0000073
60229,2023-10-12,I,0.0145260,0.0000073
60230,2023-10-13,I,0.0142818,0.0000064
60231,2023-10-14,I,0.0139540,0.0000052
60232,2023-10-15,I,0.0136312,0.0000046
60233,2023-10-16,I,0.0134015,0.0000035
60234,2023-10-17,I,0.0132931,0.0000039
60235,2023-10-18,I,0.0133572,0.0000056
60236,2023-10-19,I,0.0136094,0.0000060
60237,2023-10-20,I,0.0139203,0.0000062
60238,2023-10-21,I,0.0142272,0.0000065
60239,2023-10-22,I,0.0144520,0.0000093
60240,2023-10-23,I,0.0145004,0.0000091
60241,2023-10-24,I,0.0142656,0.0000088
60242,2023-10-25,I,0.0137379,0.0000071
60243,2023-10-26,I,0.0130336,0.0000070
60244,2023-10-27,I,0.0122022,0.0000069
60245,2023-10-28,I,0.0114608,0.0000057
60246,2023-10-29,I,0.0110110,0.0000049
60247,2023-10-30,I,0.0108859,0.0000044
60248,2023-10-31,I,0.0110119,0.0000052
60249,2023-11-01,I,0.0113237,0.0000047
60250,2023-11-02,I,0.0117490,0.0000055
60251,2023-11-03,I,0.0122562,0.0000066
60252,2023-11-04,I,0.0127099,0.0000091
60253,2023-11-05,I,0.0130232,0.0000089
60254,2023-11-06,I,0.0131320,0.0000090
60255,2023-11-07,I,0.0130441,0.0000115
60256,2023-11-08,I,0.0127712,0.0000104
60257,2023-11-09,I,0.0124263,0.0000101
60258,2023-11-10,I,0.0119526,0.0000098
60259,2023-11-11,I,0.0114014,0.0000111
60260,2023-11-12,I,0.0109249,0.0000106
60261,2023-11-13,I,0.0106024,0.0000108
60262,2023-11-14,I,0.0103987,0.0000127
60263,2023-11-15,I,0.0104195,0.0000099
60264,2023-11-16,I,0.0105947,0.0000096
60265,2023-11-17,I,0.0108558,0.0000092
60266,2023-11-18,I,0.0111099,0.0000086
60267,2023-11-19,I,0.0112996,0.0000075
60268,2023-11-20,I,0.0112892,0.0000072
60269,2023-11-21,I,0.0110968,0.0000074
60270,2023-11-22,I,0.0107398,0.0000075
60271,2023-11-23,I,0.0103208,0.0000086
60272,2023-11-24,I,0.0099061,0.0000083
60273,2023-11-25,I,0.0095291,0.0000120
60274,2023-11-26,I,0.0093725,0.0000106
60275,2023-11-27,I,0.0094908,0.0000104
60276,2023-11-28,I,0.0098205,0.0000116
60277,2023-11-29,I,0.0103653,0.0000091
60278,2023-11-30,I,0.0109949,0.0000101
60279,2023-12-01,I,0.0115685,0.0000098
60280,2023-12-02,I,0.0120123,0.0000112
60281,2023-12-03,I,0.0123091,0.0000092
60282,2023-12-04,I,0.0124352,0.0000092
60283,2023-12-05,I,0.0124403,0.0000096
60284,2023-12-06,I,0.0122791,0.0000078
60285,2023-12-07,I,0.0119831,0.0000073
60286,2023-12-08,I,0.0116609,0.0000071
60287,2023-12-09,I,0.0113878,0.0000077
60288,2023-12-10,I,0.0112512,0.0000084
60289,2023-12-11,I,0.0112434,0.0000085
60290,2023-12-12,I,0.0113914,0.0000108
60291,2023-12-13,I,0.0116654,0.0000087
60292,2023-12-14,I,0.0120461,0.0000086
60293,2023-12-15,I,0.0124573,0.0000083
60294,2023-12-16,I,0.0126981,0.0000068
60295,2023-12-17,I,0.0126467,0.0000064
60296,2023-12-18,I,0.0123109,0.0000066
60297,2023-12-19,I,0.0117447,0.0000065
60298,2023-12-20,I,0.0109710,0.0000070
60299,2023-12-21,I,0.0101428,0.0000078
60300,2023-12-22,I,0.0093580,0.0000080
60301,2023-12-23,I,0.0087535,0.0000102
60302,2023-12-24,I,0.0083783,0.0000104
60303,2023-12-25,I,0.0082663,0.0000178
60304,2023-12-26,I,0.0083595,0.0000145
60305,2023-12-27,I,0.0084886,0.0000122
60306,2023-12-28,I,0.0086486,0.0000126
60307,2023-12-29,I,0.0088546,0.0000123
60308,2023-12-30,I,0.0089870,0.0000122
60309,2023-12-31,I,0.0089604,0.0000115
60310,2024-01-01,I,0.0087837,0.0000084
60311,2024-01-02,I,0.0084956,0.0000085
60312,2024-01-03,I,0.0081219,0.0000074
60313,2024-01-04,I,0.0077010,0.0000075
60314,2024-01-05,I,0.0072681,0.0000075
60315,2024-01-06,I,0.0069473,0.0000080
60316,2024-01-07,I,0.0067651,0.0000085
60317,2024-01-08,I,0.0067901,0.0000081
60318,2024-01-09,I,0.0070491,0.0000093
60319,2024-01-10,I,0.0074360,0.0000081
60320,2024-01-11,I,0.0078418,0.0000073
60321,2024-01-12,I,0.0081782,0.0000073
60322,2024-01-13,I,0.0082983,0.0000070
60323,2024-01-14,I,0.0081575,0.0000050
60324,2024-01-15,I,0.0077759,0.0000056
60325,2024-01-16,I,0.0072093,0.0000079
60326,2024-01-17,I,0.0065697,0.0000060
60327,2024-01-18,I,0.0060196,0.0000059
60328,2024-01-19,I,0.0056647,0.0000069
60329,2024-01-20,I,0.0055601,0.0000081
60330,2024-01-21,I,0.0056454,0.0000078
60331,2024-01-22,I,0.0058978,0.0000078
60332,2024-01-23,I,0.0062377,0.0000113
60333,2024-01-24,I,0.0065538,0.0000107
60334,2024-01-25,I,0.0067511,0.0000086
60335,2024-01-26,I,0.0068557,0.0000082
60336,2024-01-27,I,0.0067817,0.0000094
60337,2024-01-28,I,0.0065393,0.0000093
60338,2024-01-29,I,0.0060503,0.0000095
60339,2024-01-30,I,0.0055114,0.0000144
60340,2024-01-31,I,0.0048723,0.0000113
60341,2024-02-01,I,0.0042667,0.0000111
60342,2024-02-02,I,0.0037387,0.0000088
60343,2024-02-03,I,0.0033587,0.0000080
60344,2024-02-04,I,0.0031807,0.0000079
60345,2024-02-05,I,0.0032021,0.0000081
60346,2024-02-06,I,0.0033281,0.0000101
60347,2024-02-07,I,0.0035006,0.0000076
60348,2024-02-08,I,0.0035892,0.0000082
60349,2024-02-09,I,0.0035273,0.0000084
60350,2024-02-10,I,0.0031602,0.0000081
60351,2024-02-11,I,0.0024162,0.0000071
60352,2024-02-12,I,0.0013827,0.0000068
60353,2024-02-13,I,0.0002522,0.0000088
60354,2024-02-14,I,-0.0008228,0.0000079
60355,2024-02-15,I,-0.0017412,0.0000075
60356,2024-02-16,I,-0.0024093,0.0000075
60357,2024-02-17,I,-0.0028061,0.0000099
60358,2024-02-18,I,-0.0029008,0.0000080
60359,2024-02-19,I,-0.0027733,0.0000078
60360,2024-02-20,I,-0.0025121,0.0000066
60361,2024-02-21,I,-0.0022297,0.0000070
60362,2024-02-22,I,-0.0019607,0.0000074
60363,2024-02-23,I,-0.0017695,0.0000085
60364,2024-02-24,I,-0.0017267,0.0000110
60365,2024-02-25,I,-0.0018432,0.0000092
60366,2024-02-26,I,-0.0021159,0.0000093
60367,2024-02-27,I,-0.0024601,0.0000094
60368,2024-02-28,I,-0.0028310,0.0000088
60369,2024-02-29,I,-0.0031494,0.0000090
60370,2024-03-01,I,-0.0033560,0.0000089
60371,2024-03-02,I,-0.0034805,0.0000102
60372,2024-03-03,I,-0.0034967,0.0000102
60373,2024-03-04,I,-0.0033277,0.0000102
60374,2024-03-05,I,-0.0029707,0.0000116
60375,2024-03-06,I,-0.0026447,0.0000091
60376,2024-03-07,I,-0.0025154,0.0000096
60377,2024-03-08,I,-0.0026692,0.0000093
60378,2024-03-09,I,-0.0032292,0.0000090
60379,2024-03-10,I,-0.0041582,0.0000089
60380,2024-03-11,I,-0.0053652,0.0000090
60381,2024-03-12,I,-0.0066328,0.0000105
60382,2024-03-13,I,-0.0077523,0.0000100
60383,2024-03-14,I,-0.0085771,0.0000099
60384,2024-03-15,I,-0.0090590,0.0000102
60385,2024-03-16,I,-0.0092530,0.0000110
60386,2024-03-17,I,-0.0092365,0.0000094
60387,2024-03-18,I,-0.0091353,0.0000099
60388,2024-03-19,I,-0.0090743,0.0000108
60389,2024-03-20,I,-0.0091657,0.0000096
60390,2024-03-21,I,-0.0093990,0.0000089
60391,2024-03-22,I,-0.0097540,0.0000088
60392,2024-03-23,I,-0.0102653,0.0000099
60393,2024-03-24,I,-0.0108995,0.0000091
60394,2024-03-25,I,-0.0116584,0.0000088
60395,2024-03-26,I,-0.0124410,0.0000068
60396,2024-03-27,I,-0.0131823,0.0000063
60397,2024-03-28,I,-0.0137797,0.0000061
60398,2024-03-29,I,-0.0141950,0.0000059
60399,2024-03-30,I,-0.0144341,0.0000048
60400,2024-03-31,I,-0.0144506,0.0000051
60401,2024-04-01,I,-0.0142806,0.0000080
60402,2024-04-02,I,-0.0139904,0.0000081
60403,2024-04-03,I,-0.0137032,0.0000069
60404,2024-04-04,I,-0.0135373,0.0000076
60405,2024-04-05,I,-0.0136700,0.0000079
60406,2024-04-06,I,-0.0141534,0.0000080
60407,2024-04-07,I,-0.0149326,0.0000082
60408,2024-04-08,I,-0.0158724,0.0000081
60409,2024-04-09,I,-0.0167880,0.0000132
60410,2024-04-10,I,-0.0174832,0.0000076
60411,2024-04-11,I,-0.0178856,0.0000082
60412,2024-04-12,I,-0.0179594,0.0000104
60413,2024-04-13,I,-0.0178409,0.0000107
60414,2024-04-14,I,-0.0175516,0.0000095
60415,2024-04-15,I,-0.0172207,0.0000096
60416,2024-04-16,I,-0.0169362,0.0000125
60417,2024-04-17,I,-0.0166840,0.0000089
60418,2024-04-18,I,-0.0166517,0.0000079
60419,2024-04-19,I,-0.0167784,0.0000083
60420,2024-04-20,I,-0.0170929,0.0000087
60421,2024-04-21,I,-0.0175283,0.0000074
60422,2024-04-22,I,-0.0180226,0.0000067
60423,2024-04-23,I,-0.0185106,0.0000074
60424,2024-04-24,I,-0.0189075,0.0000069
60425,2024-04-25,I,-0.0191558,0.0000069
60426,2024-04-26,I,-0.0192498,0.0000077
60427,2024-04-27,I,-0.0191058,0.0000096
60428,2024-04-28,I,-0.0187921,0.0000072
60429,2024-04-29,I,-0.0183718,0.0000072
60430,2024-04-30,I,-0.0180302,0.0000071
60431,2024-05-01,I,-0.0178212,0.0000062
60432,2024-05-02,I,-0.0177834,0.0000062
60433,2024-05-03,I,-0.0180584,0.0000066
60434,2024-05-04,I,-0.0186539,0.0000094
60435,2024-05-05,I,-0.0194895,0.0000094
60436,2024-05-06,I,-0.0203732,0.0000095
60437,2024-05-07,I,-0.0211029,0.0000107
60438,2024-05-08,I,-0.0215242,0.0000091
60439,2024-05-09,I,-0.0216175,0.0000093
60440,2024-05-10,I,-0.0213943,0.0000103
60441,2024-05-11,I,-0.0209972,0.0000108
60442,2024-05-12,I,-0.0205921,0.0000087
60443,2024-05-13,I,-0.0202385,0.0000088
60444,2024-05-14,I,-0.0199954,0.0000095
60445,2024-05-15,I,-0.0199221,0.0000076
60446,2024-05-16,I,-0.0199832,0.0000072
60447,2024-05-17,I,-0.0201153,0.0000079
60448,2024-05-18,I,-0.0203534,0.0000085
60449,2024-05-19,I,-0.0206336,0.0000097
60450,2024-05-20,I,-0.0209206,0.0000097
60451,2024-05-21,I,-0.0211768,0.0000136
60452,2024-05-22,I,-0.0213353,0.0000111
60453,2024-05-23,I,-0.0213183,0.0000106
60454,2024-05-24,I,-0.0211052,0.0000108
60455,2024-05-25,I,-0.0207023,0.0000102
60456,2024-05-26,I,-0.0202334,0.0000102
60457,2024-05-27,I,-0.0197756,0.0000098
60458,2024-05-28,I,-0.0194260,0.0000121
60459,2024-05-29,I,-0.0193250,0.0000109
60460,2024-05-30,I,-0.0194775,0.0000111
60461,2024-05-31,I,-0.0198650,0.0000111
60462,2024-06-01,I,-0.0204404,0.0000108
60463,2024-06-02,I,-0.0210632,0.0000097
60464,2024-06-03,I,-0.0215592,0.0000098
60465,2024-06-04,I,-0.0218848,0.0000104
60466,2024-06-05,I,-0.0219394,0.0000075
60467,2024-06-06,I,-0.0216440,0.0000080
60468,2024-06-07,I,-0.0210517,0.0000084
60469,2024-06-08,I,-0.0203424,0.0000097
60470,2024-06-09,I,-0.0195906,0.0000084
60471,2024-06-10,I,-0.0188634,0.0000082
60472,2024-06-11,I,-0.0182557,0.0000097
60473,2024-06-12,I,-0.0178272,0.0000078
60474,2024-06-13,I,-0.0174714,0.0000074
60475,2024-06-14,I,-0.0170272,0.0000074
60476,2024-06-15,I,-0.0165832,0.0000076
60477,2024-06-16,I,-0.0161680,0.0000069
60478,2024-06-17,I,-0.0156654,0.0000061
60479,2024-06-18,I,-0.0149779,0.0000070
60480,2024-06-19,I,-0.0140422,0.0000058
60481,2024-06-20,I,-0.0129307,0.0000076
60482,2024-06-21,I,-0.0116547,0.0000087
60483,2024-06-22,I,-0.0103235,0.0000104
60484,2024-06-23,I,-0.0089815,0.0000097
60485,2024-06-24,I,-0.0076861,0.0000097
60486,2024-06-25,I,-0.0066017,0.0000120
60487,2024-06-26,I,-0.0058176,0.0000086
60488,2024-06-27,I,-0.0052843,0.0000088
60489,2024-06-28,I,-0.0049392,0.0000096
60490,2024-06-29,I,-0.0047398,0.0000106
60491,2024-06-30,I,-0.0044457,0.0000105
60492,2024-07-01,I,-0.0038851,0.0000111
60493,2024-07-02,I,-0.0030263,0.0000151
60494,2024-07-03,I,-0.0019154,0.0000142
60495,2024-07-04,I,-0.0005082,0.0000152
60496,2024-07-05,I,0.0010719,0.0000152
60497,2024-07-06,I,0.0027385,0.0000188
60498,2024-07-07,I,0.0042562,0.0000149
60499,2024-07-08,I,0.0057108,0.0000138
60500,2024-07-09,I,0.0069776,0.0000140
60501,2024-07-10,I,0.0080633,0.0000099
60502,2024-07-11,I,0.0089966,0.0000085
60503,2024-07-12,I,0.0098382,0.0000098
60504,2024-07-13,I,0.0105944,0.0000103
60505,2024-07-14,I,0.0112492,0.0000096
60506,2024-07-15,I,0.0120088,0.0000094
60507,2024-07-16,I,0.0128729,0.0000115
60508,2024-07-17,I,0.0138535,0.0000079
60509,2024-07-18,I,0.0149430,0.0000075
60510,2024-07-19,I,0.0162059,0.0000082
60511,2024-07-20,I,0.0174545,0.0000084
60512,2024-07-21,I,0.0186530,0.0000091
60513,2024-07-22,I,0.0197161,0.0000091
60514,2024-07-23,I,0.0204508,0.0000132
60515,2024-07-24,I,0.0208607,0.0000091
60516,2024-07-25,I,0.0210522,0.0000091
60517,2024-07-26,I,0.0211600,0.0000093
60518,2024-07-27,I,0.0212767,0.0000090
60519,2024-07-28,I,0.0215550,0.0000073
60520,2024-07-29,I,0.0221326,0.0000075
60521,2024-07-30,I,0.0229924,0.0000113
60522,2024-07-31,I,0.0240263,0.0000087
60523,2024-08-01,I,0.0252061,0.0000095
60524,2024-08-02,I,0.0265460,0.0000098
60525,2024-08-03,I,0.0278945,0.0000142
60526,2024-08-04,I,0.0291058,0.0000094
60527,2024-08-05,I,0.0302461,0.0000078
60528,2024-08-06,I,0.0312169,0.0000092
60529,2024-08-07,I,0.0320377,0.0000071
60530,2024-08-08,I,0.0327287,0.0000071
60531,2024-08-09,I,0.0333825,0.0000063
60532,2024-08-10,I,0.0340138,0.0000086
60533,2024-08-11,I,0.0347967,0.0000074
60534,2024-08-12,I,0.0357092,0.0000080
60535,2024-08-13,I,0.0368019,0.0000086
60536,2024-08-14,I,0.0379662,0.0000079
60537,2024-08-15,I,0.0393064,0.0000079
60538,2024-08-16,I,0.0407087,0.0000075
60539,2024-08-17,I,0.0420401,0.0000115
60540,2024-08-18,I,0.0431462,0.0000104
60541,2024-08-19,I,0.0439714,0.0000107
60542,2024-08-20,I,0.0444441,0.0000128
60543,2024-08-21,I,0.0445729,0.0000103
60544,2024-08-22,I,0.0445232,0.0000109
60545,2024-08-23,I,0.0444595,0.0000106
60546,2024-08-24,I,0.0445464,0.0000108
60547,2024-08-25,I,0.0449273,0.0000107
60548,2024-08-26,I,0.0455861,0.0000109
60549,2024-08-27,I,0.0465758,0.0000128
60550,2024-08-28,I,0.0476446,0.0000092
60551,2024-08-29,I,0.0488219,0.0000095
60552,2024-08-30,I,0.0500008,0.0000096
60553,2024-08-31,I,0.0510070,0.0000100
60554,2024-09-01,I,0.0518305,0.0000093
60555,2024-09-02,I,0.0524343,0.0000097
60556,2024-09-03,I,0.0529082,0.0000148
60557,2024-09-04,I,0.0532942,0.0000102
60558,2024-09-05,I,0.0535605,0.0000106
60559,2024-09-06,I,0.0538143,0.0000104
60560,2024-09-07,I,0.0540226,0.0000109
60561,2024-09-08,I,0.0543969,0.0000107
60562,2024-09-09,I,0.0549429,0.0000108
60563,2024-09-10,I,0.0556329,0.0000126
60564,2024-09-11,I,0.0564307,0.0000107
60565,2024-09-12,I,0.0572473,0.0000106
60566,2024-09-13,I,0.0581131,0.0000107
60567,2024-09-14,I,0.0588057,0.0000106
60568,2024-09-15,I,0.0592557,0.0000089
60569,2024-09-16,I,0.0593726,0.0000102
60570,2024-09-17,I,0.0591649,0.0000128
60571,2024-09-18,I,0.0585680,0.0000097
60572,2024-09-19,I,0.0579166,0.0000099
60573,2024-09-20,I,0.0572831,0.0000112
60574,2024-09-21,I,0.0568857,0.0000140
60575,2024-09-22,I,0.0567402,0.0000115
60576,2024-09-23,I,0.0569108,0.0000097
60577,2024-09-24,I,0.0573169,0.0000178
60578,2024-09-25,I,0.0577839,0.0000150
60579,2024-09-26,I,0.0582671,0.0000102
60580,2024-09-27,I,0.0586559,0.0000110
60581,2024-09-28,I,0.0588979,0.0000127
60582,2024-09-29,I,0.0590378,0.0000148
60583,2024-09-30,I,0.0590625,0.0000153
60584,2024-10-01,I,0.0590197,0.0000163
60585,2024-10-02,I,0.0589803,0.0000134
60586,2024-10-03,I,0.0588359,0.0000135
60587,2024-10-04,I,0.0587388,0.0000136
60588,2024-10-05,I,0.0586926,0.0000119
60589,2024-10-06,I,0.0587170,0.0000088
60590,2024-10-07,I,0.0589010,0.0000088
60591,2024-10-08,I,0.0591987,0.0000104
60592,2024-10-09,I,0.0595450,0.0000071
60593,2024-10-10,I,0.0599505,0.0000077
60594,2024-10-11,I,0.0603417,0.0000080
60595,2024-10-12,I,0.0605430,0.0000100
60596,2024-10-13,I,0.0604088,0.0000101
60597,2024-10-14,I,0.0599407,0.0000099
60598,2024-10-15,I,0.0590172,0.0000118
60599,2024-10-16,I,0.0578362,0.0000102
60600,2024-10-17,I,0.0566125,0.0000115
60601,2024-10-18,I,0.0556300,0.0000111
60602,2024-10-19,I,0.0549607,0.0000127
60603,2024-10-20,I,0.0546913,0.0000110
60604,2024-10-21,I,0.0547455,0.0000111
60605,2024-10-22,I,0.0550409,0.0000126
60606,2024-10-23,I,0.0553405,0.0000102
60607,2024-10-24,I,0.0556042,0.0000102
60608,2024-10-25,I,0.0558279,0.0000105
60609,2024-10-26,I,0.0558570,0.0000116
60610,2024-10-27,I,0.0556859,0.0000096
60611,2024-10-28,I,0.0553612,0.0000085
60612,2024-10-29,I,0.0548978,0.0000100
60613,2024-10-30,I,0.0543433,0.0000090
60614,2024-10-31,I,0.0539099,0.0000084
60615,2024-11-01,I,0.0536234,0.0000083
60616,2024-11-02,I,0.0534948,0.0000120
60617,2024-11-03,I,0.0535572,0.0000079
60618,2024-11-04,I,0.0537686,0.0000078
60619,2024-11-05,I,0.0541382,0.0000090
60620,2024-11-06,I,0.0545806,0.0000078
60621,2024-11-07,I,0.0549773,0.0000094
60622,2024-11-08,I,0.0552809,0.0000097
60623,2024-11-09,I,0.0553231,0.0000135
60624,2024-11-10,I,0.0550745,0.0000121
60625,2024-11-11,I,0.0545309,0.0000118
60626,2024-11-12,I,0.0538190,0.0000140
60627,2024-11-13,I,0.0529441,0.0000100
60628,2024-11-14,I,0.0521344,0.0000098
60629,2024-11-15,I,0.0516005,0.0000089
60630,2024-11-16,I,0.0513388,0.0000099
60631,2024-11-17,I,0.0513329,0.0000090
60632,2024-11-18,I,0.0515649,0.0000089
60633,2024-11-19,I,0.0519065,0.0000108
60634,2024-11-20,I,0.0522203,0.0000080
60635,2024-11-21,I,0.0523603,0.0000080
60636,2024-11-22,I,0.0522818,0.0000079
60637,2024-11-23,I,0.0520347,0.0000086
60638,2024-11-24,I,0.0515822,0.0000080
60639,2024-11-25,I,0.0510474,0.0000074
60640,2024-11-26,I,0.0505410,0.0000099
60641,2024-11-27,I,0.0500218,0.0000099
60642,2024-11-28,I,0.0496303,0.0000091
60643,2024-11-29,I,0.0494232,0.0000093
60644,2024-11-30,I,0.0493933,0.0000135
60645,2024-12-01,I,0.0495247,0.0000126
60646,2024-12-02,I,0.0497840,0.0000131
60647,2024-12-03,I,0.0501791,0.0000145
60648,2024-12-04,I,0.0505928,0.0000107
60649,2024-12-05,I,0.0509343,0.0000104
60650,2024-12-06,I,0.0511482,0.0000106
60651,2024-12-07,I,0.0511405,0.0000104
60652,2024-12-08,I,0.0508605,0.0000102
60653,2024-12-09,I,0.0503146,0.0000090
60654,2024-12-10,I,0.0496681,0.0000129
60655,2024-12-11,I,0.0489325,0.0000109
60656,2024-12-12,I,0.0483583,0.0000105
60657,2024-12-13,I,0.0480534,0.0000105
60658,2024-12-14,I,0.0479505,0.0000118
60659,2024-12-15,I,0.0481073,0.0000112
60660,2024-12-16,I,0.0483659,0.0000105
60661,2024-12-17,I,0.0486749,0.0000130
60662,2024-12-18,I,0.0488232,0.0000110
60663,2024-12-19,I,0.0487966,0.0000105
60664,2024-12-20,I,0.0485236,0.0000090
60665,2024-12-21,I,0.0480413,0.0000098
60666,2024-12-22,I,0.0474784,0.0000110
60667,2024-12-23,I,0.0468719,0.0000108
60668,2024-12-24,I,0.0462839,0.0000156
60669,2024-12-25,I,0.0458006,0.0000127
60670,2024-12-26,I,0.0454669,0.0000125
60671,2024-12-27,I,0.0452790,0.0000116
60672,2024-12-28,I,0.0452471,0.0000104
60673,2024-12-29,I,0.0454190,0.0000104
60674,2024-12-30,I,0.0456819,0.0000104
60675,2024-12-31,I,0.0459943,0.0000120
60676,2025-01-01,I,0.0462673,0.0000128
60677,2025-01-02,I,0.0464040,0.0000135
60678,2025-01-03,I,0.0463344,0.0000150
60679,2025-01-04,I,0.0459051,0.0000150
60680,2025-01-05,I,0.0452691,0.0000160
60681,2025-01-06,I,0.0444337,0.0000103
60682,2025-01-07,I,0.0435819,0.0000098
60683,2025-01-08,I,0.0429268,0.0000088
60684,2025-01-09,I,0.0425308,0.0000088
60685,2025-01-10,I,0.0424629,0.0000091
60686,2025-01-11,I,0.0426615,0.0000081
60687,2025-01-12,I,0.0430183,0.0000098
60688,2025-01-13,I,0.0434857,0.0000106
60689,2025-01-14,I,0.0439896,0.0000127
60690,2025-01-15,I,0.0443560,0.0000130
60691,2025-01-16,I,0.0445550,0.0000131
60692,2025-01-17,I,0.0445879,0.0000137
60693,2025-01-18,I,0.0444969,0.0000182
60694,2025-01-19,I,0.0443484,0.0000141
60695,2025-01-20,I,0.0441706,0.0000131
60696,2025-01-21,I,0.0440976,0.0000138
60697,2025-01-22,I,0.0441289,0.0000122
60698,2025-01-23,I,0.0443637,0.0000117
60699,2025-01-24,I,0.0447968,0.0000117
60700,2025-01-25,I,0.0454701,0.0000126
60701,2025-01-26,I,0.0461783,0.0000120
60702,2025-01-27,I,0.0469314,0.0000110
60703,2025-01-28,I,0.0475530,0.0000126
60704,2025-01-29,I,0.0479003,0.0000111
60705,2025-01-30,I,0.0480437,0.0000098
60706,2025-01-31,I,0.0479105,0.0000095
60707,2025-02-01,I,0.0474465,0.0000088
60708,2025-02-02,I,0.0468143,0.0000100
60709,2025-02-03,I,0.0461952,0.0000097
60710,2025-02-04,I,0.0456971,0.0000134
60711,2025-02-05,I,0.0454107,0.0000078
60712,2025-02-06,I,0.0454315,0.0000085
60713,2025-02-07,I,0.0457240,0.0000091
60714,2025-02-08,I,0.0461476,0.0000094
60715,2025-02-09,I,0.0466340,0.0000090
60716,2025-02-10,I,0.0469810,0.0000083
60717,2025-02-11,I,0.0471723,0.0000115
60718,2025-02-12,I,0.0472286,0.0000118
60719,2025-02-13,I,0.0470728,0.0000114
60720,2025-02-14,I,0.0467736,0.0000114
60721,2025-02-15,I,0.0463069,0.0000139
60722,2025-02-16,I,0.0459161,0.0000136
60723,2025-02-17,I,0.0456069,0.0000131
60724,2025-02-18,I,0.0454397,0.0000157
60725,2025-02-19,I,0.0454665,0.0000123
60726,2025-02-20,I,0.0456433,0.0000119
60727,2025-02-21,I,0.0459189,0.0000119
60728,2025-02-22,I,0.0462958,0.0000119
60729,2025-02-23,I,0.0467373,0.0000105
60730,2025-02-24,I,0.0471608,0.0000108
60731,2025-02-25,I,0.0474162,0.0000126
60732,2025-02-26,I,0.0473812,0.0000116
60733,2025-02-27,I,0.0470745,0.0000118
60734,2025-02-28,I,0.0464809,0.0000122
60735,2025-03-01,I,0.0456357,0.0000170
60736,2025-03-02,I,0.0447383,0.0000108
60737,2025-03-03,I,0.0439141,0.0000103
60738,2025-03-04,I,0.0433147,0.0000109
60739,2025-03-05,I,0.0431139,0.0000108
60740,2025-03-06,I,0.0431809,0.0000108
60741,2025-03-07,I,0.0433737,0.0000104
60742,2025-03-08,I,0.0436746,0.0000138
60743,2025-03-09,I,0.0440331,0.0000120
60744,2025-03-10,I,0.0442572,0.0000125
60745,2025-03-11,I,0.0443077,0.0000131
60746,2025-03-12,I,0.0441771,0.0000102
60747,2025-03-13,I,0.0438553,0.0000114
60748,2025-03-14,I,0.0433951,0.0000122
60749,2025-03-15,I,0.0428780,0.0000147
60750,2025-03-16,I,0.0423703,0.0000118
60751,2025-03-17,I,0.0419917,0.0000121
60752,2025-03-18,I,0.0416988,0.0000140
60753,2025-03-19,I,0.0415366,0.0000110
60754,2025-03-20,I,0.0415048,0.0000104
60755,2025-03-21,I,0.0416559,0.0000110
60756,2025-03-22,I,0.0418462,0.0000125
60757,2025-03-23,I,0.0420613,0.0000099
60758,2025-03-24,I,0.0422162,0.0000102
60759,2025-03-25,I,0.0422110,0.0000129
60760,2025-03-26,I,0.0419335,0.0000099
60761,2025-03-27,I,0.0413583,0.0000095
60762,2025-03-28,I,0.0405118,0.0000097
60763,2025-03-29,I,0.0394363,0.0000121
60764,2025-03-30,I,0.0383605,0.0000096
60765,2025-03-31,I,0.0374881,0.0000093
60766,2025-04-01,I,0.0369248,0.0000115
60767,2025-04-02,I,0.0366841,0.0000101
60768,2025-04-03,I,0.0367877,0.0000105
60769,2025-04-04,I,0.0370160,0.0000101
60770,2025-04-05,I,0.0372362,0.0000151
60771,2025-04-06,I,0.0373366,0.0000128
60772,2025-04-07,I,0.0372508,0.0000131
60773,2025-04-08,I,0.0369471,0.0000149
60774,2025-04-09,I,0.0364610,0.0000114
60775,2025-04-10,I,0.0358415,0.0000121
60776,2025-04-11,I,0.0351960,0.0000120
60777,2025-04-12,I,0.0345506,0.0000138
60778,2025-04-13,I,0.0339808,0.0000126
60779,2025-04-14,I,0.0335647,0.0000124
60780,2025-04-15,I,0.0333442,0.0000139
60781,2025-04-16,I,0.0332918,0.0000126
60782,2025-04-17,I,0.0334435,0.0000112
60783,2025-04-18,I,0.0337515,0.0000093
60784,2025-04-19,I,0.0340553,0.0000069
60785,2025-04-20,I,0.0343090,0.0000093
60786,2025-04-21,I,0.0344385,0.0000071
60787,2025-04-22,I,0.0343565,0.0000085
60788,2025-04-23,I,0.0340409,0.0000094
60789,2025-04-24,I,0.0334557,0.0000106
60790,2025-04-25,I,0.0326140,0.0000109
60791,2025-04-26,I,0.0316202,0.0000109
60792,2025-04-27,I,0.0307244,0.0000133
60793,2025-04-28,I,0.0300455,0.0000127
60794,2025-04-29,I,0.0296529,0.0000140
60795,2025-04-30,I,0.0295695,0.0000114
60796,2025-05-01,I,0.0297827,0.0000103
60797,2025-05-02,I,0.0300933,0.0000092
60798,2025-05-03,I,0.0302921,0.0000130
60799,2025-05-04,I,0.0303696,0.0000110
60800,2025-05-05,I,0.0303047,0.0000118
60801,2025-05-06,I,0.0300678,0.0000121
60802,2025-05-07,I,0.0296892,0.0000127
60803,2025-05-08,I,0.0293147,0.0000134
60804,2025-05-09,I,0.0289807,0.0000136
60805,2025-05-10,I,0.0287222,0.0000185
60806,2025-05-11,I,0.0285467,0.0000152
60807,2025-05-12,I,0.0284718,0.0000161
60808,2025-05-13,I,0.0285607,0.0000177
60809,2025-05-14,I,0.0287687,0.0000132
60810,2025-05-15,I,0.0291352,0.0000134
60811,2025-05-16,I,0.0295694,0.0000129
60812,2025-05-17,I,0.0299968,0.0000143
60813,2025-05-18,I,0.0303362,0.0000129
60814,2025-05-19,I,0.0305341,0.0000112
60815,2025-05-20,I,0.0305926,0.0000145
60816,2025-05-21,I,0.0304257,0.0000138
60817,2025-05-22,I,0.0299494,0.0000135
60818,2025-05-23,I,0.0293263,0.0000137
60819,2025-05-24,I,0.0285448,0.0000173
60820,2025-05-25,I,0.0278859,0.0000134
60821,2025-05-26,I,0.0275137,0.0000125
60822,2025-05-27,I,0.0274509,0.0000119
60823,2025-05-28,I,0.0277099,0.0000100
60824,2025-05-29,I,0.0281134,0.0000101
60825,2025-05-30,I,0.0285111,0.0000113
60826,2025-05-31,I,0.0287994,0.0000133
60827,2025-06-01,I,0.0289868,0.0000136
60828,2025-06-02,I,0.0290301,0.0000122
60829,2025-06-03,I,0.0289761,0.0000138
60830,2025-06-04,I,0.0288497,0.0000089
60831,2025-06-05,I,0.0287299,0.0000081
60832,2025-06-06,I,0.0286740,0.0000083
60833,2025-06-07,I,0.0286988,0.0000082
60834,2025-06-08,I,0.0288788,0.0000092
60835,2025-06-09,I,0.0293356,0.0000088
60836,2025-06-10,I,0.0300291,0.0000140
60837,2025-06-11,I,0.0308434,0.0000125
60838,2025-06-12,I,0.0317679,0.0000124
60839,2025-06-13,I,0.0327215,0.0000131
60840,2025-06-14,I,0.0336073,0.0000130
60841,2025-06-15,I,0.0342743,0.0000139
60842,2025-06-16,I,0.0347921,0.0000135
60843,2025-06-17,I,0.0350584,0.0000159
60844,2025-06-18,I,0.0351268,0.0000119
60845,2025-06-19,I,0.0350448,0.0000120
60846,2025-06-20,I,0.0349044,0.0000142
60847,2025-06-21,I,0.0349050,0.0000132
60848,2025-06-22,I,0.0351139,0.0000099
60849,2025-06-23,I,0.0358217,0.0000095
60850,2025-06-24,I,0.0368204,0.0000112
60851,2025-06-25,I,0.0379449,0.0000098
60852,2025-06-26,I,0.0391584,0.0000096
60853,2025-06-27,I,0.0403467,0.0000109
60854,2025-06-28,I,0.0413882,0.0000161
60855,2025-06-29,I,0.0422057,0.0000136
60856,2025-06-30,I,0.0428531,0.0000130
60857,2025-07-01,I,0.0434161,0.0000147
60858,2025-07-02,I,0.0438823,0.0000115
60859,2025-07-03,I,0.0443565,0.0000110
60860,2025-07-04,I,0.0449210,0.0000104
60861,2025-07-05,I,0.0456370,0.0000136
60862,2025-07-06,I,0.0465965,0.0000123
60863,2025-07-07,I,0.0477821,0.0000123
60864,2025-07-08,I,0.0490790,0.0000142
60865,2025-07-09,I,0.0503832,0.0000110
60866,2025-07-10,I,0.0517660,0.0000133
60867,2025-07-11,I,0.0530733,0.0000128
60868,2025-07-12,I,0.0541865,0.0000150
60869,2025-07-13,I,0.0550115,0.0000125
60870,2025-07-14,I,0.0555761,0.0000130
60871,2025-07-15,I,0.0558158,0.0000144
60872,2025-07-16,I,0.0558262,0.0000103
60873,2025-07-17,I,0.0559141,0.0000114
60874,2025-07-18,I,0.0561069,0.0000122
60875,2025-07-19,I,0.0563281,0.0000139
60876,2025-07-20,I,0.0568023,0.0000121
60877,2025-07-21,I,0.0574677,0.0000121
60878,2025-07-22,I,0.0583578,0.0000147
60879,2025-07-23,I,0.0591900,0.0000115
60880,2025-07-24,I,0.0600000,0.0000109
60881,2025-07-25,I,0.0606487,0.0000114
60882,2025-07-26,I,0.0610552,0.0000128
60883,2025-07-27,I,0.0612726,0.0000112
60884,2025-07-28,I,0.0613727,0.0000111
60885,2025-07-29,I,0.0614430,0.0000133
60886,2025-07-30,I,0.0615251,0.0000112
60887,2025-07-31,I,0.0617052,0.0000110
60888,2025-08-01,I,0.0621353,0.0000111
60889,2025-08-02,I,0.0627491,0.0000130
60890,2025-08-03,I,0.0636339,0.0000116
60891,2025-08-04,I,0.0647733,0.0000104
60892,2025-08-05,I,0.0660351,0.0000124
60893,2025-08-06,I,0.0673619,0.0000089
60894,2025-08-07,I,0.0686522,0.0000090
60895,2025-08-08,I,0.0698331,0.0000086
60896,2025-08-09,I,0.0707590,0.0000085
60897,2025-08-10,I,0.0714291,0.0000100
60898,2025-08-11,I,0.0718324,0.0000107
60899,2025-08-12,I,0.0719877,0.0000104
60900,2025-08-13,I,0.0720369,0.0000100
60901,2025-08-14,I,0.0721403,0.0000098
60902,2025-08-15,I,0.0723909,0.0000101
60903,2025-08-16,I,0.0728331,0.0000092
60904,2025-08-17,I,0.0735807,0.0000075
60905,2025-08-18,I,0.0745242,0.0000114
60906,2025-08-19,I,0.0756245,0.0000116
60907,2025-08-20,I,0.0767629,0.0000085
60908,2025-08-21,I,0.0777675,0.0000079
60909,2025-08-22,I,0.0786197,0.0000078
60910,2025-08-23,I,0.0793169,0.0000078
60911,2025-08-24,I,0.0798540,0.0000095
60912,2025-08-25,I,0.0802899,0.0000095
60913,2025-08-26,I,0.0806535,0.0000132
60914,2025-08-27,I,0.0810433,0.0000099
60915,2025-08-28,I,0.0814490,0.0000106
60916,2025-08-29,I,0.0820002,0.0000122
60917,2025-08-30,I,0.0827130,0.0000125
60918,2025-08-31,I,0.0835958,0.0000133
60919,2025-09-01,I,0.0845797,0.0000124
60920,2025-09-02,I,0.0856269,0.0000171
60921,2025-09-03,I,0.0866550,0.0000135
60922,2025-09-04,I,0.0875544,0.0000125
60923,2025-09-05,I,0.0882653,0.0000124
60924,2025-09-06,I,0.0886644,0.0000103
60925,2025-09-07,I,0.0888046,0.0000101
60926,2025-09-08,I,0.0886504,0.0000097
60927,2025-09-09,I,0.0882691,0.0000110
60928,2025-09-10,I,0.0878766,0.0000085
60929,2025-09-11,I,0.0876407,0.0000095
60930,2025-09-12,I,0.0876305,0.0000109
60931,2025-09-13,I,0.0877922,0.0000129
60932,2025-09-14,I,0.0882760,0.0000105
60933,2025-09-15,I,0.0889058,0.0000107
60934,2025-09-16,I,0.0895493,0.0000132
60935,2025-09-17,I,0.0900733,0.0000097
60936,2025-09-18,I,0.0904231,0.0000088
60937,2025-09-19,I,0.0905051,0.0000094
60938,2025-09-20,I,0.0904253,0.0000110
60939,2025-09-21,I,0.0901699,0.0000084
60940,2025-09-22,I,0.0898864,0.0000078
60941,2025-09-23,I,0.0897026,0.0000105
60942,2025-09-24,I,0.0896455,0.0000100
60943,2025-09-25,I,0.0897599,0.0000102
60944,2025-09-26,I,0.0900232,0.0000108
60945,2025-09-27,I,0.0903722,0.0000136
60946,2025-09-28,I,0.0909728,0.0000102
60947,2025-09-29,I,0.0916593,0.0000094
60948,2025-09-30,I,0.0923952,0.0000092
60949,2025-10-01,I,0.0930832,0.0000067
60950,2025-10-02,I,0.0934757,0.0000065
60951,2025-10-03,I,0.0936519,0.0000078
60952,2025-10-04,I,0.0935934,0.0000117
60953,2025-10-05,I,0.0932320,0.0000088
60954,2025-10-06,I,0.0927150,0.0000086
60955,2025-10-07,I,0.0921824,0.0000094
60956,2025-10-08,I,0.0917512,0.0000077
60957,2025-10-09,I,0.0915072,0.0000062
60958,2025-10-10,I,0.0915914,0.0000061
60959,2025-10-11,I,0.0920217,0.0000080
60960,2025-10-12,I,0.0926472,0.0000067
60961,2025-10-13,I,0.0933574,0.0000062
60962,2025-10-14,I,0.0939932,0.0000066
60963,2025-10-15,I,0.0944922,0.0000057
60964,2025-10-16,I,0.0947517,0.0000068
60965,2025-10-17,I,0.0947686,0.0000071
60966,2025-10-18,I,0.0945855,0.0000095
60967,2025-10-19,I,0.0942952,0.0000088
60968,2025-10-20,I,0.0939499,0.0000101
60969,2025-10-21,I,0.0936622,0.0000189
60970,2025-10-22,I,0.0934832,0.0000155
60971,2025-10-23,I,0.0933867,0.0000153
60972,2025-10-24,I,0.0933235,0.0000154
60973,2025-10-25,I,0.0935116,0.0000182
60974,2025-10-26,I,0.0937419,0.0000141
60975,2025-10-27,I,0.0940573,0.0000127
60976,2025-10-28,I,0.0943527,0.0000120
60977,2025-10-29,I,0.0944654,0.0000114
60978,2025-10-30,I,0.0943029,0.0000111
60979,2025-10-31,I,0.0938750,0.0000096
60980,2025-11-01,I,0.0931220,0.0000115
60981,2025-11-02,I,0.0921711,0.0000093
60982,2025-11-03,I,0.0911225,0.0000090
60983,2025-11-04,I,0.0900434,0.0000083
60984,2025-11-05,I,0.0891139,0.0000059
60985,2025-11-06,I,0.0884986,0.0000073
60986,2025-11-07,I,0.0882069,0.0000074
60987,2025-11-08,I,0.0881183,0.0000097
60988,2025-11-09,I,0.0881735,0.0000079
60989,2025-11-10,I,0.0881778,0.0000083
60990,2025-11-11,I,0.0880036,0.0000101
60991,2025-11-12,I,0.0875943,0.0000074
60992,2025-11-13,I,0.0870889,0.0000075
60993,2025-11-14,I,0.0864371,0.0000062
60994,2025-11-15,I,0.0856435,0.0000082
60995,2025-11-16,I,0.0849021,0.0000093
60996,2025-11-17,I,0.0843032,0.0000095
60997,2025-11-18,I,0.0838727,0.0000125
60998,2025-11-19,I,0.0836543,0.0000116
60999,2025-11-20,I,0.0835522,0.0000125
61000,2025-11-21,I,0.0836132,0.0000127
61001,2025-11-22,I,0.0837754,0.0000126
61002,2025-11-23,I,0.0839950,0.0000117
61003,2025-11-24,I,0.0842126,0.0000114
61004,2025-11-25,I,0.0842934,0.0000130
61005,2025-11-26,I,0.0841718,0.0000109
61006,2025-11-27,I,0.0837387,0.0000112
61007,2025-11-28,I,0.0830317,0.0000113
61008,2025-11-29,I,0.0820685,0.0000116
61009,2025-11-30,I,0.0809568,0.0000115
61010,2025-12-01,I,0.0798209,0.0000107
61011,2025-12-02,I,0.0787751,0.0000108
61012,2025-12-03,I,0.0780144,0.0000092
61013,2025-12-04,I,0.0775124,0.0000099
61014,2025-12-05,I,0.0773653,0.0000103
61015,2025-12-06,I,0.0774337,0.0000096
61016,2025-12-07,I,0.0775757,0.0000079
61017,2025-12-08,I,0.0776070,0.0000091
61018,2025-12-09,I,0.0773986,0.0000102
61019,2025-12-10,I,0.0769731,0.0000080
61020,2025-12-11,I,0.0764697,0.0000080
61021,2025-12-12,I,0.0759769,0.0000082
61022,2025-12-13,I,0.0755438,0.0000099
61023,2025-12-14,I,0.0751674,0.0000087
61024,2025-12-15,I,0.0749082,0.0000085
61025,2025-12-16,I,0.0748365,0.0000110
61026,2025-12-17,I,0.0749291,0.0000078
61027,2025-12-18,I,0.0751982,0.0000086
61028,2025-12-19,I,0.0756914,0.0000083
61029,2025-12-20,I,0.0762132,0.0000085
61030,2025-12-21,I,0.0767780,0.0000080
61031,2025-12-22,I,0.0772760,0.0000091
61032,2025-12-23,I,0.0775546,0.0000113
61033,2025-12-24,I,0.0776216,0.0000107
61034,2025-12-25,I,0.0773663,0.0000118
61035,2025-12-26,I,0.0769040,0.0000124
61036,2025-12-27,I,0.0762560,0.0000173
61037,2025-12-28,I,0.0755368,0.0000086
61038,2025-12-29,I,0.0749100,0.0000085
61039,2025-12-30,I,0.0744353,0.0000086
61040,2025-12-31,I,0.0741509,0.0000086
61041,2026-01-01,I,0.0740677,0.0000086
61042,2026-01-02,I,0.0741631,0.0000095
61043,2026-01-03,I,0.0743601,0.0000220
61044,2026-01-04,I,0.0744805,0.0000138
61045,2026-01-05,I,0.0743590,0.0000135
61046,2026-01-06,I,0.0740228,0.0000123
61047,2026-01-07,I,0.0734680,0.0000088
61048,2026-01-08,I,0.0728590,0.0000078
61049,2026-01-09,I,0.0722576,0.0000090
61050,2026-01-10,I,0.0717705,0.0000110
61051,2026-01-11,I,0.0714292,0.0000092
61052,2026-01-12,I,0.0713214,0.0000094
61053,2026-01-13,I,0.0714190,0.0000123
61054,2026-01-14,I,0.0716598,0.0000106
61055,2026-01-15,I,0.0721096,0.0000094
61056,2026-01-16,I,0.0726583,0.0000098
61057,2026-01-17,I,0.0732630,0.0000133
61058,2026-01-18,I,0.0738289,0.0000081
61059,2026-01-19,I,0.0742070,0.0000081
61060,2026-01-20,I,0.0743240,0.0000082
61061,2026-01-21,I,0.0741756,0.0000072
61062,2026-01-22,I,0.0737310,0.0000070
61063,2026-01-23,I,0.0730556,0.0000073
61064,2026-01-24,I,0.0722111,0.0000103
61065,2026-01-25,I,0.0714667,0.0000085
61066,2026-01-26,I,0.0708889,0.0000084
61067,2026-01-27,I,0.0705113,0.0000101
61068,2026-01-28,I,0.0703714,0.0000078
61069,2026-01-29,I,0.0703839,0.0000093
61070,2026-01-30,I,0.0705716,0.0000094
61071,2026-01-31,I,0.0706656,0.0000125
61072,2026-02-01,I,0.0706650,0.0000126
61073,2026-02-02,I,0.0703757,0.0000124
61074,2026-02-03,I,0.0699091,0.0000171
61075,2026-02-04,I,0.0692654,0.0000110
61076,2026-02-05,I,0.0685734,0.0000123
61077,2026-02-06,I,0.0679616,0.0000120
61078,2026-02-07,I,0.0674760,0.0000122
61079,2026-02-08,I,0.0671883,0.0000111
61080,2026-02-09,I,0.0671428,0.0000113
61081,2026-02-10,I,0.0672917,0.0000152
61082,2026-02-11,I,0.0676531,0.0000121
61083,2026-02-12,I,0.0681063,0.0000126
61084,2026-02-13,I,0.0686714,0.0000133
61085,2026-02-14,I,0.0691976,0.0000148
61086,2026-02-15,I,0.0696476,0.0000129
61087,2026-02-16,I,0.0699028,0.0000123
61088,2026-02-17,I,0.0699026,0.0000136
61089,2026-02-18,I,0.0695672,0.0000118
61090,2026-02-19,I,0.0689774,0.0000122
61091,2026-02-20,I,0.0682977,0.0000124
61092,2026-02-21,I,0.0675821,0.0000142
61093,2026-02-22,I,0.0670140,0.0000094
61094,2026-02-23,I,0.0665926,0.0000091
61095,2026-02-24,I,0.0663815,0.0000098
61096,2026-02-25,I,0.0664240,0.0000077
61097,2026-02-26,I,0.0667069,0.0000098
61098,2026-02-27,I,0.0670414,0.0000111
61099,2026-02-28,I,0.0672224,0.0000166
61100,2026-03-01,I,0.0672051,0.0000117
61101,2026-03-02,I,0.0669109,0.0000116
61102,2026-03-03,I,0.0663788,0.0000118
61103,2026-03-04,I,0.0656692,0.0000078
61104,2026-03-05,I,0.0648510,0.0000051
61105,2026-03-06,I,0.0641097,0.0000046
61106,2026-03-07,I,0.0634945,0.0000061
61107,2026-03-08,I,0.0630987,0.0000063
61108,2026-03-09,I,0.0629297,0.0000065
61109,2026-03-10,I,0.0627761,0.0000137
61110,2026-03-11,I,0.0626818,0.0000137
61111,2026-03-12,I,0.0626409,0.0000141
61112,2026-03-13,I,0.0626603,0.0000136
61113,2026-03-14,I,0.0625260,0.0000170
61114,2026-03-15,I,0.0621759,0.0000126
61115,2026-03-16,I,0.0616008,0.0000112
61116,2026-03-17,I,0.0608239,0.0000091
61117,2026-03-18,I,0.0598381,0.0000075
61118,2026-03-19,I,0.0586914,0.0000110
61119,2026-03-20,I,0.0575069,0.0000121
61120,2026-03-21,I,0.0564633,0.0000157
61121,2026-03-22,I,0.0556372,0.0000126
61122,2026-03-23,I,0.0551638,0.0000133
61123,2026-03-24,I,0.0549352,0.0000153
61124,2026-03-25,I,0.0549062,0.0000116
61125,2026-03-26,I,0.0548400,0.0000100
61126,2026-03-27,I,0.0546936,0.0000096
61127,2026-03-28,I,0.0543316,0.0000185
61128,2026-03-29,I,0.0536879,0.0000128
61129,2026-03-30,I,0.0528349,0.0000127
61130,2026-03-31,I,0.0519296,0.0000098
61131,2026-04-01,I,0.0509688,0.0000101
61132,2026-04-02,I,0.0500293,0.0000112
61133,2026-04-03,I,0.0491948,0.0000099
61134,2026-04-04,I,0.0485652,0.0000101
61135,2026-04-05,I,0.0481384,0.0000101
61136,2026-04-06,I,0.0479249,0.0000118
61137,2026-04-07,I,0.0478031,0.0000113
61138,2026-04-08,I,0.0477546,0.0000091
61139,2026-04-09,I,0.0477033,0.0000094
61140,2026-04-10,I,0.0475829,0.0000105
61141,2026-04-11,I,0.0472923,0.0000103
61142,2026-04-12,I,0.0468334,0.0000101
61143,2026-04-13,I,0.0461226,0.0000093
61144,2026-04-14,I,0.0452246,0.0000093
61145,2026-04-15,I,0.0440889,0.0000071
61146,2026-04-16,I,0.0428453,0.0000087
61147,2026-04-17,I,0.0415946,0.0000110
61148,2026-04-18,I,0.0405424,0.0000129
61149,2026-04-19,I,0.0397724,0.0000122
61150,2026-04-20,I,0.0392793,0.0000123
61151,2026-04-21,I,0.0389978,0.0000152
61152,2026-04-22,I,0.0388375,0.0000108
61153,2026-04-23,I,0.0386405,0.0000106
61154,2026-04-24,I,0.0383143,0.0000119
61155,2026-04-25,I,0.0377857,0.0000128
61156,2026-04-26,I,0.0370732,0.0000129
61157,2026-04-27,I,0.0362002,0.0000101
61158,2026-04-28,I,0.0352408,0.0000100
61159,2026-04-29,I,0.0343501,0.0000068
61160,2026-04-30,I,0.0335534,0.0000076
61161,2026-05-01,I,0.0329215,0.0000104
61162,2026-05-02,I,0.0324955,0.0000105
61163,2026-05-03,I,0.0322357,0.0000121
61164,2026-05-04,I,0.0320584,0.0000145
61165,2026-05-05,I,0.0320895,0.0000149
61166,2026-05-06,I,0.0321115,0.0000109
61167,2026-05-07,I,0.0321700,0.0000097
61168,2026-05-08,I,0.0321979,0.0000114
61169,2026-05-09,I,0.0320529,0.0000121
61170,2026-05-10,I,0.0316959,0.0000103
61171,2026-05-11,I,0.0309684,0.0000103
61172,2026-05-12,I,0.0301508,0.0000123
61173,2026-05-13,I,0.0291745,0.0000097
61174,2026-05-14,I,0.0281261,0.0000111
61175,2026-05-15,I,0.0271589,0.0000127
61176,2026-05-16,I,0.0263847,0.0000163
61177,2026-05-17,I,0.0259097,0.0000141
61178,2026-05-18,I,0.0256977,0.0000143
61179,2026-05-19,I,0.0256097,0.0000162
61180,2026-05-20,I,0.0255248,0.0000121
61181,2026-05-21,I,0.0252285,0.0000114
61182,2026-05-22,I,0.0246431,0.0000121
61183,2026-05-23,I,0.0237511,0.0000142
61184,2026-05-24,I,0.0227533,0.0000139
61185,2026-05-25,I,0.0216856,0.0000108
61186,2026-05-26,I,0.0207021,0.0000125
61187,2026-05-27,I,0.0198499,0.0000109
61188,2026-05-28,I,0.0190563,0.0000107
61189,2026-05-29,I,0.0185125,0.0000121
61190,2026-05-30,I,0.0180593,0.0000128
61191,2026-05-31,I,0.0178134,0.0000144
61192,2026-06-01,I,0.0177647,0.0000138
61193,2026-06-02,I,0.0177750,0.0000159
61194,2026-06-03,I,0.0178102,0.0000140
61195,2026-06-04,I,0.0177402,0.0000145
61196,2026-06-05,I,0.0175060,0.0000151
61197,2026-06-06,I,0.0170453,0.0000191
61198,2026-06-07,I,0.0164206,0.0000158
61199,2026-06-08,I,0.0156322,0.0000153
61200,2026-06-09,I,0.0147523,0.0000164
61201,2026-06-10,I,0.0138070,0.0000121
61202,2026-06-11,I,0.0129129,0.0000112
61203,2026-06-12,I,0.0122402,0.0000105
61204,2026-06-13,I,0.0118527,0.0000113
61205,2026-06-14,I,0.0117621,0.0000115
61206,2026-06-15,I,0.0119162,0.0000115
61207,2026-06-16,I,0.0121283,0.0000143
61208,2026-06-17,I,0.0122963,0.0000126
61209,2026-06-18,I,0.0123322,0.0000127
61210,2026-06-19,I,0.0122362,0.0000139
61211,2026-06-20,I,0.0120035,0.0000183
61212,2026-06-21,I,0.0116496,0.0000152
61213,2026-06-22,I,0.0113317,0.0000143
61214,2026-06-23,I,0.0111436,0.0000162
61215,2026-06-24,I,0.0111493,0.0000153
61216,2026-06-25,I,0.0112704,0.0000148
61217,2026-06-26,I,0.0116208,0.0000133
61218,2026-06-27,I,0.0120896,0.0000185
61219,2026-06-28,I,0.0126975,0.0000133
61220,2026-06-29,I,0.0133605,0.0000128
61221,2026-06-30,I,0.0139777,0.0000129
61222,2026-07-01,I,0.0145170,0.0000109
61223,2026-07-02,I,0.0148549,0.0000107
61224,2026-07-03,I,0.0148931,0.0000117
61225,2026-07-04,I,0.0146859,0.0000205
61226,2026-07-05,I,0.0142242,0.0000157
61227,2026-07-06,I,0.0136302,0.0000153
61228,2026-07-07,I,0.0129107,0.0000165
61229,2026-07-08,I,0.0122666,0.0000165
61230,2026-07-09,I,0.0116398,0.0000155
61231,2026-07-10,I,0.0113444,0.0000142
61232,2026-07-11,I,0.0112521,0.0000162
61233,2026-07-12,I,0.0114143,0.0000134
61234,2026-07-13,I,0.0116448,0.0000131
61235,2026-07-14,I,0.0118271,0.0000136
61236,2026-07-15,I,0.0118111,0.0000128
61237,2026-07-16,I,0.0115424,0.0000137
61238,2026-07-17,I,0.0110702,0.0000144
61239,2026-07-18,I,0.0104558,0.0000169
61240,2026-07-19,I,0.0098755,0.0000159
61241,2026-07-20,I,0.0094330,0.0000150
61242,2026-07-21,I,0.0092048,0.0000160
61243,2026-07-22,I,0.0092115,0.0000099
61244,2026-07-23,I,0.0093717,0.0000105
61245,2026-07-24,I,0.0097464,0.0000115
61246,2026-07-25,I,0.0102797,0.0000121
61247,2026-07-26,I,0.0108885,0.0000109
61248,2026-07-27,I,0.0115751,0.0000108
61249,2026-07-28,I,0.0121805,0.0000152
61250,2026-07-29,I,0.0126824,0.0000120
61251,2026-07-30,I,0.0129625,0.0000121
61252,2026-07-31,I,0.0129404,0.0000133
61253,2026-08-01,I,0.0127090,0.0000180
61254,2026-08-02,I,0.0122625,0.0000154
61255,2026-08-03,I,0.0117558,0.0000138
61256,2026-08-04,I,0.0112625,0.0000178
61257,2026-08-05,I,0.0108215,0.0000125
61258,2026-08-06,I,0.0105945,0.0000125
61259,2026-08-07,I,0.0105570,0.0000121
61260,2026-08-08,I,0.0107383,0.0000130
61261,2026-08-09,I,0.0110857,0.0000113
61262,2026-08-10,I,0.0114643,0.0000102
61263,2026-08-11,I,0.0117132,0.0000126
61264,2026-08-12,I,0.0116193,0.0000108
61265,2026-08-13,I,0.0111490,0.0000096
61266,2026-08-14,I,0.0103867,0.0000096
61267,2026-08-15,I,0.0094475,0.0000112
61268,2026-08-16,I,0.0085002,0.0000098
61269,2026-08-17,I,0.0077271,0.0000119
61270,2026-08-18,I,0.0071952,0.0000124
61271,2026-08-19,I,0.0068897,0.0000095
61272,2026-08-20,I,0.0067346,0.0000116
61273,2026-08-21,I,0.0067862,0.0000124
61274,2026-08-22,I,0.0068563,0.0000144
61275,2026-08-23,I,0.0069868,0.0000110
61276,2026-08-24,I,0.0070912,0.0000110
61277,2026-08-25,I,0.0070606,0.0000130
61278,2026-08-26,I,0.0068941,0.0000105
61279,2026-08-27,I,0.0064877,0.0000132
61280,2026-08-28,I,0.0059021,0.0000148
61281,2026-08-29,I,0.0050754,0.0000196
61282,2026-08-30,I,0.0041645,0.0000160
61283,2026-08-31,I,0.0032721,0.0000162
61284,2026-09-01,I,0.0024173,0.0000165
61285,2026-09-02,I,0.0017225,0.0000135
61286,2026-09-03,I,0.0012166,0.0000121
61287,2026-09-04,I,0.0009458,0.0000123
61288,2026-09-05,I,0.0009212,0.0000164
61289,2026-09-06,I,0.0008854,0.0000161
61290,2026-09-07,I,0.0006878,0.0000181
61291,2026-09-08,I,0.0002138,0.0000202
61292,2026-09-09,I,-0.0005068,0.0000252
61293,2026-09-10,I,-0.0015218,0.0000249
61294,2026-09-11,I,-0.0026654,0.0000244
61295,2026-09-12,I,-0.0038602,0.0000264
61296,2026-09-13,I,-0.0050574,0.0000262
61297,2026-09-14,I,-0.0061769,0.0000273
61298,2026-09-15,I,-0.0071236,0.0000242
61299,2026-09-16,I,-0.0078844,0.0000260
61300,2026-09-17,I,-0.0086337,0.0000267
61301,2026-09-18,P,-0.0091919,0.0001080
61302,2026-09-19,P,-0.0097070,0.0002041
61303,2026-09-20,P,-0.0102799,0.0003028
61304,2026-09-21,P,-0.0109374,0.0004021
61305,2026-09-22,P,-0.0117110,0.0005017
61306,2026-09-23,P,-0.0126516,0.0006014
61307,2026-09-24,P,-0.0137888,0.0007012
61308,2026-09-25,P,-0.0151359,0.0007500
61309,2026-09-26,P,-0.0166758,0.0005500
61310,2026-09-27,P,-0.0183586,0.0007548
61311,2026-09-28,P,-0.0200682,0.0009344
61312,2026-09-29,P,-0.0216411,0.0010994
61313,2026-09-30,P,-0.0229855,0.0012543
61314,2026-10-01,P,-0.0240469,0.0014016
61315,2026-10-02,P,-0.0248735,0.0015429
61316,2026-10-03,P,-0.0255865,0.0016792
61317,2026-10-04,P,-0.0263391,0.0018113
61318,2026-10-05,P,-0.0272457,0.0019399
61319,2026-10-06,P,-0.0283711,0.0020652
61320,2026-10-07,P,-0.0297402,0.0021877
61321,2026-10-08,P,-0.0312958,0.0023077
61322,2026-10-09,P,-0.0329457,0.0024255
61323,2026-10-10,P,-0.0345822,0.0025411
61324,2026-10-11,P,-0.0361061,0.0026548
61325,2026-10-12,P,-0.0374489,0.0027668
61326,2026-10-13,P,-0.0385825,0.0028772
61327,2026-10-14,P,-0.0395149,0.0029860
61328,2026-10-15,P,-0.0402898,0.0030934
61329,2026-10-16,P,-0.0409788,0.0031995
61330,2026-10-17,P,-0.0416509,0.0033043
61331,2026-10-18,P,-0.0423701,0.0034080
61332,2026-10-19,P,-0.0432034,0.0035105
61333,2026-10-20,P,-0.0442150,0.0036120
61334,2026-10-21,P,-0.0454424,0.0037124
61335,2026-10-22,P,-0.0468938,0.0038119
61336,2026-10-23,P,-0.0485432,0.0039105
61337,2026-10-24,P,-0.0503174,0.0040082
61338,2026-10-25,P,-0.0521026,0.0041051
61339,2026-10-26,P,-0.0537741,0.0042012
61340,2026-10-27,P,-0.0552284,0.0042965
61341,2026-10-28,P,-0.0564189,0.0043911
61342,2026-10-29,P,-0.0573789,0.0044849
61343,2026-10-30,P,-0.0582180,0.0045781
61344,2026-10-31,P,-0.0590791,0.0046706
61345,2026-11-01,P,-0.0600890,0.0047625
61346,2026-11-02,P,-0.0613223,0.0048537
61347,2026-11-03,P,-0.0627893,0.0049444
61348,2026-11-04,P,-0.0644441,0.0050344
61349,2026-11-05,P,-0.0661993,0.0051240
61350,2026-11-06,P,-0.0679518,0.0052129
61351,2026-11-07,P,-0.0696009,0.0053014
61352,2026-11-08,P,-0.0710672,0.0053893
61353,2026-11-09,P,-0.0723083,0.0054768
61354,2026-11-10,P,-0.0733202,0.0055637
61355,2026-11-11,P,-0.0741327,0.0056502
61356,2026-11-12,P,-0.0748018,0.0057362
61357,2026-11-13,P,-0.0754012,0.0058218
61358,2026-11-14,P,-0.0760093,0.0059070
61359,2026-11-15,P,-0.0767028,0.0059917
61360,2026-11-16,P,-0.0775415,0.0060760
61361,2026-11-17,P,-0.0785659,0.0061599
61362,2026-11-18,P,-0.0797935,0.0062434
61363,2026-11-19,P,-0.0812128,0.0063266
61364,2026-11-20,P,-0.0827799,0.0064093
61365,2026-11-21,P,-0.0844112,0.0064917
61366,2026-11-22,P,-0.0859932,0.0065737
61367,2026-11-23,P,-0.0874122,0.0066554
61368,2026-11-24,P,-0.0885905,0.0067368
61369,2026-11-25,P,-0.0895182,0.0068177
61370,2026-11-26,P,-0.0902686,0.0068984
61371,2026-11-27,P,-0.0909772,0.0069788
61372,2026-11-28,P,-0.0917852,0.0070588
61373,2026-11-29,P,-0.0927888,0.0071385
61374,2026-11-30,P,-0.0940137,0.0072179
61375,2026-12-01,P,-0.0954132,0.0072970
61376,2026-12-02,P,-0.0968924,0.0073758
61377,2026-12-03,P,-0.0983446,0.0074544
61378,2026-12-04,P,-0.0996757,0.0075326
61379,2026-12-05,P,-0.1008182,0.0076106
61380,2026-12-06,P,-0.1017382,0.0076883
61381,2026-12-07,P,-0.1024312,0.0077657
61382,2026-12-08,P,-0.1029191,0.0078428
61383,2026-12-09,P,-0.1032507,0.0079197
61384,2026-12-10,P,-0.1034930,0.0079964
61385,2026-12-11,P,-0.1037206,0.0080728
61386,2026-12-12,P,-0.1040059,0.0081489
61387,2026-12-13,P,-0.1044089,0.0082248
61388,2026-12-14,P,-0.1049695,0.0083005
61389,2026-12-15,P,-0.1057038,0.0083759
61390,2026-12-16,P,-0.1066032,0.0084511
61391,2026-12-17,P,-0.1076329,0.0085261
61392,2026-12-18,P,-0.1087315,0.0086008
61393,2026-12-19,P,-0.1098111,0.0086754
61394,2026-12-20,P,-0.1107704,0.0087497
61395,2026-12-21,P,-0.1115216,0.0088237
61396,2026-12-22,P,-0.1120278,0.0088976
61397,2026-12-23,P,-0.1123262,0.0089713
61398,2026-12-24,P,-0.1125279,0.0090448
61399,2026-12-25,P,-0.1127836,0.0091180
61400,2026-12-26,P,-0.1132240,0.0091911
61401,2026-12-27,P,-0.1139121,0.0092639
61402,2026-12-28,P,-0.1148236,0.0093366
61403,2026-12-29,P,-0.1158636,0.0094091
61404,2026-12-30,P,-0.1169065,0.0094814
61405,2026-12-31,P,-0.1178383,0.0095535
61406,2027-01-01,P,-0.1185821,0.0096254
61407,2027-01-02,P,-0.1191005,0.0096971
61408,2027-01-03,P,-0.1193929,0.0097686
61409,2027-01-04,P,-0.1196760,0.0098400
61410,2027-01-05,P,-0.1198060,0.0099112
61411,2027-01-06,P,-0.1198460,0.0099822
61412,2027-01-07,P,-0.1198684,0.0100531
61413,2027-01-08,P,-0.1199466,0.0101238
61414,2027-01-09,P,-0.1201437,0.0101943
61415,2027-01-10,P,-0.1205036,0.0102646
61416,2027-01-11,P,-0.1210455,0.0103348
61417,2027-01-12,P,-0.1217607,0.0104048
61418,2027-01-13,P,-0.1226141,0.0104747
61419,2027-01-14,P,-0.1235480,0.0105444
61420,2027-01-15,P,-0.1244859,0.0106139
61421,2027-01-16,P,-0.1253428,0.0106833
61422,2027-01-17,P,-0.1260405,0.0107526
61423,2027-01-18,P,-0.1265321,0.0108216
61424,2027-01-19,P,-0.1268271,0.0108906
61425,2027-01-20,P,-0.1270040,0.0109594
61426,2027-01-21,P,-0.1271962,0.0110280
61427,2027-01-22,P,-0.1275501,0.0110965
61428,2027-01-23,P,-0.1281703,0.0111649
61429,2027-01-24,P,-0.1290771,0.0112331
61430,2027-01-25,P,-0.1302000,0.0113012
61431,2027-01-26,P,-0.1314060,0.0113691
61432,2027-01-27,P,-0.1325504,0.0114369
61433,2027-01-28,P,-0.1335209,0.0115046
61434,2027-01-29,P,-0.1342584,0.0115721
61435,2027-01-30,P,-0.1347544,0.0116395
61436,2027-01-31,P,-0.1350366,0.0117067
61437,2027-02-01,P,-0.1351545,0.0117739
61438,2027-02-02,P,-0.1351719,0.0118409
61439,2027-02-03,P,-0.1351608,0.0119077
61440,2027-02-04,P,-0.1351962,0.0119745
61441,2027-02-05,P,-0.1353468,0.0120411
61442,2027-02-06,P,-0.1356649,0.0121076
61443,2027-02-07,P,-0.1361779,0.0121740
61444,2027-02-08,P,-0.1368833,0.0122402
61445,2027-02-09,P,-0.1377482,0.0123063
61446,2027-02-10,P,-0.1387123,0.0123723
61447,2027-02-11,P,-0.1396962,0.0124382
61448,2027-02-12,P,-0.1406143,0.0125040
61449,2027-02-13,P,-0.1413897,0.0125696
61450,2027-02-14,P,-0.1419740,0.0126352
61451,2027-02-15,P,-0.1423657,0.0127006
61452,2027-02-16,P,-0.1426215,0.0127659
61453,2027-02-17,P,-0.1428524,0.0128311
61454,2027-02-18,P,-0.1431974,0.0128962
61455,2027-02-19,P,-0.1437814,0.0129612
61456,2027-02-20,P,-0.1446689,0.0130260
61457,2027-02-21,P,-0.1458368,0.0130908
61458,2027-02-22,P,-0.1471800,0.0131554
61459,2027-02-23,P,-0.1485490,0.0132199
61460,2027-02-24,P,-0.1498003,0.0132844
61461,2027-02-25,P,-0.1508354,0.0133487
61462,2027-02-26,P,-0.1516170,0.0134129
61463,2027-02-27,P,-0.1521602,0.0134770
61464,2027-02-28,P,-0.1525133,0.0135410
61465,2027-03-01,P,-0.1527425,0.0136050
61466,2027-03-02,P,-0.1529219,0.0136688
61467,2027-03-03,P,-0.1531280,0.0137325
61468,2027-03-04,P,-0.1534332,0.0137961
61469,2027-03-05,P,-0.1538974,0.0138596
61470,2027-03-06,P,-0.1545596,0.0139230
61471,2027-03-07,P,-0.1554298,0.0139863
61472,2027-03-08,P,-0.1564864,0.0140495
61473,2027-03-09,P,-0.1576753,0.0141127
61474,2027-03-10,P,-0.1589169,0.0141757
61475,2027-03-11,P,-0.1601194,0.0142386
61476,2027-03-12,P,-0.1611973,0.0143014
61477,2027-03-13,P,-0.1620947,0.0143642
61478,2027-03-14,P,-0.1628031,0.0144268
61479,2027-03-15,P,-0.1633703,0.0144894
61480,2027-03-16,P,-0.1638950,0.0145519
61481,2027-03-17,P,-0.1645060,0.0146142
61482,2027-03-18,P,-0.1653308,0.0146765
61483,2027-03-19,P,-0.1664587,0.0147387
61484,2027-03-20,P,-0.1679096,0.0148008
61485,2027-03-21,P,-0.1696244,0.0148629
61486,2027-03-22,P,-0.1714791,0.0149248
61487,2027-03-23,P,-0.1733220,0.0149867
61488,2027-03-24,P,-0.1750149,0.0150484
61489,2027-03-25,P,-0.1764634,0.0151101
61490,2027-03-26,P,-0.1776255,0.0151717
61491,2027-03-27,P,-0.1785057,0.0152332
61492,2027-03-28,P,-0.1791425,0.0152946
61493,2027-03-29,P,-0.1795996,0.0153560
61494,2027-03-30,P,-0.1799579,0.0154172
61495,2027-03-31,P,-0.1803046,0.0154784
61496,2027-04-01,P,-0.1807188,0.0155395
61497,2027-04-02,P,-0.1812597,0.0156005
61498,2027-04-03,P,-0.1819576,0.0156614
61499,2027-04-04,P,-0.1828115,0.0157223
61500,2027-04-05,P,-0.1837874,0.0157831
61501,2027-04-06,P,-0.1848213,0.0158438
61502,2027-04-07,P,-0.1858275,0.0159044
61503,2027-04-08,P,-0.1867155,0.0159649
61504,2027-04-09,P,-0.1874152,0.0160254
61505,2027-04-10,P,-0.1879006,0.0160858
61506,2027-04-11,P,-0.1882028,0.0161461
61507,2027-04-12,P,-0.1884029,0.0162063
61508,2027-04-13,P,-0.1886091,0.0162665
61509,2027-04-14,P,-0.1889261,0.0163265
61510,2027-04-15,P,-0.1894276,0.0163866
61511,2027-04-16,P,-0.1901378,0.0164465
61512,2027-04-17,P,-0.1910245,0.0165063
61513,2027-04-18,P,-0.1920039,0.0165661
61514,2027-04-19,P,-0.1929550,0.0166258
61515,2027-04-20,P,-0.1937496,0.0166855
61516,2027-04-21,P,-0.1942958,0.0167451
61517,2027-04-22,P,-0.1945636,0.0168046
61518,2027-04-23,P,-0.1945784,0.0168640
61519,2027-04-24,P,-0.1944033,0.0169233
61520,2027-04-25,P,-0.1941399,0.0169826
61521,2027-04-26,P,-0.1939025,0.0170419
61522,2027-04-27,P,-0.1937317,0.0171010
61523,2027-04-28,P,-0.1936195,0.0171601
61524,2027-04-29,P,-0.1935823,0.0172191
61525,2027-04-30,P,-0.1937182,0.0172780
61526,2027-05-01,P,-0.1939937,0.0173369
61527,2027-05-02,P,-0.1944523,0.0173957
61528,2027-05-03,P,-0.1949738,0.0174545
61529,2027-05-04,P,-0.1954401,0.0175131
61530,2027-05-05,P,-0.1958244,0.0175718
61531,2027-05-06,P,-0.1960448,0.0176303
61532,2027-05-07,P,-0.1960873,0.0176888
61533,2027-05-08,P,-0.1959077,0.0177472
61534,2027-05-09,P,-0.1956453,0.0178055
61535,2027-05-10,P,-0.1953286,0.0178638
61536,2027-05-11,P,-0.1951554,0.0179220
61537,2027-05-12,P,-0.1951764,0.0179802
61538,2027-05-13,P,-0.1954734,0.0180383
61539,2027-05-14,P,-0.1959983,0.0180963
61540,2027-05-15,P,-0.1966537,0.0181543
61541,2027-05-16,P,-0.1973706,0.0182122
61542,2027-05-17,P,-0.1980164,0.0182700
61543,2027-05-18,P,-0.1984761,0.0183278
61544,2027-05-19,P,-0.1987626,0.0183855
61545,2027-05-20,P,-0.1987554,0.0184432
61546,2027-05-21,P,-0.1986059,0.0185008
61547,2027-05-22,P,-0.1982484,0.0185583
61548,2027-05-23,P,-0.1978883,0.0186158
61549,2027-05-24,P,-0.1974732,0.0186732
61550,2027-05-25,P,-0.1971126,0.0187306
61551,2027-05-26,P,-0.1968468,0.0187879
61552,2027-05-27,P,-0.1967563,0.0188451
61553,2027-05-28,P,-0.1968968,0.0189023
61554,2027-05-29,P,-0.1970994,0.0189594
61555,2027-05-30,P,-0.1973557,0.0190165
61556,2027-05-31,P,-0.1975903,0.0190735
61557,2027-06-01,P,-0.1977586,0.0191305
61558,2027-06-02,P,-0.1977413,0.0191874
61559,2027-06-03,P,-0.1974754,0.0192442
61560,2027-06-04,P,-0.1970045,0.0193010
61561,2027-06-05,P,-0.1963835,0.0193577
61562,2027-06-06,P,-0.1956880,0.0194144
61563,2027-06-07,P,-0.1951101,0.0194710
61564,2027-06-08,P,-0.1946716,0.0195276
61565,2027-06-09,P,-0.1944852,0.0195841
61566,2027-06-10,P,-0.1945745,0.0196405
61567,2027-06-11,P,-0.1948058,0.0196969
61568,2027-06-12,P,-0.1950940,0.0197532
61569,2027-06-13,P,-0.1953063,0.0198095
61570,2027-06-14,P,-0.1953938,0.0198658
61571,2027-06-15,P,-0.1952282,0.0199219
61572,2027-06-16,P,-0.1948383,0.0199781
61573,2027-06-17,P,-0.1941814,0.0200341
61574,2027-06-18,P,-0.1933631,0.0200902
61575,2027-06-19,P,-0.1924832,0.0201461
61576,2027-06-20,P,-0.1915642,0.0202021
61577,2027-06-21,P,-0.1906328,0.0202579
61578,2027-06-22,P,-0.1897512,0.0203137
61579,2027-06-23,P,-0.1890027,0.0203695
61580,2027-06-24,P,-0.1884608,0.0204252
61581,2027-06-25,P,-0.1880698,0.0204809
61582,2027-06-26,P,-0.1877728,0.0205365
61583,2027-06-27,P,-0.1875464,0.0205920
61584,2027-06-28,P,-0.1872152,0.0206475
61585,2027-06-29,P,-0.1867845,0.0207030
61586,2027-06-30,P,-0.1861190,0.0207584
61587,2027-07-01,P,-0.1852557,0.0208138
61588,2027-07-02,P,-0.1842371,0.0208691
61589,2027-07-03,P,-0.1830534,0.0209243
61590,2027-07-04,P,-0.1819715,0.0209795
61591,2027-07-05,P,-0.1810475,0.0210347
61592,2027-07-06,P,-0.1803551,0.0210898
61593,2027-07-07,P,-0.1799448,0.0211449
61594,2027-07-08,P,-0.1797076,0.0211999
61595,2027-07-09,P,-0.1795059,0.0212548
61596,2027-07-10,P,-0.1792733,0.0213098
61597,2027-07-11,P,-0.1789360,0.0213646
61598,2027-07-12,P,-0.1784302,0.0214195
61599,2027-07-13,P,-0.1776623,0.0214742
61600,2027-07-14,P,-0.1766331,0.0215290
61601,2027-07-15,P,-0.1754447,0.0215837
61602,2027-07-16,P,-0.1742095,0.0216383
61603,2027-07-17,P,-0.1729918,0.0216929
61604,2027-07-18,P,-0.1718982,0.0217474
61605,2027-07-19,P,-0.1708764,0.0218019
61606,2027-07-20,P,-0.1700696,0.0218564
61607,2027-07-21,P,-0.1694356,0.0219108
61608,2027-07-22,P,-0.1689977,0.0219652
61609,2027-07-23,P,-0.1687139,0.0220195
61610,2027-07-24,P,-0.1684871,0.0220738
61611,2027-07-25,P,-0.1682449,0.0221280
61612,2027-07-26,P,-0.1678488,0.0221822
61613,2027-07-27,P,-0.1672855,0.0222363
61614,2027-07-28,P,-0.1665032,0.0222904
61615,2027-07-29,P,-0.1655533,0.0223444
61616,2027-07-30,P,-0.1644708,0.0223985
61617,2027-07-31,P,-0.1633441,0.0224524
61618,2027-08-01,P,-0.1623328,0.0225063
61619,2027-08-02,P,-0.1615002,0.0225602
61620,2027-08-03,P,-0.1610153,0.0226140
61621,2027-08-04,P,-0.1608385,0.0226678
61622,2027-08-05,P,-0.1608818,0.0227216
61623,2027-08-06,P,-0.1609636,0.0227753
61624,2027-08-07,P,-0.1608181,0.0228290
61625,2027-08-08,P,-0.1604201,0.0228826
61626,2027-08-09,P,-0.1598473,0.0229362
61627,2027-08-10,P,-0.1590006,0.0229897
61628,2027-08-11,P,-0.1579469,0.0230432
61629,2027-08-12,P,-0.1567732,0.0230966
61630,2027-08-13,P,-0.1555989,0.0231500
61631,2027-08-14,P,-0.1544196,0.0232034
61632,2027-08-15,P,-0.1533530,0.0232567
61633,2027-08-16,P,-0.1524706,0.0233100
61634,2027-08-17,P,-0.1517556,0.0233633
61635,2027-08-18,P,-0.1511925,0.0234165
61636,2027-08-19,P,-0.1508395,0.0234697
61637,2027-08-20,P,-0.1506441,0.0235228
61638,2027-08-21,P,-0.1504440,0.0235759
61639,2027-08-22,P,-0.1502008,0.0236289
61640,2027-08-23,P,-0.1497774,0.0236819
61641,2027-08-24,P,-0.1491425,0.0237349
61642,2027-08-25,P,-0.1483647,0.0237878
61643,2027-08-26,P,-0.1475052,0.0238407
61644,2027-08-27,P,-0.1465381,0.0238935
61645,2027-08-28,P,-0.1457465,0.0239463
61646,2027-08-29,P,-0.1450192,0.0239991
61647,2027-08-30,P,-0.1445047,0.0240518
61648,2027-08-31,P,-0.1442805,0.0241045
61649,2027-09-01,P,-0.1442798,0.0241572
61650,2027-09-02,P,-0.1443187,0.0242098
61651,2027-09-03,P,-0.1442568,0.0242624
61652,2027-09-04,P,-0.1439382,0.0243149
61653,2027-09-05,P,-0.1433039,0.0243674
61654,2027-09-06,P,-0.1423760,0.0244199
61655,2027-09-07,P,-0.1412784,0.0244723
61656,2027-09-08,P,-0.1400634,0.0245247
61657,2027-09-09,P,-0.1388400,0.0245770
61658,2027-09-10,P,-0.1376529,0.0246293
61659,2027-09-11,P,-0.1366158,0.0246816
61660,2027-09-12,P,-0.1357425,0.0247338
61661,2027-09-13,P,-0.1350013,0.0247860
61662,2027-09-14,P,-0.1344658,0.0248382
61663,2027-09-15,P,-0.1341739,0.0248903
61664,2027-09-16,P,-0.1340817,0.0249424
61665,2027-09-17,P,-0.1340501,0.0249945
61666,2027-09-18,P,-0.1340714,0.0250465
61667,2027-09-19,P,-0.1340365,0.0250985
61668,2027-09-20,P,-0.1337293,0.0251504
61669,2027-09-21,P,-0.1332872,0.0252023
61670,2027-09-22,P,-0.1327475,0.0252542
61671,2027-09-23,P,-0.1321447,0.0253060
61672,2027-09-24,P,-0.1316964,0.0253578
61673,2027-09-25,P,-0.1313246,0.0254096
